OG0001698.26	OG0000027.457	OG0001566.2	OG0001643.24
nan	nan	nan	nan
OG0001139.24	OG0000681.0
nan	nan
OG0002309.26	OG0000298.0	OG0002438.24
1.2466270000000002	4.6242980000000005	0.7654584
OG0013493.0	OG0005870.0
1.9728240000000001	nan
OG0015286.0
2.164749
OG0013565.5
8.071701
OG0007439.0
2.210239
OG0009965.0
3.349905


OG0008559.4
170.2615


OG0003958.0	OG0004892.3
1.283756	189.2282
OG0000419.1	OG0007984.6	OG0014529.2
17.71953	4.608425	nan
OG0010017.0	OG0014804.6
nan	8.001421
OG0001032.24	OG0000246.0
nan	nan
OG0000895.1	OG0011911.0
nan	1.805567
OG0001520.24	OG0000835.7	OG0006291.0
1.308589	0.9340764000000001	26.232409999999998
OG0008444.0
1.9647860000000001
OG0000258.1
20.30692
OG0018155.0	OG0018016.0	OG0007327.2
2.186154	8.090468	4.631814
OG0005696.4	OG0003006.0	OG0001368.24
2.84135	1.594075	nan
OG0003899.0
0.5815083000000001
OG0007511.2	OG0007317.4	OG0006017.0	OG0001896.13
nan	4.62594	28.026159999999997	3.766006
OG0002777.4	OG0005160.1	OG0004478.4
13.95474	0.6015808000000001	5.527938
OG0003089.5	OG0000660.14
16.59338	4.726062000000001
OG0009287.0	OG0000863.32
4.667433	nan
OG0006522.0
211.6506
OG0017941.0	OG0005700.0
1.6291790000000002	1.236653
OG0012663.4
1.1724729999999999
OG0003683.0	OG0005997.6	OG0002288.14
44.989129999999996	2.417951	0.24812089999999998
OG0001472.0	OG0009078.0
nan	nan
OG0003203.2
26.239959999999996
OG0006113.2
0.567818
OG0005536.1	OG0000921.32	OG0000779.1	OG0007436.0	OG0005190.4
4.811829	7.970646	14.02145	2.602032	2.5168060000000003
OG0001442.1
nan
OG0010518.2
0.4851568
OG0000896.1	OG0002828.24
nan	170.3373
OG0004869.12
3.1409740000000004
OG0007131.0	OG0002519.0
1.114162	1.0312700000000001
OG0007017.0	OG0007021.0	OG0002653.5	OG0002608.1
224.033	213.9539	0.9296796	0.6001164999999999
OG0005845.2	OG0002332.0	OG0006011.0	OG0006642.0
4.22853	nan	26.456999999999997	nan
OG0010504.6
1.185389
OG0008512.0	OG0001064.24
1.192854	nan
OG0005378.12	OG0005991.0	OG0005120.26
212.2234	13.881120000000001	3.669178
OG0003783.0	OG0012766.4
21.63523	3.210654
OG0017034.0
1.597572
OG0008919.0	OG0006020.0	OG0002725.11	OG0000435.0	OG0003672.0
3.305367	25.872989999999998	5.502185	1.409416	46.85738
OG0009152.1	OG0005693.0
5.320775	2.85122
OG0012227.0	OG0011146.2
1.555233	0.8004238
OG0010885.0
3.130933
OG0020516.0	OG0002836.4	OG0016162.0
0.9778698	4.581283	4.715157
OG0009905.0	OG0002777.4
1.3086790000000001	13.95474
OG0017903.2	OG0003140.0
1.725481	226.7565
OG0012686.0	OG0014708.6
7.24574	8.085707000000001
OG0012773.4	OG0004793.6
0.7784641	1.185724
OG0001944.0	OG0008347.0	OG0014704.4	OG0005534.0
nan	3.5678160000000005	7.987781	45.30193


OG0012201.0	OG0001829.22	OG0006655.0
4.749785	nan	214.0064
OG0002734.0
19.344
OG0011484.2	OG0005291.6	OG0001802.4
1.396356	2.083201	nan
OG0001253.24
nan
OG0004403.16	OG0002181.0
1.73498	0.9267799000000001
OG0005125.6	OG0000325.0	OG0005221.0
213.2193	nan	3.691175
OG0008496.8	OG0003605.0
2.424329	1.452223
OG0005334.0
nan
OG0000061.0	OG0007677.15	OG0000656.0
1.095665	3.269319	4.942446
OG0007260.0
3.44633
OG0002611.0	OG0010535.9
5.207388	8.026291
OG0005457.0	OG0000368.4
3.7882190000000002	3.733476
OG0013642.0
2.6783770000000002
OG0002361.0	OG0003018.18	OG0001604.2
9.105516999999999	45.214620000000004	13.83036


OG0007320.10	OG0005915.2	OG0004461.4	OG0002412.0
4.603475	2.357712	9.483362	10.36342
OG0007034.0
5.521761
OG0001068.1	OG0002929.0	OG0008759.0
nan	0.609236	1.663534
OG0012908.0
2.085582
OG0012251.0	OG0003553.40	OG0008986.4
3.019918	nan	2.068571
OG0007923.2
8.274288
OG0010083.0
5.31945
OG0007165.4
4.250237
OG0014599.0	OG0016222.4	OG0001934.0	OG0000368.4
2.976203	6.416762	nan	3.733476
OG0001486.1	OG0001436.24	OG0007550.0
nan	nan	2.5120669999999996
OG0002804.2	OG0001503.3	OG0006481.0	OG0006622.0
1.332547	219.2463	2.187592	nan
OG0001094.26	OG0004265.0
nan	117.2966
OG0006871.4	OG0002177.28
3.9515050000000005	1.530561
OG0006453.1
2.726789
OG0003265.0
4.049844


OG0003494.6	OG0005583.0	OG0004945.0	OG0020465.0
13.329820000000002	44.80673	1.0136379999999998	3.3532870000000004


OG0017920.2	OG0003961.0	OG0002766.0
3.131582	5.544085	22.2761
OG0000233.3	OG0013863.2
3.7839519999999998	2.963756
OG0005422.0	OG0001908.2
7.630961999999999	2.736157
OG0001605.28	OG0006382.15
20.23655	222.766
OG0003477.0	OG0000048.382	OG0013886.0
45.054970000000004	57.28925	nan
OG0005245.10	OG0014150.2
6.763924	1.7516939999999999


OG0001256.24
nan
OG0007195.0	OG0000670.0
4.282926	5.37107
OG0001497.24	OG0013114.0
nan	1.944869
OG0000512.150	OG0005452.0
1.513898	2.576135
OG0000061.0	OG0018016.0
1.095665	8.090468
OG0012219.0
3.068447
OG0002476.29
216.9019
OG0001589.0
3.778089
OG0007175.0
2.235736
OG0006968.0	OG0006289.0
5.511661	25.93985
OG0003813.0	OG0011737.0
45.603120000000004	20.6336
OG0011630.6
1.2631620000000001
OG0014581.2	OG0001313.24
nan	nan


OG0011476.0
1.212248
OG0004654.6
1.699472
OG0009941.0
3.298492
OG0003206.16	OG0007404.0	OG0007857.4
9.88373	9.7295	4.608901
OG0001479.24	OG0000226.4	OG0005031.0
nan	nan	5.981158
OG0000611.0	OG0006493.0	OG0005548.4
nan	217.4189	14.05685
OG0010648.5	OG0004085.0
1.1336110000000001	1.758759
OG0003843.12	OG0001301.24
12.17437	nan
OG0003569.2	OG0004817.2
44.84989	8.975028
OG0006417.0	OG0004027.1
9.304538	26.34103


OG0004552.4	OG0012767.2	OG0010745.0
14.47216	1.898448	4.591354
OG0008570.0	OG0002524.0
3.873322	28.13788
OG0012234.0	OG0005606.20
2.726657	3.850175
OG0018170.0	OG0010045.0
2.2084040000000003	5.315638
OG0009275.0
nan
OG0012074.4	OG0003940.0
nan	6.338737
OG0005519.0
nan
OG0004218.23	OG0002691.13
2.075052	117.8867
OG0005434.1	OG0010614.0
0.9561909	2.7655540000000003
OG0003309.6	OG0010504.6
3.015333	1.185389
OG0008093.0	OG0011277.2
2.628371	224.877
OG0005813.0	OG0005350.0
3.2292520000000002	1.479278
OG0005985.0	OG0004307.0
5.288382	14.579329999999999
OG0014033.0	OG0012737.0	OG0006835.0
2.214972	1.911245	1.434819
OG0018478.0	OG0010714.0
1.442575	4.605085
OG0010661.6	OG0008991.8
1.308819	1.7917990000000001
OG0000545.2	OG0007337.4
5.3467519999999995	0.7164224
OG0018416.0	OG0005969.0
1.810572	nan
OG0003249.2
0.9540934000000001
OG0010953.4
4.642728
OG0006188.0	OG0007303.0
26.362090000000002	216.4917
OG0005905.2	OG0004764.7	OG0001682.15	OG0002282.2	OG0004417.0
5.918875	20.64467	1.93798	3.427029	118.3732
OG0003574.0
25.912329999999997
OG0000711.2	OG0006837.2	OG0003541.1	OG0006215.0
nan	nan	2.201596	190.1936
OG0006622.0	OG0012141.4
nan	235.6272
OG0014584.0	OG0002523.0	OG0000154.251
1.535721	3.169827	1.113302
OG0006370.4	OG0009085.0	OG0020428.0	OG0007188.3
3.841685	2.1097740000000003	3.3889650000000002	3.178712
OG0005043.0
6.28948
OG0001170.24
nan
OG0002365.22
2.720702
OG0002942.5
116.273
OG0006161.1	OG0014810.0	OG0002296.2	OG0013971.1
3.5272449999999997	8.213123	8.322302	1.634965


OG0004281.12	OG0012860.0
4.569751999999999	2.05211
OG0007697.0	OG0013033.4	OG0004106.0
1.561667	2.006703	1.182083
OG0011475.0	OG0006115.1
1.13204	2.075196
OG0003742.0
117.2395
OG0006340.0	OG0014640.0
211.6591	nan
OG0002161.0	OG0014603.6	OG0010614.0
nan	3.112676	2.7655540000000003
OG0001378.24	OG0007527.4	OG0008773.12
nan	2.672777	2.221978


OG0000253.1	OG0007475.6	OG0008175.0
6.851114999999999	1.30629	1.449343
OG0014738.0	OG0003534.3	OG0014668.0	OG0008061.3
8.106863	0.6665107	8.217747	8.080262
OG0007062.0
0.7258701


OG0006016.4	OG0006190.0	OG0010019.4
220.8625	186.7666	4.544176
OG0002484.5	OG0008320.2
2.455853	3.7850080000000004


OG0008219.0	OG0007313.0	OG0011310.2
1.5099690000000001	217.6063	227.6843


OG0002986.4	OG0014784.4
0.9624142	8.062146
OG0001563.24	OG0005227.24
3.7966889999999998	1.366277
OG0000224.26
1.079417
OG0007509.2	OG0010611.4	OG0002132.0
5.298993	1.05762	nan
OG0012125.2	OG0007250.0
227.4876	2.225886
OG0002142.4	OG0013042.0
1.304768	1.314897


OG0001475.4	OG0007726.2	OG0006324.0	OG0001468.24
1.435965	nan	215.2487	nan
OG0013532.2
3.384375
OG0011297.6	OG0005833.6
3.5126239999999997	1.6596650000000002
OG0004016.0	OG0000492.2	OG0014490.0	OG0016236.0
19.83759	1.863794	1.3857760000000001	2.0975900000000003
OG0003848.6
2.111997
OG0002626.26
72.04016999999999
OG0000346.14
6.168666
OG0014569.0	OG0004199.0
3.109885	9.279913
OG0012986.3
2.6462529999999997
OG0001394.24	OG0000629.1	OG0000356.28
nan	236.0761	0.5062882000000001
OG0012203.4	OG0005565.0
2.228713	45.57229


OG0006131.0	OG0001492.24
1.384825	nan
OG0006839.0	OG0001699.1	OG0007460.2
1.31946	nan	4.037438
OG0005293.10
1.6516110000000002
OG0006652.0
nan
OG0000661.3
nan
OG0003949.1	OG0010757.0
149.8349	4.615461
OG0002301.1	OG0012464.0
40.49138	1.787318
OG0005533.0
45.571940000000005
OG0001817.10	OG0008760.0
20.18966	4.6383220000000005
OG0006113.2	OG0011409.0	OG0003863.2
0.567818	2.3290669999999998	4.0819790000000005
OG0014527.2	OG0001304.24
1.377067	nan
OG0008694.0	OG0003013.7
215.7815	8.647413
OG0021391.0	OG0006728.0	OG0000000.169	OG0015294.0
1.3806690000000001	7.6816759999999995	4.579842	nan
OG0007008.1	OG0010514.2
4.598698000000001	3.41664
OG0001464.1	OG0000517.3	OG0005578.0	OG0015314.0	OG0000615.1
2.3782970000000003	0.1230653	225.5136	nan	nan


OG0000015.662
1.933743
OG0002551.0
4.027544
OG0007517.0	OG0011762.0	OG0006077.4	OG0007600.0
149.5432	5.369366	2.3551889999999998	5.558669
OG0004567.0	OG0006552.0
3.125675	219.1443
OG0001476.0
1.1281450000000002
OG0006806.0	OG0005166.6
nan	26.00694
OG0000938.24	OG0000263.57
nan	nan
OG0016143.0	OG0005993.0
0.8151041	14.055639999999999
OG0012728.0	OG0000476.2
0.8925929	1.392692
OG0006506.0	OG0004821.2
218.9794	nan


OG0012064.0	OG0001481.28
nan	2.435452
OG0005020.6	OG0013645.0	OG0003578.0	OG0003275.0
45.897459999999995	2.147217	12.46505	13.809679999999998
OG0014713.1	OG0018145.0	OG0005415.2
8.073953999999999	2.134115	17.97627


OG0012669.7	OG0001315.24	OG0002685.0
8.204235	nan	nan
OG0001877.0	OG0006719.1	OG0016036.0	OG0005865.2
nan	4.904444	1.3954229999999999	0.9548171
OG0000486.2	OG0016453.4
2.731414	1.7267849999999998
OG0007928.0	OG0007834.0	OG0012983.0	OG0004483.4
4.619133000000001	2.2265080000000004	2.456475	93.76605


OG0003056.0	OG0003795.5	OG0006242.3	OG0013507.0	OG0001707.6
2.288461	10.63342	216.4529	2.396234	2.245829
OG0000735.1
nan
OG0015314.0
nan
OG0016026.2	OG0003371.0	OG0004366.24
0.9064338	1.0803399999999999	5.250883999999999
OG0002649.0	OG0005009.2
4.598447	4.938504
OG0008343.0
213.9793
OG0002716.0	OG0008483.2	OG0004961.2
1.7910840000000001	0.7372245	7.147694


OG0000839.10	OG0007734.2
20.32366	1.118001
OG0002896.8	OG0000325.0	OG0000972.1
0.6147483	nan	nan
OG0005270.34	OG0014705.5	OG0005193.0	OG0000004.888
2.0741709999999998	8.085650999999999	170.485	nan
OG0005653.0	OG0007871.0
3.918903	20.19641
OG0003545.0	OG0014731.1	OG0001557.130
188.4324	8.184648	1.69911
OG0000242.190	OG0017851.0	OG0003613.0
22.22614	3.1982	11.2343
OG0000560.2	OG0004884.0
45.62468	1.9960490000000002
OG0011197.2	OG0004001.0
nan	10.081380000000001
OG0003998.0	OG0002903.18
3.5701	3.106262
OG0009796.0	OG0005689.4
0.5183312	8.46776
OG0013549.2	OG0008332.0	OG0001414.24
3.3708980000000004	3.8665220000000002	nan
OG0004214.0	OG0003427.0	OG0000544.0
3.050407	45.087309999999995	5.063982
OG0009846.0	OG0002036.0
2.5225	nan
OG0010106.14	OG0004345.0	OG0007126.0
8.073665	11.93337	1.381469
OG0006081.0	OG0005458.0	OG0005734.0
1.483671	3.264488	13.9183
OG0010705.0
4.5842480000000005
OG0002998.0	OG0003094.22
26.411690000000004	1.630269


OG0006876.0	OG0022278.0	OG0009211.2
2.338238	1.7063259999999998	nan
OG0006860.0
3.155891
OG0012953.3
7.975353999999999
OG0013724.0
1.360943
OG0007950.0	OG0013497.4	OG0004116.4
218.4849	8.160279	3.890366
OG0004085.0	OG0003281.0
1.758759	26.85091
OG0001137.24	OG0007216.0	OG0001128.24
nan	2.062409	nan
OG0002473.24	OG0001454.24
213.81599999999997	nan
OG0007780.0	OG0013510.0	OG0016260.0
3.47557	2.169234	1.892123
OG0009139.0	OG0008915.0	OG0002353.2	OG0011009.0
5.278424	54.80388000000001	5.0250580000000005	nan
OG0000033.0	OG0006961.0
1.293739	218.2613


OG0003358.3
0.11851410000000001
OG0007806.7	OG0001499.24	OG0002668.2
0.9415343	3.7929180000000002	6.362763
OG0004275.0
117.2608
OG0005683.0
1.434353
OG0006591.0	OG0001148.24
223.4925	nan
OG0003641.0	OG0016034.0
2.8650889999999998	1.40069
OG0005231.3	OG0008596.4	OG0002566.2
0.4280607	2.476644	1.984663
OG0002464.28	OG0009250.0	OG0004580.6
25.98915	4.546762999999999	19.298820000000003
OG0008927.0	OG0005030.0
2.650218	2.163214
OG0000372.1	OG0010595.6	OG0006273.0
52.41851	1.673471	26.358829999999998
OG0001404.24	OG0003852.0
nan	21.77525
OG0016217.2	OG0006438.4	OG0000394.176	OG0003906.0
7.953622	4.272166	2.079755	12.393930000000001
OG0000737.1	OG0009886.7
1.628707	nan
OG0014802.1	OG0012147.0	OG0016266.0
8.062949	0.91658	2.717975
OG0020470.0
3.377762
OG0011947.0
1.382507
OG0007782.8	OG0005644.0
2.265192	8.578114
OG0007797.0	OG0009098.2	OG0001321.26	OG0012210.0
nan	1.734304	nan	3.479511
OG0001976.0
1.209039
OG0000002.763
nan




OG0011998.0	OG0008263.1
2.6845220000000003	0.8075494000000001
OG0000545.2	OG0008068.0
5.3467519999999995	1.856675
OG0001926.0
nan
OG0018050.0	OG0002326.0
7.964906	3.7537760000000002
OG0004189.8	OG0000000.3890	OG0016601.0
10.75056	nan	1.387601
OG0012261.0
0.7166108
OG0002430.0	OG0012696.2	OG0001679.24
258.4973	1.5359049999999999	1.490357
OG0006289.0
25.93985
OG0006588.0	OG0009161.0
212.8287	5.298202
OG0003084.24	OG0004399.0
71.89498	4.049446
OG0004440.1
0.75635
OG0004882.0	OG0003753.30
4.825958999999999	nan
OG0005229.4	OG0003975.0
9.104336	4.457637999999999
OG0000731.0	OG0001081.24	OG0000999.14	OG0020434.0
1.261891	nan	nan	3.362538
OG0016216.0
2.407325
OG0000234.28	OG0006196.0
1.302132	27.10554
OG0005817.0	OG0005702.0
2.71408	5.006362
OG0003279.0	OG0014020.0	OG0001002.25	OG0002691.13
26.132270000000002	0.9383667	nan	117.8867
OG0014682.4	OG0005369.12
8.07782	220.7362
OG0001291.1	OG0006116.2	OG0006864.2
nan	5.2116620000000005	3.189759
OG0002936.4
46.0641
OG0006129.1
3.509501


OG0006191.0	OG0001094.26	OG0001457.24	OG0005380.19
217.7098	nan	nan	218.5425
OG0003669.6
nan
OG0003395.0
2.927725
OG0005097.2
1.9418389999999999
OG0014070.0
2.211473
OG0003444.0	OG0003891.6	OG0003947.0
94.81248000000001	15.151029999999999	nan
OG0009275.0	OG0005192.4
nan	2.6061959999999997
OG0006390.0	OG0001775.0	OG0005648.8
1.81624	0.5248653	0.4609985
OG0006981.0	OG0014644.1	OG0008294.0
219.5768	8.030905	1.321121
OG0000857.0	OG0003281.0
26.167939999999998	26.85091
OG0007006.0	OG0003952.13	OG0007234.0
7.785946000000001	9.984001	5.317305
OG0001911.24
1.460533


OG0003490.0
45.03533
OG0018373.0	OG0000089.69
0.9645456	3.3700919999999996
OG0001812.2	OG0002280.0	OG0008117.0
nan	2.370616	1.7064990000000002
OG0006543.0	OG0000215.26	OG0018394.0	OG0013857.0
nan	3.106433	1.69655	1.949423
OG0008327.2	OG0012077.2
4.3042419999999995	3.4721889999999997
OG0009160.0	OG0007923.2
5.362165	8.274288
OG0006429.2	OG0008600.2
6.4523470000000005	2.885116
OG0000111.164
nan
OG0016022.4	OG0000134.30
3.3762440000000002	1.6154819999999999
OG0001773.1
20.248279999999998
OG0004316.0
1.457809
OG0005257.0	OG0003231.24
6.663850999999999	2.433399
OG0000019.2	OG0001881.0	OG0003511.4
1.171471	nan	4.102072
OG0001153.25	OG0006933.0
4.551593	5.468687
OG0001834.4
1.685434
OG0002902.14	OG0000455.62
2.425895	nan
OG0001181.24	OG0003884.0
nan	21.53227
OG0000124.2
nan
OG0007046.0	OG0013989.0
216.5335	1.578128
OG0014572.2	OG0005906.3
nan	2.7138619999999998
OG0016040.2	OG0018063.2
2.021747	6.390919
OG0000883.0	OG0003486.0
0.5195157	13.875070000000001
OG0001808.40	OG0005912.2	OG0001399.24
3.482245	112.3498	nan
OG0013848.0
2.953595
OG0003485.0	OG0009927.0
45.60031	nan
OG0001494.24	OG0000416.102	OG0001435.1
nan	1.207251	nan
OG0007504.4	OG0000283.91
4.807612000000001	8.141210000000001
OG0007519.0	OG0001536.0	OG0008098.0
1.7987349999999998	nan	9.591412
OG0011938.0	OG0004555.0
1.753623	119.214
OG0003683.0
44.989129999999996
OG0005396.4
nan
OG0002794.0	OG0005141.0
0.12204480000000001	2.061099
OG0005433.3
1.425072


OG0006867.4	OG0003638.22	OG0008612.2
nan	12.55729	nan
OG0003474.0
45.18978
OG0001360.24	OG0000810.26
nan	2.177645
OG0007999.8	OG0015302.0
1.0376809999999999	2.681566
OG0021932.0	OG0011391.12
3.2861269999999996	3.4082550000000005


OG0000503.62
nan
OG0000117.50	OG0001312.1	OG0005522.8	OG0005955.0
70.22105	nan	217.5414	26.2798
OG0004348.1	OG0008520.11	OG0004177.4
1.824868	nan	118.912


OG0002755.0	OG0006736.16	OG0000120.54	OG0018170.0
nan	0.9131345	0.3167698	2.2084040000000003
OG0004738.6	OG0002885.12
5.562985	0.9340821
OG0001501.1	OG0002744.1	OG0004404.1	OG0001900.0
nan	2.0451330000000003	nan	1.472658
OG0000539.1
nan
OG0004705.0	OG0010683.0
9.742803	2.680572
OG0006239.4
4.575419
OG0008735.0	OG0007822.0
5.317924	10.91375
OG0005446.0	OG0004155.0	OG0000574.68
1.7721369999999999	169.0855	4.023966000000001
OG0000188.1	OG0002853.0	OG0003748.2
nan	nan	9.326125
OG0010091.0	OG0005858.0
5.292918	2.924142


OG0018147.0	OG0003737.13	OG0006252.6
0.8432629999999999	nan	nan


OG0005065.5	OG0001732.10
12.890130000000001	nan
OG0004953.0	OG0005668.1
1.752407	1.4079270000000002
OG0003934.0	OG0007888.4
2.3288849999999996	nan
OG0000998.26	OG0007389.9
3.3628669999999996	1.413864
OG0002187.22	OG0003026.1
3.5329599999999997	3.4908949999999996
OG0007744.0	OG0006677.0
1.8740560000000002	213.3441
OG0004405.0	OG0004156.0	OG0009956.0	OG0007079.10
5.660931	44.92269	0.9942211	6.026415
OG0007977.0
7.746135000000001
OG0016207.2
7.973545
OG0000574.1	OG0007179.8
1.7647169999999999	0.904323
OG0005191.0	OG0014568.2	OG0009105.2	OG0001883.0
nan	2.428083	1.6979799999999998	nan
OG0010773.2
2.023469
OG0005673.8	OG0013836.0
1.059779	3.51197
OG0005682.0	OG0013593.4	OG0004156.0
92.07101999999999	8.11074	44.92269
OG0020626.0	OG0004428.0	OG0001018.1
8.071608	116.9771	1.282833
OG0011360.2	OG0002699.0
1.026793	11.89777
OG0013997.0	OG0002923.29	OG0003134.0
2.954715	11.846739999999999	1.443111
OG0001565.0
2.423794
OG0008126.4	OG0002259.1
3.031216	2.505166
OG0011466.0	OG0006182.0
4.686932	0.8801551


OG0002259.1	OG0000401.0	OG0010540.0
2.505166	9.04455	221.0958
OG0003895.0	OG0000006.561	OG0000110.280
0.9129608	nan	224.5021
OG0000315.0	OG0001856.4
1.474826	nan
OG0005971.0	OG0003788.0
13.929870000000001	21.71562
OG0005170.15	OG0004418.0
4.594844	116.9985
OG0004287.3	OG0015185.2	OG0001555.4
0.3613849	2.013614	0.5682324000000001
OG0000217.183	OG0005258.0	OG0008488.2
214.3198	2.6219919999999997	2.4090759999999998
OG0001080.1	OG0007675.0	OG0006329.0
nan	nan	227.0197


OG0000892.1	OG0017897.0	OG0001030.26
nan	1.441164	nan
OG0000503.1
3.716583


OG0012250.0	OG0003910.0
3.043354	21.95864
OG0001894.0
nan
OG0001226.24	OG0001400.24	OG0000914.30	OG0007470.8
nan	nan	nan	2.5041599999999997
OG0000381.0	OG0020523.0	OG0000540.0
3.8080800000000004	3.092764	0.44128900000000004
OG0001507.1	OG0007910.4
nan	4.57416
OG0000643.24
nan




OG0004158.0
2.8429349999999998
OG0012670.4
nan
OG0004530.3	OG0011424.0	OG0005764.0
nan	nan	0.5696366999999999
OG0008163.2
4.600551
OG0007853.2	OG0006084.0
1.570909	nan
OG0001670.24	OG0003426.0	OG0011459.1
3.2919970000000003	45.43743	2.266366
OG0002036.0
nan
OG0007937.6	OG0007336.0	OG0014609.0
3.4939480000000005	nan	0.8536069
OG0006935.0
4.6455470000000005
OG0005457.0	OG0004961.2	OG0003913.0
3.7882190000000002	7.147694	19.60277
OG0004824.0	OG0007113.2
13.08376	8.356196
OG0001211.24	OG0021391.0	OG0008500.2
nan	1.3806690000000001	2.956209
OG0002057.0
nan








OG0000000.2590	OG0006600.2
27.198079999999997	221.5234
OG0007739.4	OG0004066.0
1.164828	72.26948
OG0006872.0	OG0013560.0	OG0003846.1
1.8120049999999999	11.77396	45.96982
OG0004008.3	OG0000268.1
147.9498	5.777373000000001
OG0020606.0	OG0001696.0
2.463885	nan
OG0001651.17	OG0007210.4
2.877996	0.7669997
OG0000875.1
nan
OG0002453.0	OG0014615.0
nan	1.126468
OG0003688.2
22.52186
OG0003056.0	OG0006219.0
2.288461	2.1417439999999996
OG0004882.0	OG0014656.2	OG0006966.4
4.825958999999999	8.081017	4.574269
OG0014522.0	OG0007875.4	OG0002789.1
1.6555080000000002	207.7449	2.220129
OG0005171.24	OG0002205.0
1.124754	3.7907559999999996
OG0000825.24	OG0010021.0	OG0009050.10
20.17902	20.08695	1.1214520000000001
OG0003512.4	OG0006800.0
4.139333000000001	1.136567
OG0006283.0	OG0002794.0
189.3774	0.12204480000000001
OG0000232.164
14.01177
OG0013291.0
4.620391000000001


OG0020586.0
2.180383
OG0006563.0	OG0000891.14	OG0001435.1
nan	4.020829	nan
OG0008306.1
0.9102039000000001
OG0000627.21
2.016556
OG0003403.0	OG0014150.2
10.12887	1.7516939999999999


OG0002363.1	OG0001845.2
3.2444900000000003	nan
OG0004710.2	OG0000801.24	OG0007761.3
0.15399549999999998	nan	0.7058227
OG0011945.0	OG0005235.2
1.7298349999999998	1.000773
OG0015348.0
1.6585830000000001
OG0003098.12	OG0006196.0
0.5890941	27.10554
OG0016040.2	OG0005107.4
2.021747	9.580309
OG0004170.0	OG0001254.24
2.197118	nan
OG0004068.8
9.811451


OG0006622.0	OG0008253.2
nan	4.547843
OG0010882.0	OG0006657.0	OG0022182.0
3.131298	218.18	1.485211
OG0011930.8
8.124621000000001
OG0015323.0
2.60449
OG0004352.0	OG0020463.0
15.931970000000002	3.3970309999999997
OG0012110.3	OG0007883.4	OG0000323.172
1.910119	4.6395290000000005	182.5085
OG0006876.0
2.338238
OG0009876.3
nan
OG0000857.0	OG0002836.4
26.167939999999998	4.581283
OG0007066.10
5.361494
OG0004180.46	OG0000101.19
11.81739	4.17747
OG0006900.0	OG0013507.0
20.11417	2.396234
OG0004346.4	OG0006872.0	OG0007521.1
1.1237469999999998	1.8120049999999999	2.192977
OG0006815.10
1.694616
OG0010563.3
2.952641
OG0006498.0	OG0002568.27	OG0004300.2
220.6703	19.155160000000002	116.7199
OG0001879.0
nan
OG0011387.0
4.463531
OG0002091.0	OG0000000.2172	OG0003296.0
nan	0.7573183000000001	13.78046
OG0012217.4
2.7526080000000004
OG0004638.0	OG0000294.0
5.6432519999999995	nan
OG0006797.2
1.265215


OG0013896.0	OG0003043.33	OG0014814.4
nan	44.726240000000004	7.973878
OG0016073.4
3.139036


OG0011395.0	OG0003622.40
1.8862299999999999	9.485641000000001
OG0004706.0
0.9555162
OG0016040.2	OG0003457.0
2.021747	45.18275
OG0007920.14
5.298931
OG0002116.0	OG0008582.0
nan	2.519543
OG0004324.0	OG0000306.0
3.186394	2.973932
OG0000577.9	OG0003094.22
0.946157	1.630269
OG0000005.968
nan


OG0002230.0
2.932579
OG0004681.6
12.93338
OG0006112.0	OG0007551.0
1.086826	nan
OG0002803.15	OG0004955.0	OG0006320.1
1.4548020000000002	0.8849903	4.846753
OG0007262.0	OG0007424.17
215.3442	2.0504569999999998
OG0005456.4	OG0000104.85	OG0006999.0	OG0004718.4
5.547556	1.108009	5.552825	nan
OG0002814.39
4.455483
OG0000605.0	OG0017905.0	OG0014586.0
0.8968124	2.722141	2.5415080000000003
OG0009276.0
4.610777
OG0006200.16
5.280723
OG0007533.2	OG0003912.0
0.8681813	13.69106
OG0004582.0
0.4800191


OG0003227.2	OG0003206.16
2.325126	9.88373
OG0012975.0
0.8965388000000001
OG0012829.2	OG0004098.16
nan	2.113534
OG0004790.0
2.815506
OG0000828.16	OG0010519.1	OG0009034.2
nan	nan	2.854813


OG0005027.0	OG0001370.24
nan	nan
OG0001406.24	OG0006994.14	OG0011510.8
nan	18.87504	5.710579
OG0001508.1	OG0004446.2
nan	4.558288
OG0000159.8	OG0004392.24
3.374456	217.5322
OG0004415.0
118.4646
OG0000719.0	OG0005589.0	OG0005768.6
0.04166348	2.692262	25.667370000000002
OG0008059.4	OG0011375.0
8.120225	0.9110366


OG0005272.0
1.8505169999999997


OG0002336.0	OG0007806.7	OG0011274.2
2.720175	0.9415343	224.5315


OG0013553.2	OG0002593.5
3.417828	28.51125
OG0005504.0
45.52602
OG0012210.0
3.479511
OG0008214.2
1.978884
OG0020616.0	OG0002523.0	OG0001786.20
1.6928159999999999	3.169827	8.0915
OG0005760.10	OG0002518.2
nan	2.9472970000000003
OG0005609.0	OG0014690.4
4.347013	nan
OG0003245.24	OG0007858.6
1.356739	nan
OG0007547.0
2.79535
OG0010014.0	OG0006925.0	OG0011441.2	OG0002178.2
5.308398	223.4946	3.043113	4.939858999999999
OG0001080.1	OG0000269.0
nan	nan


OG0006845.2
146.9129
OG0010018.0
4.647885
OG0001836.0	OG0007843.0
12.83279	2.819184
OG0006516.0
220.06
OG0003845.0	OG0004942.0
2.0687130000000002	10.89668




OG0003869.1	OG0000665.0
0.9764589	16.98015
OG0000014.240	OG0005285.0
nan	3.349043
OG0006271.0
26.6312
OG0014675.4	OG0006327.0
8.098794	nan
OG0007325.2	OG0007536.1
4.5757010000000005	1.409161
OG0006429.2	OG0011803.0
6.4523470000000005	1.124254
OG0002166.0	OG0004571.0	OG0009131.2
nan	nan	1.547379
OG0001141.24	OG0006240.0
nan	26.30435
OG0017886.0	OG0005827.2	OG0006639.0
1.172687	7.546742999999999	214.692
OG0013291.0
4.620391000000001
OG0008751.0	OG0010773.2
5.2997559999999995	2.023469
OG0005617.0	OG0009098.2
12.243360000000001	1.734304
OG0000735.1
nan
OG0003956.4	OG0006461.4
nan	5.0453589999999995
OG0009984.0	OG0008694.0
1.182261	215.7815


OG0014727.4	OG0002093.0	OG0005314.0
8.144900999999999	nan	nan
OG0007643.2	OG0012705.1
4.559356	3.0687919999999997
OG0001357.24	OG0005508.0	OG0000823.115
nan	218.68200000000002	1.639229
OG0004572.1
3.249421
OG0004494.1	OG0014859.0	OG0006445.0
nan	1.355667	nan
OG0002230.0
2.932579
OG0016180.0	OG0007133.1	OG0006857.0	OG0017439.2
1.447015	2.9724209999999998	nan	1.548294
OG0000832.1	OG0008559.4	OG0005398.16
5.261181	170.2615	3.846106
OG0011460.2
3.041041
OG0006081.0
1.483671
OG0004157.0
nan
OG0011375.0	OG0003079.0	OG0001317.1
0.9110366	213.5615	nan
OG0000366.0	OG0007407.0
20.37365	2.085962
OG0003968.0
22.09862


OG0012862.0	OG0003197.4
nan	20.78047
OG0012255.0	OG0004464.0
3.029611	nan
OG0004781.0
7.726171000000001
OG0003183.0	OG0001842.34	OG0007152.5
0.11761600000000001	1.657387	1.1321860000000001
OG0000549.1
19.3121
OG0004820.0	OG0011564.0
0.2055866	nan
OG0003181.15	OG0003019.24	OG0021932.0
13.218739999999999	0.3165126	3.2861269999999996


OG0003788.0	OG0014530.2
21.71562	1.275899
OG0005150.0
2.458211
OG0002568.27	OG0022657.0
19.155160000000002	nan
OG0011986.10	OG0016179.4
1.273881	8.054511999999999
OG0003417.0	OG0000416.1
45.67165	155.7325
OG0006267.0	OG0006860.0
26.280859999999997	3.155891
OG0000773.0
5.164833
OG0003364.8	OG0007512.0	OG0011136.0
44.62278	147.6675	1.906222
OG0004026.1
1.072128
OG0004407.0	OG0014743.1
4.533721	8.086678
OG0003027.0
3.777996
OG0004004.10	OG0020464.0	OG0017928.0
9.554746000000002	3.351608	2.193805
OG0012862.0	OG0002122.0	OG0002794.0
nan	nan	0.12204480000000001
OG0000141.8	OG0000856.0	OG0012137.0
3.8992169999999997	3.747489	1.380811
OG0000285.1
nan
OG0000178.8	OG0005232.0	OG0005897.2
0.3179261	66.97128000000001	5.202475
OG0000392.72
nan
OG0001018.1	OG0001153.126
1.282833	1.115342
OG0001410.24	OG0005865.2
nan	0.9548171
OG0003748.2
9.326125
OG0002465.0
28.83343


OG0016941.0	OG0006546.0
1.573109	4.251530000000001
OG0007150.0	OG0000987.19
1.380642	nan
OG0001856.4
nan
OG0008770.0	OG0007157.3	OG0007907.0
2.663869	1.84602	5.359323000000001
OG0001005.6
nan
OG0006607.0	OG0010685.0
222.7855	4.599751
OG0004683.0	OG0001099.24
9.949912	3.349285
OG0004874.0	OG0009027.0
2.210279	3.113502
OG0014859.0	OG0004623.10	OG0007931.1	OG0015341.1
1.355667	0.9870076999999999	4.6085139999999996	1.227479
OG0011954.6	OG0008192.2	OG0004249.0	OG0004012.2
3.140821	3.825182	1.1216270000000002	0.432962
OG0016148.4	OG0000159.8
8.040319	3.374456
OG0012134.2
227.8835
OG0001478.0
4.499107


OG0003294.0	OG0010904.1	OG0003029.3
45.90995	2.971269	7.967303
OG0007839.12
2.411913
OG0001855.4	OG0011307.2
nan	2.0983240000000003
OG0014531.2
1.404021
OG0006856.0
10.98745
OG0003100.0
5.40525
OG0008479.2	OG0007970.2
0.5385336	21.5114
OG0019374.0	OG0000005.545
nan	nan
OG0001505.24	OG0006559.0
nan	220.4577
OG0001607.2	OG0000958.3
1.200936	1.10457
OG0002010.0	OG0012686.0
nan	7.24574
OG0001811.2	OG0005447.3	OG0004325.16	OG0000218.208
nan	5.571809	1.0853	1.124526
OG0009922.0	OG0005524.6	OG0004573.1
4.525081	216.6561	1.655576
OG0002424.0
3.8328160000000002
OG0010033.0	OG0000241.0
3.24284	259.9536
OG0000001.2052	OG0014809.3
4.187387999999999	nan
OG0008138.14
2.8593759999999997
OG0001775.0
0.5248653
OG0009878.0
3.824868
OG0010512.0	OG0002942.5
1.419009	116.273
OG0007174.2	OG0002805.0
146.7068	1.9199599999999999
OG0003534.3	OG0000283.91	OG0005272.0
0.6665107	8.141210000000001	1.8505169999999997
OG0010736.0
4.593754
OG0009928.2
2.839411
OG0012345.0	OG0014648.4
2.157034	7.985263000000001
OG0008147.2
0.8717130999999999
OG0012401.2
nan
OG0001419.3	OG0008438.7
nan	1.186549
OG0008090.0	OG0016189.4
1.060856	8.021791
OG0005373.2	OG0014524.2	OG0000494.1	OG0005970.0
6.297358999999999	1.692822	nan	5.346322


OG0015201.0	OG0007790.0
nan	2.3551040000000003
OG0007302.0
217.0663
OG0000410.39	OG0006828.0
3.4255430000000002	2.325459
OG0001492.24
nan
OG0007658.2	OG0004895.0	OG0003652.0	OG0013832.0
4.607003	168.0162	1.20003	225.9644
OG0005105.0
19.97309
OG0010541.8
2.954484
OG0003205.0
nan
OG0000110.3	OG0020903.0	OG0005918.2	OG0007808.0
nan	nan	5.085091	165.1484
OG0004152.1	OG0005737.2	OG0005337.4
26.1934	13.941920000000001	45.6441
OG0004311.0
3.1893689999999997
OG0004622.6	OG0002784.9	OG0001831.0	OG0006477.2
0.9983021000000001	nan	2.8819529999999998	1.6879240000000002
OG0000838.0	OG0009971.0
3.3543730000000003	0.9038156999999999


OG0000277.0
5.178837000000001
OG0004237.0	OG0011294.4	OG0004886.0
1.248535	224.2754	0.36974229999999997
OG0009030.0	OG0005495.0
0.4286919	6.010638


OG0010014.0	OG0006614.0
5.308398	216.2758
OG0012746.10	OG0006005.0	OG0003517.3
8.093128	26.61515	2.3367150000000003
OG0008590.0
1.7352400000000001
OG0003547.0	OG0000197.0
45.00796	2.007182
OG0016112.0
8.040564
OG0001673.0
nan
OG0008196.2	OG0003010.1
2.3857209999999998	75.61740999999999
OG0006943.0	OG0000062.399	OG0002802.20
5.531439	1.086932	7.0172360000000005
OG0005924.2	OG0008066.0	OG0000515.2
3.466882	2.990618	3.810636
OG0000447.0	OG0020418.0
nan	3.37455




OG0000911.3	OG0013994.0
nan	2.962888
OG0006698.0	OG0003631.7
26.1202	1.63953
OG0008082.0	OG0002516.0
0.7196667	20.32402
OG0000792.0	OG0001908.2
nan	2.736157
OG0001313.24	OG0000104.85	OG0001706.22
nan	1.108009	1.639384


OG0018435.0
nan
OG0010748.0	OG0001557.130	OG0003469.0	OG0008997.2	OG0004899.0
nan	1.69911	nan	1.122838	4.912845
OG0004691.14	OG0001811.2	OG0011368.6	OG0006130.1
1.603013	nan	1.1207799999999999	2.217981
OG0005587.8
13.89799
OG0009078.0	OG0012215.0	OG0001127.28
nan	nan	nan
OG0009938.0	OG0007728.0	OG0010622.0	OG0003649.6
164.2969	0.5745659000000001	2.995344	219.0261
OG0002278.0
261.0644
OG0000974.2	OG0011373.0
nan	1.18759
OG0004789.4	OG0001379.1
92.38761	nan


OG0000212.0
0.9440655000000001
OG0006132.8	OG0003310.2	OG0005616.0
146.9173	118.2767	1.575734
OG0010931.0	OG0008097.4
19.03566	1.079127
OG0005895.11
2.646415
OG0016465.0	OG0011970.0
1.451179	3.5669720000000003
OG0005946.0
216.0157
OG0001030.26	OG0010531.2
nan	4.469344
OG0003644.0
5.220397
OG0000466.0	OG0001232.24
10.13309	nan
OG0002552.0	OG0013034.0
1.452754	2.214578
OG0001951.0	OG0011311.2
nan	223.4335
OG0001597.53	OG0016182.0	OG0006741.4
0.11840430000000002	4.575882	nan
OG0012873.2	OG0009130.0	OG0000531.38
3.457836	1.844157	3.655294
OG0006746.0	OG0005149.0	OG0000181.164
3.6164629999999995	67.00737	nan
OG0006149.1	OG0007479.0
0.5378666999999999	1.650608
OG0002897.1	OG0001250.26	OG0001125.24
0.3180114	nan	nan
OG0006313.0	OG0003953.2	OG0005588.4
26.391070000000003	25.43019	215.4264
OG0021386.0
1.966473
OG0011175.0	OG0009080.2
1.386182	1.30281


OG0009023.2	OG0010571.0	OG0002078.0
0.5318968000000001	3.281989	nan
OG0006746.0	OG0005957.0	OG0008968.4
3.6164629999999995	14.065320000000002	nan
OG0001645.0	OG0010581.0	OG0000602.3	OG0012918.2
1.066782	3.2575439999999998	nan	228.6283
OG0008639.2	OG0004733.0
2.86255	1.155933
OG0009956.0
0.9942211
OG0010134.8	OG0002824.0
1.133879	2.84761
OG0001430.24	OG0001957.4
nan	nan
OG0001443.24	OG0005231.3
nan	0.4280607
OG0000080.0	OG0020520.0
19.260360000000002	3.3311040000000003
OG0000699.1	OG0000177.264
nan	3.777619
OG0008544.0
165.6079
OG0006418.0	OG0002639.0
9.499102	8.397532
OG0006660.0
20.46481
OG0004535.0
71.79201
OG0000865.1	OG0000882.108
nan	3.721764
OG0011346.0	OG0003318.1
2.5520549999999997	16.870910000000002
OG0012739.6	OG0009011.0
nan	2.57058
OG0007179.8
0.904323




OG0003438.0
45.04999
OG0004961.2	OG0000019.448	OG0001908.2
7.147694	3.354529	2.736157
OG0002565.10	OG0018076.2
1.195956	8.211955999999999
OG0012710.10	OG0004737.6
nan	7.181531
OG0005076.4	OG0003698.0	OG0000240.8
0.5840781999999999	0.43598679999999995	3.7829370000000004
OG0008916.0	OG0007401.0	OG0001475.4
2.643815	1.025103	1.435965
OG0001709.106	OG0006593.0
4.143053	217.4979
OG0004673.0	OG0003311.0
1.081835	9.796724000000001
OG0004840.3	OG0007295.0	OG0014646.2	OG0000004.433
nan	nan	8.124291	1.7266580000000002
OG0004934.6	OG0014773.1
0.8362424999999999	8.060404
OG0010576.0	OG0020747.0
0.6580618	2.389189
OG0002774.0	OG0008339.0
nan	4.5958760000000005
OG0001009.24	OG0003967.0	OG0000154.2	OG0010613.2
nan	7.817046	nan	1.535808
OG0005478.6	OG0000009.195
4.214158	nan
OG0016941.0	OG0007138.0
1.573109	2.580084


OG0013890.2	OG0003572.14	OG0007398.0
2.012912	21.94187	1.174303
OG0005806.0
2.857795
OG0020748.0
2.4232709999999997


OG0013477.2
8.110415
OG0004071.2	OG0010776.4	OG0001672.0
nan	2.265499	2.35493
OG0015292.0
1.6615799999999998
OG0000258.1
20.30692
OG0002134.0
nan


OG0016914.0
nan
OG0020532.0	OG0014027.3
nan	1.403813
OG0000535.36
nan
OG0001752.4	OG0002220.0
0.6663369	3.787062
OG0000597.1
20.2599
OG0005348.0	OG0001857.4
44.83804	nan
OG0012292.0	OG0003434.0	OG0001904.22
nan	44.71225	9.234009
OG0003446.0	OG0006998.14	OG0000008.1
45.09363	4.606833999999999	8.079631
OG0006606.0	OG0004730.4
217.295	14.31365
OG0001270.1	OG0007244.6	OG0008730.12
nan	nan	1.340375
OG0001895.0
2.647955
OG0002764.20
nan
OG0000202.0	OG0000892.1
nan	nan
OG0003447.0
44.90583
OG0012861.0
1.7299240000000002
OG0005995.0	OG0004146.1	OG0020748.0
1.070215	6.356412000000001	2.4232709999999997
OG0007450.0	OG0000601.52
0.6401551	nan
OG0002541.2	OG0010584.0	OG0004099.4
4.432236	3.602414	6.368444
OG0012262.2
1.355068
OG0000178.8
0.3179261
OG0008579.6
4.540926
OG0008065.2	OG0018052.2	OG0014766.3
2.620444	8.110937	8.157061
OG0001604.92	OG0020630.0
1.690032	3.5164519999999997
OG0006892.0
5.543247
OG0000195.0	OG0003006.0
nan	1.594075
OG0007165.4
4.250237
OG0001907.32
1.647546
OG0007488.0	OG0016609.0
0.43325509999999995	nan
OG0002270.30
14.24172
OG0014529.2	OG0011177.0
nan	nan
OG0014691.1
8.099857
OG0002753.0	OG0000377.2
3.339296	nan


OG0000176.0	OG0004728.0
nan	nan
OG0009195.0	OG0016034.0	OG0000157.23
5.368678	1.40069	0.41315150000000006
OG0006430.3	OG0004637.1
2.964528	28.23035
OG0014698.4	OG0004094.1	OG0006598.0
8.050912	0.33478990000000003	220.8492
OG0014587.2	OG0009087.2	OG0004726.1
2.5217330000000002	3.207647	2.399613


OG0001319.1	OG0003539.14
nan	1.9486900000000003
OG0008505.0	OG0012733.0
1.496102	4.149392


OG0018018.0	OG0008179.0
1.6150149999999999	2.461765
OG0004774.1
13.94006
OG0008170.0	OG0005502.0
1.800281	44.9544
OG0009915.10
2.2229349999999997
OG0002906.4	OG0003480.0
14.614820000000002	2.048018
OG0002409.16	OG0006008.0	OG0000103.296
0.44678140000000005	nan	2.204742
OG0002095.0
nan
OG0001416.0	OG0003173.0	OG0003534.3
nan	8.157033	0.6665107
OG0017880.2	OG0002299.6
2.512236	2.443093
OG0011446.0	OG0006460.2
1.0009860000000002	2.9939150000000003
OG0001453.1	OG0022268.0	OG0000189.0
nan	1.635958	2.210975


OG0003461.0	OG0001173.24	OG0001993.0	OG0020418.0
45.09509	nan	nan	3.37455
OG0005529.0	OG0004228.1	OG0009860.0
45.21933	16.80828	0.8763491
OG0003344.6	OG0004422.0	OG0000836.25
4.845974	117.6896	3.257464
OG0004668.0	OG0002379.2
7.127778	2.473608
OG0003319.0
4.906955
OG0011316.8
2.183023


OG0014645.4	OG0003078.0	OG0000147.0	OG0006845.2
8.004983	220.1018	nan	146.9129
OG0011184.0
0.7746907
OG0011907.0	OG0005777.0
2.484556	7.797708999999999
OG0003272.0	OG0009906.2	OG0006956.0
25.521079999999998	nan	213.5491
OG0002401.1
10.715160000000001
OG0007782.8	OG0004719.0	OG0001317.1	OG0003608.2
2.265192	6.186733	nan	117.8011
OG0003385.20	OG0000157.23	OG0003803.0
0.4380478	0.41315150000000006	9.060536
OG0010509.0
nan
OG0004151.4	OG0009022.8
1.1926729999999999	227.0422
OG0005719.2	OG0003199.0
14.443320000000002	45.54528
OG0002470.2	OG0007788.4	OG0001802.47	OG0011925.12
45.404340000000005	1.933314	9.717782000000001	8.067167
OG0013022.0
2.14573
OG0013589.4	OG0006852.6	OG0006499.0
8.128322	144.8097	215.3289
OG0006761.1	OG0003845.0
4.625821	2.0687130000000002
OG0012080.2	OG0004031.26	OG0006530.0
235.2246	4.614161	212.6387
OG0005940.0	OG0005762.0
2.1774419999999997	219.1897


OG0002462.10
1.8365740000000002
OG0006911.3
4.625182
OG0001364.24	OG0002365.22	OG0002538.20
nan	2.720702	1.157171
OG0003857.2	OG0002708.0	OG0013961.0
1.742418	1.0675059999999998	2.7543159999999998
OG0016270.0	OG0000000.3774	OG0016611.0
2.721482	20.945610000000002	2.520552
OG0004205.0	OG0015375.2
nan	1.507617


OG0007385.6
0.568462
OG0003263.24	OG0008319.0	OG0005746.7
170.5857	19.73572	224.6327
OG0008242.3	OG0000624.3
4.643	nan
OG0012910.0	OG0001754.77
231.5381	4.660654
OG0005926.0	OG0011297.6
1.073356	3.5126239999999997
OG0003697.0
1.414426
OG0007759.2	OG0002717.8
20.103360000000002	11.04082
OG0013885.0	OG0010076.0
2.027104	3.912407
OG0006927.0	OG0003629.0
5.526052	8.352021
OG0005710.0
3.564946
OG0003606.1	OG0002344.91
3.156604	3.7893480000000004
OG0008738.4
nan
OG0014531.2
1.404021
OG0007594.0	OG0002933.0
nan	0.314651
OG0002422.0
7.951703
OG0010519.1
nan
OG0013862.2
3.531893
OG0006365.0	OG0015284.2
nan	nan
OG0004019.0	OG0007927.0
2.946886	215.2186
OG0001202.24	OG0001062.24
nan	nan
OG0004948.4
0.5376648
OG0002320.0	OG0006748.0
3.7941309999999997	3.4592050000000003
OG0004921.18
2.118679
OG0020440.0	OG0004162.14	OG0007968.4	OG0008379.16
nan	71.9539	4.626536	2.465504
OG0009870.9	OG0010724.0	OG0005169.0	OG0004556.0
1.6536970000000002	4.489095	0.8048218	8.625115
OG0006530.0	OG0004577.0
212.6387	9.727399
OG0019377.0
2.0192900000000003
OG0001608.24	OG0010172.4
0.7927951	5.250744999999999
OG0000897.0	OG0013994.0
nan	2.962888
OG0013802.0
5.683853
OG0000481.1	OG0014512.6
2.057743	1.721529
OG0003999.8	OG0006878.0
13.66332	1.748304
OG0003006.0	OG0001831.0
1.594075	2.8819529999999998
OG0012144.4	OG0002342.1
232.5815	4.511523
OG0005804.8	OG0005612.2
5.282878	1.452006
OG0000776.26	OG0003489.0
nan	nan
OG0018478.0
1.442575
OG0004020.0
1.890007
OG0012889.0	OG0009249.0
1.2383879999999998	1.091225
OG0009817.0	OG0007534.0
3.6700269999999997	144.2651
OG0005437.0
4.009812
OG0011906.10	OG0011342.2
8.022644	nan
OG0006530.0
212.6387
OG0011188.0	OG0004501.15	OG0000963.26	OG0006704.0	OG0006792.0
0.7752100000000001	0.9827558000000001	4.8571480000000005	222.6562	1.064035
OG0001443.24
nan
OG0005365.0
26.38287
OG0007499.8	OG0006214.0	OG0002643.3
4.5886379999999996	219.2017	nan
OG0002933.0	OG0000217.183	OG0006541.0	OG0003187.22
0.314651	214.3198	212.6343	20.754920000000002
OG0000004.1207	OG0007264.0
1.494843	nan
OG0000749.2	OG0005531.1	OG0002687.0
nan	0.7231704999999999	4.552498
OG0000231.0	OG0016125.1
nan	7.975821000000001
OG0001896.13
3.766006
OG0008230.0
5.495636
OG0005091.0	OG0008529.2
3.140016	0.9021153000000001
OG0006424.0
1.209144
OG0011322.2
nan
OG0003461.0	OG0000482.64
45.09509	nan
OG0001744.0
0.5593528
OG0005333.0	OG0007808.0	OG0002105.0
170.8829	165.1484	nan
OG0014810.0
8.213123
OG0004245.1	OG0005318.2
97.91944000000001	1.711264
OG0005066.2	OG0008234.0
0.8344476000000001	19.89797
OG0007974.2	OG0002134.0	OG0001742.25
4.57987	nan	39.799
OG0001871.4	OG0005650.10
nan	2.730545
OG0009199.1	OG0012235.2	OG0002624.0
3.054443	2.0590490000000004	3.270016
OG0013578.4	OG0006615.0	OG0010760.0
8.022545	216.0855	2.833384
OG0005444.0
10.32986
OG0011645.0
2.203836
OG0005971.0
13.929870000000001
OG0003687.0	OG0001624.8
21.17793	nan
OG0001063.0	OG0006435.14	OG0016079.0
nan	1.548547	1.0993389999999998
OG0003798.4	OG0013724.0
21.00356	1.360943
OG0004345.0	OG0001262.36
11.93337	2.3498099999999997
OG0000799.22	OG0008552.0	OG0002917.0
2.406376	1.112285	3.658753
OG0004374.6	OG0009927.0
0.34043629999999997	nan
OG0005219.1	OG0002904.18
4.457001	3.499653
OG0005841.2
8.959255
OG0005759.6	OG0002695.28
27.37267	45.59874


OG0003818.6	OG0016115.4
0.5238347	8.092802
OG0018393.0	OG0001900.0	OG0009302.0	OG0009031.0
1.6959380000000002	1.472658	3.420682	0.4301683
OG0000760.17
5.440787
OG0001641.24
3.211986
OG0007170.2	OG0002748.82
145.572	1.920507
OG0009900.2	OG0005238.2
2.3152310000000003	0.4330637
OG0008573.2	OG0010172.4
167.4026	5.250744999999999
OG0001464.1
2.3782970000000003
OG0007487.0
4.143708
OG0000260.4	OG0001221.1
3.3842800000000004	nan
OG0009300.0	OG0003828.1
11.97381	1.670078
OG0010767.0	OG0002898.12
1.570871	1.572846
OG0002945.0	OG0016207.2
4.4801400000000005	7.973545
OG0008780.1	OG0002274.0
2.677853	4.349357
OG0016933.0	OG0002692.25
2.611069	119.0761
OG0003429.0	OG0013640.0
nan	2.156404
OG0002295.36	OG0002240.0
0.2143632	nan
OG0012073.2
219.9484
OG0002846.0
3.261882
OG0010978.0	OG0005129.8	OG0014044.0	OG0002253.0	OG0011597.0
1.41466	4.19113	2.206301	2.667418	2.4300450000000002
OG0005338.0	OG0003108.24
4.951078	0.1230917
OG0001772.0	OG0002547.23
nan	14.011339999999999


OG0001521.0
5.038203
OG0012998.2	OG0005079.0
1.3696700000000002	12.39477
OG0002417.0	OG0001232.24
20.31406	nan
OG0004983.2	OG0004649.2	OG0007734.2
14.051520000000002	13.947239999999999	1.118001


OG0004201.6	OG0003685.2	OG0000896.1
3.352232	21.93129	nan
OG0019353.0	OG0005995.0	OG0003629.0
1.2958530000000001	1.070215	8.352021


OG0003355.0	OG0003341.0
45.72271	4.6414919999999995
OG0007968.4	OG0010729.4
4.626536	3.042067
OG0005319.19	OG0000831.11
0.9895724	nan
OG0001817.10
20.18966
OG0005540.3	OG0005895.11
213.7627	2.646415
OG0013452.0	OG0001838.42
2.192516	nan


OG0000719.0	OG0002814.39
0.04166348	4.455483
OG0003935.2	OG0000456.0	OG0012079.4	OG0003607.0	OG0000818.1
146.1885	nan	224.7754	22.07339	nan
OG0013703.3	OG0011932.2
nan	2.026337
OG0009814.0	OG0002672.22
2.744402	0.2620935
OG0000127.0
nan
OG0008512.0	OG0003174.0	OG0003225.0
1.192854	3.295748	nan
OG0008122.4
1.5377530000000001
OG0003245.3	OG0006332.2	OG0011411.0
2.550441	2.659964	1.201609
OG0003515.0	OG0001673.0
14.11546	nan
OG0003582.0	OG0003970.0
45.61616	21.339389999999998


OG0005159.0	OG0011970.0
0.7230835	3.5669720000000003
OG0004765.12	OG0000338.41	OG0000873.24
nan	nan	3.6827730000000005
OG0003681.0	OG0007843.0
0.9034892	2.819184


OG0013054.0
1.51098
OG0009088.0
nan


OG0012087.2	OG0014762.0	OG0007931.1
2.472648	4.248583999999999	4.6085139999999996
OG0000066.328	OG0004604.6
12.82677	3.201813
OG0003997.0
1.563634
OG0002259.1	OG0020468.0	OG0007679.2
2.505166	3.3668169999999997	8.120532
OG0010582.2	OG0003568.0	OG0002390.42
227.9618	1.417956	1.114098
OG0000141.8	OG0006648.0	OG0004998.0	OG0005664.4
3.8992169999999997	218.1364	0.9261693000000001	113.1387
