OG0001698.26	OG0012926.0	OG0000027.457	OG0001566.2	OG0001643.24
nan	nan	0.880791193566	0.8944614912819999	0.002059146203
OG0021387.0	OG0001139.24	OG0019386.0	OG0026570.0	OG0000681.0
nan	nan	nan	nan	0.8115359384199999
OG0010012.0	OG0002309.26	OG0000298.0	OG0012865.13	OG0002438.24
nan	nan	1.170330109811	nan	nan
OG0025841.0	OG0013493.0	OG0005870.0	OG0027623.0	OG0012781.0
nan	0.003985858834	nan	nan	nan
OG0037720.0	OG0002414.18	OG0014874.2	OG0015286.0	OG0029053.0
nan	nan	nan	nan	nan
OG0000974.123	OG0013565.5	OG0014021.0	OG0044562.0	OG0015488.1
nan	nan	nan	nan	nan
OG0027685.0	OG0056666.0	OG0029101.0	OG0007439.0	OG0011147.18
nan	nan	nan	nan	nan
OG0009965.0	OG0038798.0	OG0025072.0	OG0019528.0	OG0044257.0
nan	nan	nan	nan	nan
OG0021358.0	OG0048152.0	OG0035822.0	OG0016666.3	OG0007959.6
nan	nan	nan	nan	nan
OG0053946.0	OG0048140.0	OG0027589.0	OG0008559.4	OG0007389.1
nan	nan	nan	nan	nan
OG0056788.0	OG0056650.0	OG0057281.0	OG0022287.0	OG0044932.0
nan	nan	nan	nan	nan
OG0003958.0	OG0004892.3	OG0026496.0	OG0047246.0	OG0045830.0
0.18703922100900003	nan	nan	nan	nan
OG0000419.1	OG0037938.0	OG0007984.6	OG0014529.2	OG0021181.0
0.669625669528	nan	nan	nan	nan
OG0045543.0	OG0010017.0	OG0016246.7	OG0057118.0	OG0014804.6
nan	nan	nan	nan	nan
OG0044126.0	OG0047612.0	OG0011528.12	OG0001032.24	OG0000246.0
nan	nan	nan	nan	1.728005975808
OG0000895.1	OG0011911.0	OG0044129.0	OG0015612.4	OG0013109.0
nan	0.7205784756710001	nan	nan	nan
OG0001520.24	OG0000835.7	OG0016985.0	OG0044638.0	OG0006291.0
nan	2.534411768333	nan	nan	nan
OG0029189.0	OG0029582.0	OG0025891.0	OG0008444.0	OG0021304.0
nan	nan	nan	0.830322490991	nan
OG0000258.1	OG0048180.0	OG0012864.8	OG0049158.0	OG0019411.0
1.466752305196	nan	nan	nan	nan
OG0044483.0	OG0018155.0	OG0018016.0	OG0007327.2	OG0046721.0
nan	nan	nan	nan	nan
OG0005696.4	OG0057320.0	OG0053977.0	OG0003006.0	OG0001368.24
nan	nan	nan	1.9367214909869999	nan
OG0060552.0	OG0045679.0	OG0011755.11	OG0011634.6	OG0003899.0
nan	nan	nan	nan	1.969441799158
OG0004642.1	OG0007511.2	OG0007317.4	OG0006017.0	OG0001896.13
nan	nan	nan	nan	0.328575082922
OG0002777.4	OG0009204.7	OG0043666.0	OG0005160.1	OG0004478.4
1.61264925211	nan	nan	1.4329443706799998	nan
OG0046288.0	OG0003089.5	OG0048004.0	OG0000660.14	OG0019305.0
nan	1.0777039075550001	nan	1.3033658997589999	nan
OG0046914.0	OG0047996.0	OG0009287.0	OG0000863.32	OG0056905.0
nan	nan	nan	nan	nan
OG0024668.0	OG0034754.0	OG0006522.0	OG0016430.8	OG0048795.0
nan	nan	nan	nan	nan
OG0017941.0	OG0041680.0	OG0009103.4	OG0005700.0	OG0060423.0
nan	nan	nan	nan	nan
OG0000585.5	OG0021251.0	OG0029038.0	OG0021208.0	OG0012663.4
nan	nan	nan	nan	nan
OG0038133.0	OG0004132.1	OG0003683.0	OG0005997.6	OG0002288.14
nan	nan	nan	nan	8.841618028903
OG0019267.0	OG0001472.0	OG0047510.0	OG0009078.0	OG0024287.0
nan	nan	nan	nan	nan
OG0006396.6	OG0035667.0	OG0003203.2	OG0027512.0	OG0046409.0
nan	nan	1.785805802987	nan	nan
OG0013138.3	OG0006113.2	OG0046672.0	OG0034589.0	OG0023440.0
nan	1.036833365856	nan	nan	nan
OG0005536.1	OG0000921.32	OG0000779.1	OG0007436.0	OG0005190.4
1.4373510703189998	0.781599660658	2.023323306536	nan	nan
OG0029006.0	OG0026486.0	OG0010072.7	OG0056788.0	OG0001442.1
nan	nan	nan	nan	nan
OG0020814.0	OG0034316.0	OG0045228.0	OG0046629.0	OG0010518.2
nan	nan	nan	nan	nan
OG0000896.1	OG0016114.0	OG0038082.0	OG0034510.0	OG0002828.24
nan	nan	nan	nan	nan
OG0056658.0	OG0015115.7	OG0004869.12	OG0037900.0	OG0029626.0
nan	nan	nan	nan	nan
OG0007131.0	OG0015206.2	OG0045127.0	OG0002519.0	OG0013302.9
nan	nan	nan	1.314107637619	nan
OG0007017.0	OG0007021.0	OG0025682.0	OG0002653.5	OG0002608.1
nan	nan	nan	0.536718998519	0.023832027537
OG0005845.2	OG0037820.0	OG0002332.0	OG0006011.0	OG0006642.0
nan	nan	nan	nan	nan
OG0044379.0	OG0041636.0	OG0049022.0	OG0045745.0	OG0010504.6
nan	nan	nan	nan	nan
OG0007564.3	OG0043920.0	OG0008512.0	OG0024746.0	OG0001064.24
nan	nan	nan	nan	nan
OG0005378.12	OG0012982.2	OG0005991.0	OG0046635.0	OG0005120.26
nan	1.404344541934	nan	nan	nan
OG0005346.24	OG0009012.4	OG0011680.11	OG0003783.0	OG0012766.4
nan	nan	nan	nan	nan
OG0017034.0	OG0024538.0	OG0027433.0	OG0018603.2	OG0045811.0
nan	nan	nan	nan	nan
OG0008919.0	OG0006020.0	OG0002725.11	OG0000435.0	OG0003672.0
nan	nan	0.3574301018	1.604118432148	nan
OG0018953.6	OG0053869.0	OG0047609.0	OG0009152.1	OG0005693.0
nan	nan	nan	1.162263789332	nan
OG0020504.0	OG0012227.0	OG0038657.0	OG0047381.0	OG0011146.2
nan	nan	nan	nan	nan
OG0016733.2	OG0010885.0	OG0019014.3	OG0026304.0	OG0005381.10
nan	nan	nan	nan	nan
OG0020516.0	OG0002836.4	OG0016162.0	OG0022233.0	OG0046150.0
nan	nan	nan	0.811044758461	nan
OG0014483.9	OG0038061.0	OG0009905.0	OG0024463.0	OG0002777.4
nan	nan	0.007915238223	nan	1.61264925211
OG0026945.0	OG0017903.2	OG0013309.0	OG0003140.0	OG0056594.0
nan	nan	nan	nan	nan
OG0035787.0	OG0012686.0	OG0057416.0	OG0018524.1	OG0014708.6
nan	nan	nan	nan	nan
OG0021186.0	OG0012773.4	OG0004793.6	OG0046887.0	OG0047516.0
nan	nan	0.18482129574099998	nan	nan
OG0001944.0	OG0008347.0	OG0014704.4	OG0019729.0	OG0005534.0
nan	nan	nan	1.878011459636	nan
OG0044243.0	OG0026988.0	OG0026588.0	OG0057454.0	OG0027604.0
nan	nan	nan	nan	nan
OG0012201.0	OG0056608.0	OG0001829.22	OG0001489.105	OG0006655.0
nan	nan	1.310573375368	nan	nan
OG0019327.0	OG0002734.0	OG0035667.0	OG0008385.3	OG0009546.1
nan	nan	nan	nan	nan
OG0012388.0	OG0011484.2	OG0005291.6	OG0020405.0	OG0001802.4
nan	0.030392982119	nan	nan	0.647740521149
OG0056735.0	OG0023138.0	OG0001253.24	OG0020556.0	OG0044417.0
nan	nan	nan	nan	nan
OG0044707.0	OG0004403.16	OG0002181.0	OG0027665.0	OG0047328.0
nan	2.497347660985	1.707160494012	nan	nan
OG0005125.6	OG0000325.0	OG0021985.0	OG0005221.0	OG0016920.4
0.969416079007	1.6835531911419999	nan	nan	nan
OG0008496.8	OG0056533.0	OG0023069.0	OG0003605.0	OG0013750.0
nan	nan	nan	2.068049269437	1.57999789184
OG0002754.7	OG0017453.3	OG0047359.0	OG0017871.2	OG0005334.0
nan	nan	nan	nan	nan
OG0044059.0	OG0000061.0	OG0007677.15	OG0000656.0	OG0038132.0
nan	3.4604104542800003	1.159811118398	1.903635225226	nan
OG0046218.0	OG0044630.0	OG0009830.0	OG0007260.0	OG0048835.0
nan	nan	nan	nan	nan
OG0006352.0	OG0002611.0	OG0029070.0	OG0010535.9	OG0011168.0
nan	0.017308570542999998	nan	0.5335106576349999	nan
OG0005457.0	OG0035810.0	OG0000368.4	OG0022193.0	OG0019171.0
nan	nan	1.557015269091	nan	nan
OG0038736.0	OG0022068.0	OG0020730.0	OG0013642.0	OG0041570.0
nan	nan	nan	nan	nan
OG0002361.0	OG0003018.18	OG0008356.17	OG0023273.0	OG0001604.2
1.457601088588	nan	nan	nan	2.177786895985
OG0019232.0	OG0023008.0	OG0027491.0	OG0021989.0	OG0057505.0
nan	nan	nan	nan	nan
OG0007320.10	OG0005915.2	OG0004461.4	OG0027589.0	OG0002412.0
nan	1.468824075113	0.320180318357	nan	0.8874467142649999
OG0045987.0	OG0044557.0	OG0021629.0	OG0023213.0	OG0007034.0
nan	nan	nan	nan	nan
OG0001068.1	OG0001034.145	OG0002929.0	OG0008759.0	OG0047992.0
nan	nan	1.691598008585	nan	nan
OG0053936.0	OG0012908.0	OG0046546.0	OG0024538.0	OG0024499.0
nan	nan	nan	nan	nan
OG0012251.0	OG0003553.40	OG0008986.4	OG0013445.7	OG0056700.0
nan	nan	nan	nan	nan
OG0016813.6	OG0002629.98	OG0029604.0	OG0002677.6	OG0007923.2
nan	nan	nan	nan	nan
OG0010083.0	OG0025669.0	OG0045416.0	OG0019381.0	OG0011516.10
nan	nan	nan	nan	nan
OG0014168.0	OG0007165.4	OG0057416.0	OG0049179.0	OG0016935.3
nan	nan	nan	nan	nan
OG0014599.0	OG0016222.4	OG0019462.0	OG0001934.0	OG0000368.4
nan	0.153199281788	nan	nan	1.557015269091
OG0001486.1	OG0017932.3	OG0017963.4	OG0001436.24	OG0007550.0
nan	nan	nan	nan	nan
OG0002804.2	OG0001503.3	OG0006481.0	OG0006622.0	OG0015132.7
1.291144097879	0.6500234325550001	nan	nan	nan
OG0001094.26	OG0029170.0	OG0028815.0	OG0004265.0	OG0046849.0
nan	nan	nan	nan	nan
OG0019347.0	OG0057557.0	OG0006871.4	OG0043762.0	OG0002177.28
nan	nan	nan	nan	nan
OG0006453.1	OG0047006.0	OG0038794.0	OG0013330.9	OG0038796.0
nan	nan	nan	nan	nan
OG0025088.0	OG0057584.0	OG0053993.0	OG0008011.7	OG0003265.0
nan	nan	nan	nan	nan
OG0015811.8	OG0041845.0	OG0034858.0	OG0008422.2	OG0023447.0
nan	nan	nan	nan	nan
OG0003494.6	OG0005583.0	OG0004945.0	OG0000145.8	OG0020465.0
1.5067410974739999	nan	0.918244653708	nan	nan
OG0017965.6	OG0056776.0	OG0011580.7	OG0034404.0	OG0013083.11
nan	nan	nan	nan	nan
OG0017920.2	OG0045837.0	OG0011656.12	OG0003961.0	OG0002766.0
0.8814873323469999	nan	nan	0.17623817557	1.950687659858
OG0000233.3	OG0022094.0	OG0043432.0	OG0013863.2	OG0017037.2
1.618431265476	nan	nan	0.140086194807	nan
OG0005422.0	OG0000217.266	OG0047985.0	OG0001908.2	OG0035657.0
0.512038356706	nan	nan	2.4680442156869997	nan
OG0001605.28	OG0006382.15	OG0043365.0	OG0028296.0	OG0044654.0
nan	0.346558697136	nan	nan	nan
OG0047047.0	OG0003477.0	OG0049170.0	OG0000048.382	OG0013886.0
nan	nan	nan	1.0528078129510001	nan
OG0005245.10	OG0014150.2	OG0044731.0	OG0007979.0	OG0054055.0
nan	1.103435069642	nan	nan	nan
OG0018036.3	OG0027459.0	OG0044887.0	OG0016082.2	OG0023208.0
nan	nan	nan	nan	nan
OG0038716.0	OG0056907.0	OG0017414.1	OG0001256.24	OG0017974.4
nan	nan	nan	nan	nan
OG0044721.0	OG0007195.0	OG0035657.0	OG0000670.0	OG0017360.3
nan	nan	nan	0.7540103129279999	nan
OG0001497.24	OG0018800.2	OG0013114.0	OG0020730.0	OG0018793.5
nan	nan	nan	nan	nan
OG0029626.0	OG0016648.8	OG0000512.150	OG0005452.0	OG0038594.0
nan	nan	nan	nan	nan
OG0000061.0	OG0018016.0	OG0044795.0	OG0022242.0	OG0057230.0
3.4604104542800003	nan	nan	nan	nan
OG0000543.168	OG0008419.1	OG0038816.0	OG0012219.0	OG0018492.6
nan	nan	nan	nan	nan
OG0002476.29	OG0025655.0	OG0007842.1	OG0000396.57	OG0035796.0
nan	nan	nan	nan	nan
OG0035043.0	OG0044635.0	OG0001589.0	OG0045304.0	OG0017541.6
nan	nan	1.135873204391	nan	nan
OG0008229.0	OG0022382.0	OG0044422.0	OG0035596.0	OG0007175.0
nan	nan	nan	nan	nan
OG0006968.0	OG0046376.0	OG0054080.0	OG0015134.5	OG0006289.0
nan	nan	nan	nan	nan
OG0003813.0	OG0011737.0	OG0060426.0	OG0014190.4	OG0019833.0
nan	nan	nan	nan	nan
OG0011630.6	OG0035047.0	OG0056660.0	OG0044804.0	OG0010077.0
0.202433279091	nan	nan	nan	nan
OG0024674.0	OG0014581.2	OG0001313.24	OG0024735.0	OG0046223.0
nan	nan	nan	nan	nan
OG0044685.0	OG0047060.0	OG0018778.0	OG0053819.0	OG0000029.2
nan	nan	nan	nan	0.09959920275900001
OG0010979.0	OG0015556.1	OG0015582.0	OG0011476.0	OG0018853.3
nan	nan	nan	nan	nan
OG0025911.0	OG0010020.6	OG0004654.6	OG0027483.0	OG0046538.0
nan	nan	nan	nan	nan
OG0047302.0	OG0056721.0	OG0009941.0	OG0027677.0	OG0022226.0
nan	nan	nan	nan	nan
OG0003206.16	OG0011603.16	OG0007404.0	OG0007857.4	OG0025933.0
nan	nan	nan	nan	nan
OG0027503.0	OG0001479.24	OG0015453.2	OG0000226.4	OG0005031.0
nan	nan	nan	2.080540530418	0.298262208422
OG0000611.0	OG0006493.0	OG0018821.3	OG0005548.4	OG0048894.0
nan	nan	nan	nan	nan
OG0018405.3	OG0010648.5	OG0056580.0	OG0004085.0	OG0048918.0
nan	0.9599097336920001	nan	nan	nan
OG0022292.0	OG0003843.12	OG0000009.191	OG0020551.0	OG0001301.24
1.906103206806	nan	nan	nan	nan
OG0024482.0	OG0025603.0	OG0045596.0	OG0003569.2	OG0004817.2
nan	nan	nan	nan	nan
OG0053945.0	OG0006417.0	OG0004027.1	OG0015652.8	OG0022381.0
nan	nan	nan	nan	nan
OG0057074.0	OG0024624.0	OG0026883.0	OG0045563.0	OG0048974.0
nan	nan	nan	nan	nan
OG0022012.0	OG0004552.4	OG0012767.2	OG0027161.0	OG0010745.0
nan	nan	nan	nan	nan
OG0046574.0	OG0060438.0	OG0008570.0	OG0046902.0	OG0002524.0
nan	nan	nan	nan	1.689521549266
OG0025936.0	OG0012234.0	OG0038086.0	OG0005606.20	OG0038852.0
nan	nan	nan	1.586083640556	nan
OG0022918.0	OG0038782.0	OG0018170.0	OG0015564.1	OG0010045.0
nan	nan	nan	nan	nan
OG0007673.0	OG0057026.0	OG0009275.0	OG0035651.0	OG0025870.0
nan	nan	nan	nan	nan
OG0045816.0	OG0012074.4	OG0045078.0	OG0022492.0	OG0003940.0
nan	nan	nan	1.604129907141	nan
OG0018763.3	OG0015947.1	OG0005519.0	OG0010913.0	OG0020249.0
nan	nan	nan	nan	nan
OG0046276.0	OG0046357.0	OG0004218.23	OG0013193.12	OG0002691.13
nan	nan	0.38529334857299996	nan	nan
OG0005434.1	OG0015780.1	OG0011008.8	OG0010614.0	OG0025881.0
nan	nan	nan	nan	nan
OG0003309.6	OG0045523.0	OG0015108.9	OG0010504.6	OG0015807.0
nan	nan	nan	nan	nan
OG0048792.0	OG0008093.0	OG0019351.0	OG0011277.2	OG0034851.0
nan	4.023026899585	nan	nan	nan
OG0005813.0	OG0005350.0	OG0049199.0	OG0020577.0	OG0023144.0
nan	1.494594377869	nan	nan	nan
OG0005985.0	OG0004307.0	OG0029234.0	OG0016136.4	OG0060530.0
nan	nan	nan	nan	nan
OG0014033.0	OG0022749.0	OG0012737.0	OG0014298.4	OG0006835.0
nan	nan	nan	nan	nan
OG0035620.0	OG0018478.0	OG0009837.11	OG0010714.0	OG0013990.2
nan	nan	nan	nan	nan
OG0024640.0	OG0028248.0	OG0045986.0	OG0010661.6	OG0008991.8
nan	nan	nan	0.017289664481	nan
OG0000545.2	OG0026495.0	OG0038052.0	OG0007337.4	OG0019357.0
1.059349194575	nan	nan	nan	nan
OG0018416.0	OG0023636.0	OG0005969.0	OG0013292.10	OG0045149.0
nan	nan	0.585188878266	nan	nan
OG0013657.9	OG0003249.2	OG0010143.15	OG0012371.6	OG0043835.0
nan	1.149445797391	nan	nan	nan
OG0012108.0	OG0010953.4	OG0041736.0	OG0027482.0	OG0016733.2
nan	nan	nan	nan	nan
OG0018221.4	OG0006188.0	OG0007303.0	OG0053999.0	OG0044928.0
nan	nan	nan	nan	nan
OG0005905.2	OG0004764.7	OG0001682.15	OG0002282.2	OG0004417.0
nan	nan	nan	1.70784273742	nan
OG0047378.0	OG0003574.0	OG0038925.0	OG0011181.10	OG0027712.0
nan	nan	nan	nan	nan
OG0000711.2	OG0022193.0	OG0006837.2	OG0003541.1	OG0006215.0
0.985447226612	nan	nan	1.169286416481	nan
OG0006622.0	OG0046117.0	OG0012141.4	OG0020820.0	OG0060429.0
nan	nan	nan	nan	nan
OG0014584.0	OG0002523.0	OG0045917.0	OG0034567.0	OG0000154.251
nan	1.8148857592329999	nan	nan	nan
OG0006370.4	OG0009085.0	OG0044848.0	OG0020428.0	OG0007188.3
nan	nan	nan	nan	0.618537605922
OG0005152.40	OG0044479.0	OG0011158.10	OG0012007.16	OG0005043.0
nan	nan	nan	nan	1.7008452838119998
OG0044133.0	OG0020492.0	OG0057158.0	OG0009142.3	OG0001170.24
nan	nan	nan	nan	nan
OG0002365.22	OG0035697.0	OG0009215.1	OG0023093.0	OG0007881.24
nan	nan	nan	nan	nan
OG0024606.0	OG0022013.0	OG0011867.1	OG0002942.5	OG0022331.0
nan	nan	nan	1.853780798257	0.680518433467
OG0006161.1	OG0014810.0	OG0002296.2	OG0013971.1	OG0022249.0
nan	0.696993999724	1.3491628870280001	nan	0.0
OG0025225.0	OG0044266.0	OG0057364.0	OG0017871.2	OG0047232.0
nan	nan	nan	nan	nan
OG0011804.2	OG0004281.12	OG0015771.3	OG0044280.0	OG0012860.0
nan	nan	nan	nan	0.523795925689
OG0007697.0	OG0019287.0	OG0013033.4	OG0016877.0	OG0004106.0
nan	nan	nan	nan	nan
OG0024380.0	OG0060543.0	OG0006164.17	OG0011475.0	OG0006115.1
nan	nan	nan	0.752612250317	nan
OG0012266.4	OG0003742.0	OG0003159.77	OG0022633.0	OG0008966.18
nan	nan	nan	nan	nan
OG0028986.0	OG0021440.0	OG0022430.0	OG0006340.0	OG0014640.0
nan	nan	nan	nan	nan
OG0017510.3	OG0002161.0	OG0014603.6	OG0053865.0	OG0010614.0
nan	nan	0.506650414841	nan	nan
OG0038894.0	OG0010812.8	OG0001378.24	OG0007527.4	OG0008773.12
nan	nan	nan	nan	0.0
OG0017031.0	OG0028145.0	OG0034591.0	OG0015181.4	OG0044125.0
nan	nan	nan	nan	nan
OG0019237.0	OG0000253.1	OG0007475.6	OG0008175.0	OG0006826.22
nan	1.8169668017829999	nan	nan	nan
OG0014738.0	OG0003534.3	OG0014668.0	OG0008061.3	OG0047126.0
nan	1.352826658448	nan	nan	nan
OG0035564.0	OG0012775.1	OG0029587.0	OG0007062.0	OG0022422.0
nan	nan	nan	1.7155258443380001	nan
OG0029121.0	OG0049083.0	OG0015929.2	OG0044050.0	OG0029187.0
nan	nan	nan	nan	nan
OG0006016.4	OG0020036.0	OG0006190.0	OG0045317.0	OG0010019.4
nan	nan	nan	nan	nan
OG0002484.5	OG0013327.7	OG0048107.0	OG0045252.0	OG0008320.2
1.7455027743599998	nan	nan	nan	0.731179046398
OG0013559.0	OG0047494.0	OG0049183.0	OG0034346.0	OG0046471.0
1.158195566091	nan	nan	nan	nan
OG0008219.0	OG0044617.0	OG0007313.0	OG0019521.0	OG0011310.2
nan	nan	nan	nan	nan
OG0011562.10	OG0037957.0	OG0019677.0	OG0015139.4	OG0035827.0
nan	nan	1.1656073740100001	0.008246500248	nan
OG0002986.4	OG0023081.0	OG0020662.0	OG0014784.4	OG0017475.0
1.2667767791	nan	nan	nan	nan
OG0011725.0	OG0001563.24	OG0013548.2	OG0005227.24	OG0024470.0
nan	nan	nan	nan	nan
OG0047148.0	OG0024377.0	OG0000224.26	OG0024387.0	OG0046995.0
nan	nan	1.794433613691	nan	nan
OG0023011.0	OG0045151.0	OG0007509.2	OG0010611.4	OG0002132.0
nan	nan	nan	nan	nan
OG0038683.0	OG0047132.0	OG0047205.0	OG0012125.2	OG0007250.0
nan	nan	nan	nan	nan
OG0044049.0	OG0045967.0	OG0002142.4	OG0038184.0	OG0013042.0
nan	nan	nan	nan	nan
OG0020472.0	OG0013190.8	OG0028893.0	OG0024757.0	OG0057455.0
nan	nan	nan	nan	nan
OG0001475.4	OG0007726.2	OG0006324.0	OG0045838.0	OG0001468.24
0.45453400859	1.577192027199	0.810896283179	nan	0.41434641458899996
OG0046577.0	OG0034414.0	OG0016928.0	OG0013532.2	OG0018044.0
nan	nan	nan	0.662476574865	nan
OG0011297.6	OG0038696.0	OG0029600.0	OG0005833.6	OG0020571.0
0.011679474058000001	nan	nan	nan	nan
OG0004016.0	OG0000492.2	OG0047410.0	OG0014490.0	OG0016236.0
nan	1.368893038394	nan	nan	nan
OG0028184.0	OG0060430.0	OG0003848.6	OG0010060.13	OG0041655.0
nan	nan	nan	nan	nan
OG0007063.22	OG0028978.0	OG0002626.26	OG0009150.5	OG0045402.0
nan	nan	nan	nan	nan
OG0012315.13	OG0016422.2	OG0022627.0	OG0000346.14	OG0034542.0
nan	nan	nan	2.057239340014	nan
OG0017033.5	OG0044351.0	OG0014569.0	OG0038610.0	OG0004199.0
nan	nan	0.7026298262389999	nan	nan
OG0021380.0	OG0047995.0	OG0056842.0	OG0012986.3	OG0048003.0
nan	nan	nan	nan	nan
OG0001394.24	OG0002674.13	OG0000629.1	OG0002414.20	OG0000356.28
nan	nan	2.3163552938	nan	5.8389895440120005
OG0012203.4	OG0000617.168	OG0005565.0	OG0043804.0	OG0015262.0
nan	nan	nan	nan	nan
OG0047313.0	OG0038069.0	OG0045559.0	OG0048900.0	OG0037935.0
nan	nan	nan	nan	nan
OG0043392.0	OG0006131.0	OG0001492.24	OG0024469.0	OG0020777.0
nan	nan	nan	nan	nan
OG0006839.0	OG0014634.0	OG0001699.1	OG0056555.0	OG0007460.2
nan	nan	nan	nan	0.78586444419
OG0027874.0	OG0047025.0	OG0022358.0	OG0044843.0	OG0005293.10
nan	nan	nan	nan	nan
OG0010633.18	OG0045322.0	OG0053832.0	OG0046552.0	OG0006652.0
nan	nan	nan	nan	nan
OG0045051.0	OG0046680.0	OG0045937.0	OG0046483.0	OG0000661.3
nan	nan	nan	nan	0.969988820493
OG0003949.1	OG0044794.0	OG0046342.0	OG0043411.0	OG0010757.0
nan	nan	nan	nan	nan
OG0019464.0	OG0002301.1	OG0020927.0	OG0021215.0	OG0012464.0
nan	nan	nan	nan	0.713251255133
OG0025966.0	OG0035041.0	OG0038777.0	OG0044971.0	OG0005533.0
nan	nan	nan	nan	nan
OG0015167.4	OG0001817.10	OG0043817.0	OG0053855.0	OG0008760.0
nan	nan	nan	nan	nan
OG0006113.2	OG0041673.0	OG0011409.0	OG0022431.0	OG0003863.2
1.036833365856	nan	nan	nan	0.599038133861
OG0014527.2	OG0001304.24	OG0046304.0	OG0009892.0	OG0022204.0
nan	nan	nan	nan	nan
OG0057553.0	OG0008694.0	OG0000739.136	OG0003013.7	OG0029563.0
nan	nan	nan	0.9671187915549999	nan
OG0021391.0	OG0006728.0	OG0048193.0	OG0000000.169	OG0015294.0
nan	nan	nan	1.519773765418	nan
OG0007008.1	OG0010514.2	OG0024580.0	OG0022440.0	OG0048966.0
nan	nan	nan	nan	nan
OG0001464.1	OG0000517.3	OG0005578.0	OG0015314.0	OG0000615.1
nan	0.900327184145	0.535289977348	nan	0.6521705549719999
OG0013279.11	OG0045568.0	OG0044039.0	OG0027498.0	OG0021483.0
nan	nan	nan	nan	nan
OG0035654.0	OG0000015.662	OG0044739.0	OG0012059.9	OG0043457.0
nan	2.062270680013	nan	nan	nan
OG0028345.0	OG0037721.0	OG0046628.0	OG0002551.0	OG0021243.0
nan	nan	nan	0.753026966118	nan
OG0007517.0	OG0011762.0	OG0006077.4	OG0007600.0	OG0048056.0
nan	nan	nan	0.541376812505	nan
OG0004567.0	OG0038100.0	OG0048987.0	OG0048969.0	OG0006552.0
nan	nan	nan	nan	nan
OG0016626.8	OG0008235.9	OG0054111.0	OG0047506.0	OG0001476.0
nan	nan	nan	nan	0.7594865849690001
OG0006806.0	OG0047992.0	OG0005166.6	OG0019009.2	OG0024970.0
nan	nan	nan	nan	nan
OG0000938.24	OG0000263.57	OG0047365.0	OG0045389.0	OG0015440.1
nan	0.007867697627	nan	nan	nan
OG0057188.0	OG0016143.0	OG0027708.0	OG0006347.24	OG0005993.0
nan	nan	nan	nan	nan
OG0012728.0	OG0005510.30	OG0000476.2	OG0035805.0	OG0013225.2
nan	nan	2.366248522771	nan	nan
OG0008402.1	OG0010807.3	OG0006506.0	OG0004821.2	OG0013303.11
nan	nan	nan	nan	nan
OG0057426.0	OG0014505.6	OG0047419.0	OG0045672.0	OG0035754.0
nan	nan	nan	nan	nan
OG0012064.0	OG0001481.28	OG0010041.0	OG0008771.12	OG0016226.2
0.5758400878800001	0.5002938227570001	nan	nan	nan
OG0005020.6	OG0013645.0	OG0045373.0	OG0003578.0	OG0003275.0
nan	nan	nan	1.451035045219	nan
OG0014713.1	OG0043756.0	OG0018145.0	OG0014984.0	OG0005415.2
nan	nan	0.84481298258	nan	nan
OG0000213.256	OG0014088.3	OG0022162.0	OG0038112.0	OG0043928.0
nan	nan	nan	nan	nan
OG0034535.0	OG0012669.7	OG0001315.24	OG0034888.0	OG0002685.0
nan	nan	nan	nan	nan
OG0029155.0	OG0001877.0	OG0006719.1	OG0016036.0	OG0005865.2
nan	nan	nan	nan	nan
OG0057431.0	OG0027686.0	OG0000486.2	OG0045552.0	OG0016453.4
nan	nan	1.4245778186200002	nan	nan
OG0007928.0	OG0007834.0	OG0012983.0	OG0041871.0	OG0004483.4
nan	nan	nan	nan	1.874998235903
OG0044965.0	OG0056693.0	OG0010129.4	OG0012962.11	OG0002426.4
nan	nan	nan	nan	nan
OG0003056.0	OG0003795.5	OG0006242.3	OG0013507.0	OG0001707.6
nan	1.264442116616	nan	nan	1.7543390751769998
OG0022321.0	OG0043601.0	OG0000735.1	OG0044034.0	OG0021673.0
nan	nan	0.42212323037199995	nan	nan
OG0015314.0	OG0018415.0	OG0000443.33	OG0028848.0	OG0025296.0
nan	nan	nan	nan	nan
OG0016026.2	OG0044559.0	OG0003371.0	OG0049168.0	OG0004366.24
nan	nan	0.475018573886	nan	nan
OG0002649.0	OG0041889.0	OG0016775.5	OG0005009.2	OG0037876.0
1.22625968203	nan	nan	nan	nan
OG0045230.0	OG0046645.0	OG0008343.0	OG0056655.0	OG0028191.0
nan	nan	nan	nan	nan
OG0002716.0	OG0008483.2	OG0053770.0	OG0057096.0	OG0004961.2
1.593092229159	0.164956979464	nan	nan	1.6022001381959998
OG0060406.0	OG0008226.8	OG0045625.0	OG0000021.56	OG0022887.0
nan	nan	nan	nan	nan
OG0000839.10	OG0022569.0	OG0007734.2	OG0053796.0	OG0006970.0
1.4449516119999999	nan	1.100580815197	nan	nan
OG0022386.0	OG0002896.8	OG0000325.0	OG0000972.1	OG0024877.0
nan	1.465877939427	1.6835531911419999	3.2027021796649997	nan
OG0017222.4	OG0005270.34	OG0014705.5	OG0005193.0	OG0000004.888
nan	nan	nan	nan	nan
OG0024121.0	OG0005653.0	OG0056848.0	OG0007871.0	OG0044510.0
nan	nan	nan	0.740777762242	nan
OG0003545.0	OG0013741.9	OG0021417.0	OG0014731.1	OG0001557.130
nan	nan	nan	nan	nan
OG0000242.190	OG0020561.0	OG0056869.0	OG0017851.0	OG0003613.0
nan	nan	nan	nan	nan
OG0000560.2	OG0046317.0	OG0015362.3	OG0007637.12	OG0004884.0
0.560147494572	nan	nan	nan	1.3998807310839998
OG0022191.0	OG0022223.0	OG0044515.0	OG0011197.2	OG0004001.0
nan	nan	nan	nan	2.594613528769
OG0047023.0	OG0003998.0	OG0002903.18	OG0035665.0	OG0045501.0
nan	nan	0.328405631849	nan	nan
OG0009796.0	OG0005689.4	OG0010886.14	OG0049002.0	OG0034818.0
nan	0.316965157308	nan	nan	nan
OG0046632.0	OG0013549.2	OG0008332.0	OG0001414.24	OG0027547.0
nan	nan	nan	nan	nan
OG0004343.11	OG0004214.0	OG0027724.0	OG0003427.0	OG0000544.0
nan	nan	nan	nan	0.433272979202
OG0023038.0	OG0009846.0	OG0025485.0	OG0045536.0	OG0002036.0
nan	0.24937820908599997	nan	nan	nan
OG0010106.14	OG0004345.0	OG0013177.0	OG0026965.0	OG0007126.0
nan	nan	nan	nan	nan
OG0006081.0	OG0004137.39	OG0005458.0	OG0005734.0	OG0034494.0
nan	nan	nan	nan	nan
OG0056740.0	OG0020906.0	OG0010705.0	OG0013160.11	OG0060338.0
nan	nan	nan	nan	nan
OG0028210.0	OG0020295.0	OG0002998.0	OG0029619.0	OG0003094.22
nan	nan	nan	nan	nan
OG0048889.0	OG0046630.0	OG0060440.0	OG0044265.0	OG0017123.3
nan	nan	nan	nan	nan
OG0006876.0	OG0020392.0	OG0022278.0	OG0009211.2	OG0008385.3
nan	nan	nan	nan	nan
OG0023431.0	OG0037802.0	OG0006860.0	OG0027083.0	OG0015677.0
nan	nan	nan	nan	nan
OG0012953.3	OG0044910.0	OG0015799.4	OG0046721.0	OG0011317.10
nan	nan	nan	nan	nan
OG0020629.0	OG0013724.0	OG0008387.1	OG0010835.1	OG0015367.6
nan	nan	nan	nan	nan
OG0024745.0	OG0028837.0	OG0007950.0	OG0013497.4	OG0004116.4
nan	nan	nan	nan	0.04036216914
OG0004085.0	OG0003281.0	OG0025749.0	OG0014216.9	OG0015979.6
nan	nan	nan	nan	nan
OG0001137.24	OG0007216.0	OG0025073.0	OG0001128.24	OG0056794.0
nan	nan	nan	nan	nan
OG0002473.24	OG0038010.0	OG0044598.0	OG0006761.26	OG0001454.24
nan	nan	nan	nan	nan
OG0053973.0	OG0007780.0	OG0013510.0	OG0016260.0	OG0044512.0
nan	nan	0.0	nan	nan
OG0009139.0	OG0008915.0	OG0002353.2	OG0012362.8	OG0011009.0
nan	nan	0.294649008601	nan	nan
OG0011531.13	OG0000033.0	OG0023055.0	OG0006961.0	OG0020811.0
nan	1.5315408343419998	nan	nan	nan
OG0048028.0	OG0011366.6	OG0013271.7	OG0015786.1	OG0026996.0
nan	nan	nan	nan	nan
OG0011731.4	OG0046434.0	OG0018422.2	OG0026912.0	OG0003358.3
nan	nan	nan	nan	2.5544564691650002
OG0007806.7	OG0001499.24	OG0014017.4	OG0021957.0	OG0002668.2
nan	nan	nan	nan	1.0032770084
OG0034544.0	OG0004275.0	OG0010535.1	OG0046642.0	OG0018148.0
nan	nan	nan	nan	nan
OG0045105.0	OG0005683.0	OG0016796.4	OG0043498.0	OG0016194.2
nan	0.819043436937	nan	nan	nan
OG0006591.0	OG0015259.2	OG0011512.16	OG0025657.0	OG0001148.24
nan	nan	nan	nan	nan
OG0003641.0	OG0025994.0	OG0010494.7	OG0016034.0	OG0005798.35
0.585356334272	nan	nan	nan	nan
OG0005231.3	OG0008596.4	OG0002566.2	OG0057085.0	OG0006810.3
0.11414429164300001	nan	1.730661923644	nan	nan
OG0002464.28	OG0011210.1	OG0020473.0	OG0009250.0	OG0004580.6
nan	nan	nan	nan	0.619939876791
OG0008927.0	OG0037934.0	OG0005053.45	OG0046981.0	OG0005030.0
0.194117260992	nan	nan	nan	1.0444542375669998
OG0000372.1	OG0060472.0	OG0010595.6	OG0006273.0	OG0010097.16
nan	nan	0.004025851655	nan	nan
OG0056592.0	OG0001404.24	OG0043793.0	OG0023091.0	OG0003852.0
nan	nan	nan	nan	1.242906167188
OG0016217.2	OG0006438.4	OG0015743.8	OG0000394.176	OG0003906.0
nan	nan	nan	nan	nan
OG0000737.1	OG0009886.7	OG0057198.0	OG0020577.0	OG0046279.0
nan	nan	nan	nan	nan
OG0045561.0	OG0014802.1	OG0012147.0	OG0007086.1	OG0016266.0
nan	nan	nan	nan	nan
OG0046396.0	OG0021319.0	OG0020470.0	OG0027811.0	OG0018947.2
nan	nan	nan	0.08904518618799999	nan
OG0045283.0	OG0034836.0	OG0046907.0	OG0043597.0	OG0011947.0
nan	nan	nan	nan	nan
OG0048910.0	OG0034247.0	OG0029018.0	OG0007782.8	OG0005644.0
nan	nan	nan	nan	nan
OG0041671.0	OG0007797.0	OG0009098.2	OG0001321.26	OG0012210.0
nan	nan	nan	nan	nan
OG0035699.0	OG0021182.0	OG0001976.0	OG0045512.0	OG0044906.0
nan	nan	2.0282609038159998	nan	nan
OG0056530.0	OG0000002.763	OG0047605.0	OG0011595.10	OG0047436.0
nan	1.3894422655899998	nan	nan	nan
OG0041805.0	OG0048974.0	OG0057140.0	OG0026997.0	OG0020395.0
nan	nan	nan	nan	nan
OG0044160.0	OG0045680.0	OG0027548.0	OG0043823.0	OG0038125.0
nan	nan	nan	nan	nan
OG0011998.0	OG0008263.1	OG0045306.0	OG0022449.0	OG0046130.0
nan	nan	nan	nan	nan
OG0000545.2	OG0015712.2	OG0056785.0	OG0034303.0	OG0008068.0
1.059349194575	nan	nan	nan	0.895365770069
OG0018870.0	OG0019631.0	OG0018184.2	OG0034722.0	OG0001926.0
nan	nan	nan	nan	nan
OG0018050.0	OG0019004.5	OG0045637.0	OG0020015.0	OG0002326.0
nan	nan	nan	nan	nan
OG0004189.8	OG0000000.3890	OG0016601.0	OG0011625.0	OG0041610.0
nan	nan	nan	nan	nan
OG0000738.3	OG0021610.0	OG0025077.0	OG0029611.0	OG0012261.0
nan	nan	nan	nan	nan
OG0002430.0	OG0012696.2	OG0025853.0	OG0004501.6	OG0001679.24
nan	0.634896482414	nan	nan	1.6788818102020002
OG0027184.0	OG0020609.0	OG0006289.0	OG0013113.12	OG0018116.4
nan	nan	nan	nan	nan
OG0006588.0	OG0025962.0	OG0041735.0	OG0034897.0	OG0009161.0
nan	nan	nan	nan	nan
OG0003084.24	OG0028149.0	OG0018784.6	OG0013160.11	OG0004399.0
nan	nan	nan	nan	0.20749521738899998
OG0004440.1	OG0010936.15	OG0010946.12	OG0018575.5	OG0010086.5
0.286274407112	nan	nan	nan	nan
OG0023992.0	OG0004882.0	OG0019314.0	OG0003753.30	OG0060500.0
nan	1.409247044951	nan	nan	nan
OG0005229.4	OG0044737.0	OG0044427.0	OG0003975.0	OG0038119.0
nan	nan	nan	nan	nan
OG0012048.12	OG0000731.0	OG0001081.24	OG0000999.14	OG0020434.0
nan	1.250343084276	nan	0.999021345845	nan
OG0028994.0	OG0045258.0	OG0020036.0	OG0016216.0	OG0028109.0
nan	nan	nan	nan	nan
OG0057252.0	OG0017952.0	OG0000234.28	OG0006196.0	OG0048032.0
nan	nan	1.8177915606200001	nan	nan
OG0005817.0	OG0013781.12	OG0025004.0	OG0005702.0	OG0024527.0
nan	nan	nan	1.276579406503	nan
OG0003279.0	OG0014020.0	OG0001002.25	OG0017884.2	OG0002691.13
nan	nan	nan	nan	nan
OG0046667.0	OG0014682.4	OG0005369.12	OG0038656.0	OG0060408.0
nan	nan	nan	nan	nan
OG0023338.0	OG0001291.1	OG0041596.0	OG0006116.2	OG0006864.2
nan	nan	nan	0.071277174035	nan
OG0002936.4	OG0023574.0	OG0027145.0	OG0027796.0	OG0018760.3
0.905866030723	nan	nan	nan	nan
OG0017995.4	OG0006129.1	OG0056653.0	OG0044662.0	OG0049101.0
nan	nan	nan	nan	nan
OG0048812.0	OG0015098.3	OG0009976.1	OG0011744.0	OG0015448.4
nan	nan	0.785601656167	nan	nan
OG0006191.0	OG0045887.0	OG0001094.26	OG0001457.24	OG0005380.19
nan	nan	nan	nan	nan
OG0003669.6	OG0046570.0	OG0046297.0	OG0022847.0	OG0046644.0
nan	nan	nan	nan	nan
OG0015973.0	OG0024792.0	OG0003395.0	OG0045419.0	OG0046480.0
nan	nan	0.39186365184	nan	nan
OG0008682.0	OG0005698.42	OG0047390.0	OG0038781.0	OG0005097.2
nan	nan	nan	nan	nan
OG0038736.0	OG0017968.2	OG0014070.0	OG0012057.6	OG0012446.6
nan	nan	nan	nan	nan
OG0003444.0	OG0003891.6	OG0047554.0	OG0003947.0	OG0012085.7
nan	nan	nan	nan	nan
OG0009275.0	OG0054034.0	OG0018128.4	OG0005192.4	OG0010969.0
nan	nan	nan	nan	nan
OG0006390.0	OG0001775.0	OG0003260.63	OG0005648.8	OG0023491.0
nan	1.9676470659999998	nan	nan	nan
OG0006981.0	OG0014644.1	OG0019451.0	OG0037746.0	OG0008294.0
nan	nan	nan	nan	1.8721831082559999
OG0000857.0	OG0016152.2	OG0029045.0	OG0024432.0	OG0003281.0
2.398088135661	nan	nan	nan	nan
OG0007006.0	OG0057195.0	OG0003952.13	OG0007234.0	OG0022355.0
nan	nan	nan	nan	nan
OG0007499.28	OG0057248.0	OG0024120.0	OG0001911.24	OG0021432.0
nan	nan	nan	0.29889188605	nan
OG0010971.7	OG0034385.0	OG0027607.0	OG0056833.0	OG0046431.0
nan	nan	nan	nan	nan
OG0010036.0	OG0015611.5	OG0003490.0	OG0041840.0	OG0038738.0
nan	nan	nan	nan	nan
OG0018373.0	OG0044642.0	OG0034544.0	OG0000089.69	OG0023040.0
nan	nan	nan	1.731617087204	nan
OG0043422.0	OG0054022.0	OG0001812.2	OG0002280.0	OG0008117.0
nan	nan	0.769063998692	0.504136553318	nan
OG0006543.0	OG0000215.26	OG0018394.0	OG0013857.0	OG0020519.0
nan	2.194941281322	nan	nan	nan
OG0002414.10	OG0021404.0	OG0008327.2	OG0012077.2	OG0047408.0
nan	nan	nan	nan	nan
OG0029585.0	OG0009160.0	OG0045580.0	OG0007923.2	OG0038101.0
nan	nan	nan	nan	nan
OG0006429.2	OG0043912.0	OG0010839.2	OG0018743.5	OG0008600.2
nan	nan	nan	nan	nan
OG0024531.0	OG0043731.0	OG0000111.164	OG0049155.0	OG0017861.4
nan	nan	0.696225529475	nan	nan
OG0016022.4	OG0000134.30	OG0029086.0	OG0008873.0	OG0018118.2
nan	2.4717050997850003	nan	nan	nan
OG0046402.0	OG0001773.1	OG0013803.0	OG0043500.0	OG0002638.85
nan	nan	nan	nan	nan
OG0004316.0	OG0017347.6	OG0013851.6	OG0008291.14	OG0041969.0
nan	nan	nan	0.0	nan
OG0005257.0	OG0003231.24	OG0024858.0	OG0021648.0	OG0045357.0
nan	1.9957928706060002	nan	nan	nan
OG0000019.2	OG0001881.0	OG0019061.1	OG0003511.4	OG0003270.25
1.4132404892669999	nan	nan	nan	nan
OG0012500.5	OG0023218.0	OG0012957.10	OG0001153.25	OG0006933.0
nan	nan	nan	nan	nan
OG0007877.24	OG0024972.0	OG0011702.2	OG0001834.4	OG0047314.0
nan	nan	nan	1.413453998617	nan
OG0044460.0	OG0002902.14	OG0000455.62	OG0026985.0	OG0041857.0
nan	1.529141313277	0.294480364436	nan	nan
OG0000078.185	OG0001181.24	OG0003884.0	OG0047173.0	OG0002414.34
nan	nan	nan	nan	nan
OG0053818.0	OG0044092.0	OG0041903.0	OG0000124.2	OG0038864.0
nan	nan	nan	nan	nan
OG0004801.15	OG0007046.0	OG0013989.0	OG0060521.0	OG0022256.0
nan	nan	0.108510891775	nan	nan
OG0046665.0	OG0014572.2	OG0022292.0	OG0005906.3	OG0043923.0
nan	0.037575135992	1.906103206806	1.805480643851	nan
OG0045601.0	OG0016040.2	OG0018063.2	OG0041840.0	OG0029597.0
nan	nan	0.398591395982	nan	nan
OG0000883.0	OG0046937.0	OG0017166.0	OG0047316.0	OG0003486.0
0.9620223378530001	nan	nan	nan	nan
OG0025891.0	OG0001808.40	OG0005912.2	OG0011249.0	OG0001399.24
nan	1.608085114934	nan	nan	nan
OG0013848.0	OG0028525.0	OG0017834.1	OG0015714.7	OG0029256.0
0.508248581175	nan	nan	nan	nan
OG0010858.17	OG0003485.0	OG0044528.0	OG0018834.3	OG0009927.0
nan	nan	nan	nan	nan
OG0001494.24	OG0048851.0	OG0000416.102	OG0021949.0	OG0001435.1
nan	nan	nan	nan	nan
OG0007504.4	OG0006080.5	OG0028198.0	OG0024838.0	OG0000283.91
nan	nan	nan	nan	nan
OG0007519.0	OG0001536.0	OG0041513.0	OG0022023.0	OG0008098.0
nan	2.194058774343	nan	nan	nan
OG0017161.0	OG0045417.0	OG0011938.0	OG0034430.0	OG0004555.0
nan	nan	0.47448526079099995	nan	nan
OG0045117.0	OG0056665.0	OG0003683.0	OG0017023.2	OG0008325.2
nan	nan	nan	nan	nan
OG0018492.6	OG0005396.4	OG0045406.0	OG0057491.0	OG0018858.3
nan	nan	nan	nan	nan
OG0034492.0	OG0043745.0	OG0046007.0	OG0002794.0	OG0005141.0
nan	nan	nan	1.021840232544	nan
OG0008336.3	OG0005433.3	OG0015963.5	OG0034462.0	OG0009833.18
nan	nan	nan	nan	0.0
OG0016214.5	OG0047060.0	OG0020487.0	OG0028993.0	OG0014945.1
nan	nan	nan	nan	nan
OG0025674.0	OG0006867.4	OG0003398.18	OG0003638.22	OG0008612.2
nan	0.5185100229940001	0.833678975569	0.791976373168	nan
OG0003474.0	OG0022821.0	OG0044666.0	OG0035572.0	OG0018197.6
nan	nan	nan	nan	nan
OG0038742.0	OG0001360.24	OG0000810.26	OG0028283.0	OG0011971.1
nan	nan	1.105557271244	nan	nan
OG0016058.0	OG0027932.0	OG0007999.8	OG0015302.0	OG0047291.0
nan	nan	0.0	nan	nan
OG0045204.0	OG0034404.0	OG0021932.0	OG0011391.12	OG0016229.7
nan	nan	0.722697360516	nan	nan
OG0045766.0	OG0017096.1	OG0028935.0	OG0045629.0	OG0018629.0
nan	nan	nan	nan	nan
OG0043797.0	OG0018968.3	OG0000503.62	OG0034293.0	OG0008409.1
nan	nan	nan	nan	nan
OG0000117.50	OG0001312.1	OG0005522.8	OG0053891.0	OG0005955.0
3.004957291372	nan	nan	nan	nan
OG0004348.1	OG0057332.0	OG0008520.11	OG0006396.6	OG0004177.4
nan	nan	1.874855698274	nan	nan
OG0013511.5	OG0034234.0	OG0008189.0	OG0028102.0	OG0025094.0
0.782963582634	nan	nan	nan	nan
OG0002755.0	OG0006736.16	OG0000145.8	OG0000120.54	OG0018170.0
0.506240207338	0.333377696173	nan	0.590002936667	nan
OG0004738.6	OG0014839.0	OG0002885.12	OG0046661.0	OG0002419.1
0.9890397000229999	nan	nan	nan	nan
OG0005464.0	OG0001501.1	OG0002744.1	OG0004404.1	OG0001900.0
nan	nan	nan	nan	1.8406737527900001
OG0019188.0	OG0000539.1	OG0017375.5	OG0045078.0	OG0016819.0
nan	0.6969533445139999	nan	nan	nan
OG0004705.0	OG0011598.13	OG0053857.0	OG0045523.0	OG0010683.0
nan	nan	nan	nan	nan
OG0046975.0	OG0006239.4	OG0012392.11	OG0024604.0	OG0047477.0
nan	nan	nan	nan	nan
OG0027613.0	OG0008735.0	OG0007822.0	OG0043853.0	OG0010818.3
nan	nan	nan	nan	nan
OG0005446.0	OG0029984.0	OG0037871.0	OG0004155.0	OG0000574.68
2.111315602217	nan	nan	1.3801130094819998	nan
OG0043843.0	OG0046437.0	OG0000188.1	OG0002853.0	OG0003748.2
nan	nan	1.857007460749	nan	nan
OG0010091.0	OG0046708.0	OG0030016.0	OG0005858.0	OG0045487.0
nan	nan	nan	0.9326447050560001	nan
OG0045911.0	OG0043708.0	OG0011407.4	OG0024070.0	OG0045769.0
nan	nan	nan	nan	nan
OG0035586.0	OG0018147.0	OG0019703.0	OG0003737.13	OG0006252.6
nan	nan	nan	0.606826072149	nan
OG0056945.0	OG0047467.0	OG0016685.1	OG0045590.0	OG0012530.0
nan	nan	nan	nan	nan
OG0023012.0	OG0005065.5	OG0008959.12	OG0023564.0	OG0001732.10
nan	0.15672136013000001	nan	nan	0.662826753409
OG0022055.0	OG0041629.0	OG0019889.0	OG0004953.0	OG0005668.1
nan	nan	nan	nan	nan
OG0003934.0	OG0018124.1	OG0007888.4	OG0025135.0	OG0021200.0
nan	nan	nan	nan	nan
OG0014617.2	OG0016761.3	OG0047086.0	OG0000998.26	OG0007389.9
nan	nan	nan	1.5921486153439999	nan
OG0002187.22	OG0045336.0	OG0022234.0	OG0019744.0	OG0003026.1
nan	nan	0.015088039954	nan	nan
OG0038749.0	OG0007744.0	OG0006677.0	OG0060469.0	OG0046559.0
nan	nan	nan	nan	nan
OG0004405.0	OG0004156.0	OG0019418.0	OG0009956.0	OG0007079.10
0.460895695269	1.7297159688119998	nan	0.144364946734	nan
OG0018126.4	OG0007977.0	OG0018963.4	OG0008344.8	OG0048829.0
nan	nan	nan	nan	nan
OG0019180.0	OG0016207.2	OG0020637.0	OG0028262.0	OG0021355.0
nan	nan	nan	nan	nan
OG0000574.1	OG0048802.0	OG0007179.8	OG0008435.15	OG0047479.0
nan	nan	1.794173659443	nan	nan
OG0005191.0	OG0014568.2	OG0048960.0	OG0009105.2	OG0001883.0
nan	nan	nan	nan	nan
OG0010773.2	OG0001725.29	OG0023227.0	OG0041792.0	OG0049198.0
nan	nan	nan	nan	nan
OG0029243.0	OG0005673.8	OG0026948.0	OG0012059.9	OG0013836.0
nan	nan	nan	nan	nan
OG0047596.0	OG0005682.0	OG0013593.4	OG0013735.11	OG0004156.0
nan	nan	0.32946391225	nan	1.7297159688119998
OG0020626.0	OG0017370.6	OG0004428.0	OG0022618.0	OG0001018.1
nan	nan	nan	nan	1.185455767764
OG0015773.2	OG0034441.0	OG0011360.2	OG0047368.0	OG0002699.0
nan	nan	nan	nan	nan
OG0013997.0	OG0002923.29	OG0003134.0	OG0038826.0	OG0043576.0
nan	1.415295640154	0.823084333878	nan	nan
OG0018954.1	OG0046863.0	OG0024062.0	OG0045600.0	OG0001565.0
nan	nan	nan	nan	1.6053391145050002
OG0012293.4	OG0008126.4	OG0028210.0	OG0002259.1	OG0018757.3
nan	1.715576595351	nan	1.702974139342	nan
OG0046810.0	OG0011466.0	OG0000002.582	OG0006182.0	OG0030183.0
nan	nan	nan	0.048063846155000006	nan
OG0020473.0	OG0013909.9	OG0044318.0	OG0011744.0	OG0025069.0
nan	nan	nan	nan	nan
OG0002259.1	OG0027654.0	OG0000401.0	OG0010540.0	OG0022632.0
1.702974139342	nan	0.957824008583	0.252394969355	nan
OG0003895.0	OG0046603.0	OG0000006.561	OG0045463.0	OG0000110.280
nan	nan	2.3444180522319997	nan	0.527869415762
OG0047288.0	OG0053990.0	OG0046333.0	OG0000315.0	OG0001856.4
nan	nan	nan	2.178161530164	nan
OG0029036.0	OG0005971.0	OG0003788.0	OG0008959.12	OG0014243.7
nan	nan	nan	nan	nan
OG0017389.3	OG0005170.15	OG0044316.0	OG0004418.0	OG0046086.0
nan	nan	nan	nan	nan
OG0021477.0	OG0004287.3	OG0029235.0	OG0015185.2	OG0001555.4
nan	1.347291915175	0.135032313748	nan	1.413617049303
OG0019403.0	OG0020250.0	OG0000217.183	OG0005258.0	OG0008488.2
nan	nan	nan	nan	nan
OG0016136.4	OG0001080.1	OG0007675.0	OG0006329.0	OG0057340.0
nan	nan	nan	0.48136509871699995	nan
OG0016906.2	OG0041568.0	OG0027541.0	OG0020309.0	OG0018344.4
nan	nan	nan	nan	nan
OG0000892.1	OG0020663.0	OG0017897.0	OG0001030.26	OG0056784.0
1.745006066821	nan	nan	nan	nan
OG0020494.0	OG0016946.0	OG0056755.0	OG0000503.1	OG0045333.0
nan	nan	nan	nan	nan
OG0017484.2	OG0025693.0	OG0020492.0	OG0015074.10	OG0046701.0
nan	nan	nan	nan	nan
OG0012250.0	OG0021927.0	OG0035054.0	OG0003910.0	OG0011553.1
nan	nan	nan	nan	nan
OG0006929.0	OG0056658.0	OG0001894.0	OG0006995.0	OG0022019.0
nan	nan	1.1830195931710001	nan	nan
OG0001226.24	OG0048115.0	OG0001400.24	OG0000914.30	OG0007470.8
nan	nan	nan	1.485324986277	nan
OG0000381.0	OG0020523.0	OG0060385.0	OG0024766.0	OG0000540.0
2.441051307041	nan	nan	nan	2.955927676445
OG0037967.0	OG0013654.4	OG0001507.1	OG0025849.0	OG0007910.4
nan	nan	nan	nan	nan
OG0046332.0	OG0045273.0	OG0027753.0	OG0013243.11	OG0000643.24
nan	nan	nan	nan	0.766812225754
OG0029067.0	OG0004618.5	OG0060421.0	OG0015708.8	OG0057045.0
nan	nan	nan	nan	nan
OG0045331.0	OG0018157.2	OG0011880.1	OG0018453.0	OG0034751.0
nan	nan	nan	nan	nan
OG0007530.2	OG0004158.0	OG0046642.0	OG0020755.0	OG0008463.1
nan	nan	nan	nan	nan
OG0041570.0	OG0012670.4	OG0044553.0	OG0046428.0	OG0046238.0
nan	nan	nan	nan	nan
OG0004530.3	OG0041786.0	OG0056793.0	OG0011424.0	OG0005764.0
nan	nan	nan	nan	nan
OG0045114.0	OG0021396.0	OG0008163.2	OG0020267.0	OG0046200.0
nan	0.06364442709	1.089623203914	nan	nan
OG0029081.0	OG0012959.2	OG0056928.0	OG0007853.2	OG0006084.0
nan	nan	nan	nan	nan
OG0001670.24	OG0003426.0	OG0018430.0	OG0026914.0	OG0011459.1
nan	nan	nan	nan	nan
OG0014283.0	OG0060378.0	OG0047273.0	OG0021198.0	OG0002036.0
nan	nan	nan	nan	nan
OG0002499.1	OG0007937.6	OG0046030.0	OG0007336.0	OG0014609.0
nan	nan	nan	1.614242357477	nan
OG0006935.0	OG0008691.0	OG0041825.0	OG0041852.0	OG0019339.0
nan	nan	nan	nan	nan
OG0005457.0	OG0022042.0	OG0004961.2	OG0060397.0	OG0003913.0
nan	nan	1.6022001381959998	nan	0.990482417813
OG0004824.0	OG0019455.0	OG0008922.22	OG0012901.8	OG0007113.2
nan	nan	nan	nan	nan
OG0044852.0	OG0001211.24	OG0021391.0	OG0008500.2	OG0029944.0
nan	nan	nan	nan	nan
OG0006626.0	OG0002057.0	OG0022161.0	OG0049052.0	OG0013718.6
nan	nan	nan	nan	nan
OG0044574.0	OG0034462.0	OG0011576.0	OG0023017.0	OG0056569.0
nan	nan	nan	nan	nan
OG0019069.1	OG0011458.4	OG0034785.0	OG0053779.0	OG0045793.0
nan	nan	nan	nan	nan
OG0044016.0	OG0021221.0	OG0029158.0	OG0060535.0	OG0045473.0
nan	nan	nan	nan	nan
OG0045951.0	OG0029974.0	OG0035693.0	OG0017794.6	OG0003951.7
nan	nan	nan	nan	nan
OG0029575.0	OG0046543.0	OG0000000.2590	OG0026512.0	OG0006600.2
nan	nan	1.017678638731	nan	nan
OG0041588.0	OG0007739.4	OG0004066.0	OG0018399.1	OG0012048.7
nan	nan	0.045808496931999995	nan	nan
OG0006872.0	OG0013560.0	OG0028168.0	OG0003846.1	OG0035678.0
nan	nan	nan	nan	nan
OG0004008.3	OG0044291.0	OG0000268.1	OG0044372.0	OG0046527.0
nan	nan	0.548817926977	nan	nan
OG0014574.4	OG0020606.0	OG0025919.0	OG0001696.0	OG0047012.0
nan	nan	nan	0.32049590375500003	nan
OG0001651.17	OG0007210.4	OG0014177.7	OG0057292.0	OG0043724.0
nan	nan	nan	nan	nan
OG0000875.1	OG0034580.0	OG0024605.0	OG0045547.0	OG0048962.0
nan	nan	nan	nan	nan
OG0019041.1	OG0002453.0	OG0024362.0	OG0014615.0	OG0045720.0
nan	nan	nan	nan	nan
OG0038886.0	OG0046358.0	OG0003688.2	OG0012520.7	OG0021971.0
nan	nan	nan	nan	nan
OG0003056.0	OG0010022.0	OG0054065.0	OG0046459.0	OG0006219.0
nan	nan	nan	nan	0.951281223053
OG0004882.0	OG0027735.0	OG0014656.2	OG0006966.4	OG0016362.4
1.409247044951	nan	nan	nan	nan
OG0014522.0	OG0018812.5	OG0012403.12	OG0007875.4	OG0002789.1
nan	nan	nan	nan	nan
OG0005171.24	OG0002205.0	OG0041964.0	OG0044562.0	OG0014293.0
nan	2.196943333303	nan	nan	nan
OG0000825.24	OG0010021.0	OG0009050.10	OG0022177.0	OG0045759.0
0.966978125748	1.3350693959550002	nan	nan	nan
OG0010666.0	OG0003512.4	OG0024628.0	OG0043574.0	OG0006800.0
nan	nan	nan	nan	1.7491391366290001
OG0023516.0	OG0060359.0	OG0006283.0	OG0002794.0	OG0043763.0
nan	nan	nan	1.021840232544	nan
OG0000232.164	OG0057587.0	OG0025590.0	OG0034860.0	OG0034679.0
0.7320723469339999	nan	nan	nan	nan
OG0018945.6	OG0008369.2	OG0025693.0	OG0013291.0	OG0038750.0
nan	nan	nan	nan	nan
OG0038753.0	OG0012485.13	OG0019298.0	OG0057120.0	OG0034542.0
nan	nan	nan	nan	nan
OG0045432.0	OG0013168.0	OG0045014.0	OG0020586.0	OG0054131.0
nan	nan	nan	nan	nan
OG0028158.0	OG0006563.0	OG0000891.14	OG0028254.0	OG0001435.1
nan	nan	0.569128893677	nan	nan
OG0016528.0	OG0008306.1	OG0007088.30	OG0034401.0	OG0025341.0
nan	nan	nan	nan	nan
OG0016867.0	OG0016685.1	OG0000627.21	OG0020326.0	OG0021602.0
nan	nan	0.9415540383050001	nan	0.074240535774
OG0057417.0	OG0003403.0	OG0046506.0	OG0007727.1	OG0014150.2
nan	nan	nan	nan	1.103435069642
OG0024804.0	OG0047546.0	OG0014399.1	OG0054089.0	OG0047958.0
nan	nan	nan	nan	nan
OG0002363.1	OG0017219.5	OG0018997.1	OG0001845.2	OG0044153.0
nan	nan	nan	nan	nan
OG0012534.2	OG0004710.2	OG0000801.24	OG0056899.0	OG0007761.3
nan	1.9217015975350002	0.36435145448600004	nan	nan
OG0011945.0	OG0029564.0	OG0012485.13	OG0014998.7	OG0005235.2
0.306609771244	nan	nan	nan	nan
OG0015348.0	OG0011366.6	OG0017795.2	OG0035821.0	OG0020733.0
nan	nan	nan	nan	nan
OG0003098.12	OG0010036.0	OG0038816.0	OG0047942.0	OG0006196.0
nan	nan	nan	nan	nan
OG0019757.0	OG0029992.0	OG0016040.2	OG0005107.4	OG0044814.0
nan	nan	nan	nan	nan
OG0024637.0	OG0038925.0	OG0045567.0	OG0004170.0	OG0001254.24
nan	nan	nan	1.536655618129	nan
OG0021440.0	OG0004068.8	OG0048065.0	OG0017762.2	OG0026974.0
nan	0.595065911934	nan	nan	nan
OG0023568.0	OG0045268.0	OG0044912.0	OG0054008.0	OG0015136.9
nan	nan	nan	nan	nan
OG0006622.0	OG0027544.0	OG0008897.23	OG0008253.2	OG0021279.0
nan	nan	nan	nan	nan
OG0010882.0	OG0020618.0	OG0006657.0	OG0022182.0	OG0010495.7
nan	nan	nan	0.415413323644	nan
OG0043886.0	OG0030183.0	OG0011930.8	OG0013907.7	OG0038655.0
nan	nan	nan	nan	nan
OG0037888.0	OG0043706.0	OG0019460.0	OG0005715.2	OG0015323.0
nan	nan	nan	nan	nan
OG0057541.0	OG0004352.0	OG0016889.0	OG0041605.0	OG0020463.0
nan	nan	nan	nan	nan
OG0012110.3	OG0037918.0	OG0041617.0	OG0007883.4	OG0000323.172
nan	nan	nan	nan	nan
OG0024669.0	OG0029259.0	OG0038112.0	OG0006876.0	OG0020198.0
nan	nan	nan	nan	nan
OG0038073.0	OG0046714.0	OG0034955.0	OG0009876.3	OG0034894.0
nan	nan	nan	nan	nan
OG0012643.0	OG0000857.0	OG0006164.17	OG0002836.4	OG0019491.0
nan	2.398088135661	nan	nan	nan
OG0057579.0	OG0046040.0	OG0022781.0	OG0020123.0	OG0007066.10
nan	nan	nan	nan	nan
OG0019383.0	OG0034778.0	OG0004180.46	OG0000101.19	OG0025895.0
nan	nan	1.0909891035200001	nan	nan
OG0006900.0	OG0013507.0	OG0046280.0	OG0018783.6	OG0022450.0
0.275367983041	nan	nan	nan	0.826722691371
OG0046097.0	OG0004346.4	OG0048034.0	OG0006872.0	OG0007521.1
nan	nan	nan	nan	nan
OG0006815.10	OG0027618.0	OG0010633.17	OG0056680.0	OG0014557.8
1.3774989987869999	nan	nan	nan	nan
OG0018968.6	OG0013648.4	OG0010563.3	OG0005161.25	OG0027643.0
nan	nan	1.385200848695	nan	nan
OG0006498.0	OG0015961.7	OG0002568.27	OG0010824.12	OG0004300.2
nan	nan	1.7721803998249999	nan	nan
OG0044740.0	OG0043414.0	OG0024539.0	OG0022219.0	OG0001879.0
nan	nan	nan	nan	nan
OG0041543.0	OG0011387.0	OG0018832.2	OG0048835.0	OG0020709.0
nan	nan	nan	nan	nan
OG0002091.0	OG0000000.2172	OG0003296.0	OG0025887.0	OG0004801.15
nan	nan	nan	nan	nan
OG0012217.4	OG0053845.0	OG0016687.2	OG0027202.0	OG0044414.0
nan	nan	nan	nan	nan
OG0053795.0	OG0022603.0	OG0004638.0	OG0000294.0	OG0026194.0
nan	nan	nan	1.0614469450700001	nan
OG0022786.0	OG0006797.2	OG0046173.0	OG0011189.0	OG0021182.0
nan	nan	nan	2.329790708516	nan
OG0045042.0	OG0044710.0	OG0037747.0	OG0037752.0	OG0020844.0
nan	nan	nan	nan	nan
OG0013896.0	OG0024451.0	OG0045675.0	OG0003043.33	OG0014814.4
0.071985253592	nan	nan	0.177668478967	nan
OG0021456.0	OG0008750.2	OG0046665.0	OG0034725.0	OG0016073.4
nan	nan	nan	nan	0.669139322148
OG0047401.0	OG0006716.34	OG0047012.0	OG0044021.0	OG0060526.0
nan	nan	nan	nan	nan
OG0011395.0	OG0043389.0	OG0037705.0	OG0003622.40	OG0046750.0
0.649002062793	nan	nan	nan	nan
OG0004706.0	OG0025941.0	OG0038184.0	OG0024895.0	OG0046966.0
1.5788114212189999	nan	nan	nan	nan
OG0021655.0	OG0016040.2	OG0013481.0	OG0046635.0	OG0003457.0
nan	nan	nan	nan	nan
OG0022230.0	OG0018607.0	OG0034666.0	OG0007920.14	OG0024291.0
nan	0.009693387493	nan	nan	nan
OG0002116.0	OG0006949.0	OG0011691.3	OG0008582.0	OG0017991.4
nan	nan	nan	nan	nan
OG0047414.0	OG0004324.0	OG0027763.0	OG0000306.0	OG0023471.0
nan	nan	nan	1.8847772039539998	nan
OG0028431.0	OG0000577.9	OG0003094.22	OG0018378.2	OG0022369.0
nan	0.854516384906	nan	nan	nan
OG0000005.968	OG0047490.0	OG0007063.22	OG0056702.0	OG0015652.8
1.1865562404080001	nan	nan	nan	nan
OG0009782.21	OG0020026.0	OG0027642.0	OG0016661.3	OG0021434.0
nan	nan	nan	nan	nan
OG0002230.0	OG0006774.1	OG0020504.0	OG0007667.2	OG0013538.1
1.0281657918440001	nan	nan	1.774084821512	nan
OG0006937.4	OG0004681.6	OG0014151.6	OG0047085.0	OG0053842.0
nan	nan	nan	nan	nan
OG0006112.0	OG0027068.0	OG0049032.0	OG0038697.0	OG0007551.0
0.0	nan	nan	nan	nan
OG0002803.15	OG0022780.0	OG0004955.0	OG0006320.1	OG0044269.0
1.3483776773069998	nan	nan	nan	nan
OG0006351.22	OG0007262.0	OG0027887.0	OG0023181.0	OG0007424.17
nan	nan	nan	nan	nan
OG0005456.4	OG0000104.85	OG0049112.0	OG0006999.0	OG0004718.4
1.067730345825	nan	nan	nan	nan
OG0002814.39	OG0057003.0	OG0035589.0	OG0043496.0	OG0019687.0
0.42656742759099997	nan	nan	nan	nan
OG0000605.0	OG0046413.0	OG0017905.0	OG0014586.0	OG0022999.0
1.344889372811	nan	nan	nan	nan
OG0047207.0	OG0018049.2	OG0048939.0	OG0009276.0	OG0021307.0
nan	nan	nan	nan	nan
OG0043860.0	OG0019475.0	OG0027258.0	OG0035720.0	OG0006200.16
nan	nan	nan	nan	nan
OG0044749.0	OG0037715.0	OG0007533.2	OG0003912.0	OG0028436.0
nan	nan	0.923019739463	0.831515705971	nan
OG0046415.0	OG0041844.0	OG0044177.0	OG0011588.2	OG0004582.0
nan	nan	nan	nan	nan
OG0047250.0	OG0048030.0	OG0025008.0	OG0011543.2	OG0046838.0
nan	nan	nan	nan	nan
OG0023181.0	OG0046142.0	OG0003227.2	OG0003206.16	OG0007339.0
nan	nan	2.3290423847299997	nan	nan
OG0012975.0	OG0053792.0	OG0045568.0	OG0011689.4	OG0020913.0
nan	nan	nan	nan	nan
OG0012829.2	OG0057465.0	OG0004098.16	OG0025689.0	OG0038887.0
nan	nan	1.078382421669	nan	nan
OG0004790.0	OG0022605.0	OG0021966.0	OG0045794.0	OG0015563.1
nan	nan	nan	nan	nan
OG0000828.16	OG0010519.1	OG0014832.6	OG0009034.2	OG0054086.0
1.2554157538339998	nan	nan	nan	nan
OG0024674.0	OG0010812.8	OG0043391.0	OG0044713.0	OG0004972.1
nan	nan	nan	nan	nan
OG0018405.3	OG0007067.27	OG0005027.0	OG0017539.2	OG0001370.24
nan	nan	0.38021450825099995	nan	nan
OG0001406.24	OG0022827.0	OG0006994.14	OG0011510.8	OG0017259.6
nan	nan	nan	nan	nan
OG0001508.1	OG0056568.0	OG0004446.2	OG0027370.0	OG0028032.0
nan	nan	1.095734491428	nan	nan
OG0000159.8	OG0022874.0	OG0004392.24	OG0046073.0	OG0014502.4
1.6847408020399999	nan	nan	nan	nan
OG0007090.1	OG0020928.0	OG0015449.7	OG0004415.0	OG0013187.0
nan	nan	nan	nan	nan
OG0000719.0	OG0041943.0	OG0024729.0	OG0005589.0	OG0005768.6
1.805580519439	nan	nan	nan	nan
OG0023088.0	OG0008059.4	OG0008346.5	OG0011375.0	OG0018456.0
nan	nan	nan	nan	nan
OG0014148.3	OG0017784.2	OG0047498.0	OG0047526.0	OG0025816.0
nan	nan	nan	nan	nan
OG0021629.0	OG0005272.0	OG0056568.0	OG0010007.19	OG0025883.0
nan	0.714568738881	nan	nan	nan
OG0004630.0	OG0034235.0	OG0011545.1	OG0038743.0	OG0022791.0
nan	nan	nan	nan	nan
OG0002336.0	OG0056692.0	OG0007806.7	OG0047353.0	OG0011274.2
nan	nan	nan	nan	nan
OG0041742.0	OG0054052.0	OG0047544.0	OG0012108.0	OG0017474.3
nan	nan	nan	nan	nan
OG0013553.2	OG0002593.5	OG0035867.0	OG0043523.0	OG0046359.0
nan	1.486632160942	nan	nan	nan
OG0016638.6	OG0016080.1	OG0047361.0	OG0005504.0	OG0027868.0
nan	nan	nan	nan	nan
OG0012210.0	OG0034348.0	OG0016738.1	OG0014689.2	OG0044451.0
nan	nan	nan	nan	nan
OG0021833.0	OG0008214.2	OG0043584.0	OG0046334.0	OG0020403.0
nan	nan	nan	nan	nan
OG0020616.0	OG0002523.0	OG0017111.6	OG0046800.0	OG0001786.20
nan	1.8148857592329999	nan	nan	nan
OG0029107.0	OG0034251.0	OG0015729.7	OG0005760.10	OG0002518.2
nan	nan	nan	nan	nan
OG0005609.0	OG0014174.9	OG0014690.4	OG0057012.0	OG0044013.0
nan	nan	nan	nan	nan
OG0006331.37	OG0003245.24	OG0019122.1	OG0005046.48	OG0007858.6
nan	1.373233522585	nan	nan	nan
OG0007547.0	OG0015256.2	OG0028099.0	OG0005974.0	OG0010022.0
nan	nan	nan	nan	nan
OG0010014.0	OG0022667.0	OG0006925.0	OG0011441.2	OG0002178.2
nan	nan	nan	nan	0.585040068528
OG0001080.1	OG0000269.0	OG0024781.0	OG0013913.5	OG0045270.0
nan	1.281938110574	nan	nan	nan
OG0027554.0	OG0018007.5	OG0045267.0	OG0045936.0	OG0017099.6
nan	nan	nan	nan	nan
OG0024388.0	OG0006845.2	OG0012502.2	OG0026545.0	OG0018829.3
nan	nan	nan	nan	nan
OG0008273.0	OG0015354.0	OG0016614.8	OG0046959.0	OG0010018.0
0.412958478156	nan	nan	nan	nan
OG0028442.0	OG0044388.0	OG0056643.0	OG0001836.0	OG0007843.0
nan	nan	nan	1.738803591051	0.743253318108
OG0006516.0	OG0049062.0	OG0057403.0	OG0014606.4	OG0035747.0
nan	nan	nan	nan	nan
OG0034666.0	OG0003845.0	OG0045513.0	OG0043917.0	OG0004942.0
nan	1.6116283364809998	nan	nan	nan
OG0045242.0	OG0035037.0	OG0029947.0	OG0007469.0	OG0014300.3
nan	nan	nan	nan	nan
OG0028142.0	OG0007252.0	OG0029091.0	OG0041871.0	OG0022322.0
nan	nan	nan	nan	nan
OG0003869.1	OG0012569.3	OG0000665.0	OG0013253.8	OG0005823.9
nan	nan	nan	nan	nan
OG0002393.114	OG0000014.240	OG0025857.0	OG0000079.11	OG0005285.0
nan	1.878062659379	nan	nan	nan
OG0056986.0	OG0006271.0	OG0034251.0	OG0017965.6	OG0049070.0
nan	nan	nan	nan	nan
OG0014675.4	OG0026915.0	OG0006327.0	OG0026960.0	OG0027961.0
nan	nan	nan	nan	nan
OG0007325.2	OG0019626.0	OG0007536.1	OG0044451.0	OG0038613.0
nan	nan	nan	nan	nan
OG0041511.0	OG0006429.2	OG0025171.0	OG0047344.0	OG0011803.0
nan	nan	nan	nan	nan
OG0015978.3	OG0002166.0	OG0004571.0	OG0009131.2	OG0046600.0
nan	nan	nan	0.00967273286	nan
OG0001141.24	OG0023458.0	OG0006240.0	OG0038600.0	OG0018385.0
nan	nan	nan	nan	nan
OG0011889.2	OG0017886.0	OG0005827.2	OG0020492.0	OG0006639.0
nan	nan	nan	nan	nan
OG0044356.0	OG0038112.0	OG0013291.0	OG0047214.0	OG0028225.0
nan	nan	nan	nan	nan
OG0048141.0	OG0034752.0	OG0037758.0	OG0008751.0	OG0010773.2
nan	nan	nan	nan	nan
OG0021966.0	OG0028861.0	OG0028211.0	OG0005617.0	OG0009098.2
nan	nan	nan	nan	nan
OG0023075.0	OG0009910.10	OG0000735.1	OG0060338.0	OG0011651.2
nan	nan	0.42212323037199995	nan	nan
OG0046401.0	OG0003956.4	OG0015238.4	OG0006461.4	OG0047068.0
nan	1.087553537154	nan	nan	nan
OG0009984.0	OG0057495.0	OG0049043.0	OG0015454.1	OG0008694.0
nan	nan	nan	nan	nan
OG0047162.0	OG0046949.0	OG0046245.0	OG0027761.0	OG0019102.3
nan	nan	nan	nan	nan
OG0054045.0	OG0014727.4	OG0002093.0	OG0005314.0	OG0056669.0
nan	nan	nan	1.812966611322	nan
OG0034482.0	OG0025991.0	OG0007643.2	OG0029557.0	OG0012705.1
nan	nan	nan	nan	nan
OG0001357.24	OG0005508.0	OG0057494.0	OG0000823.115	OG0019336.0
nan	nan	nan	nan	0.009314174451000001
OG0004572.1	OG0021195.0	OG0027525.0	OG0018419.2	OG0047943.0
0.127862394594	nan	nan	nan	nan
OG0004494.1	OG0014859.0	OG0023339.0	OG0057255.0	OG0006445.0
nan	0.049736889910000005	nan	nan	0.7454393044740001
OG0002230.0	OG0025721.0	OG0027622.0	OG0018852.3	OG0045101.0
1.0281657918440001	nan	nan	nan	nan
OG0016180.0	OG0007133.1	OG0011225.0	OG0006857.0	OG0017439.2
nan	0.309212450359	0.237269079499	nan	nan
OG0048904.0	OG0000832.1	OG0008559.4	OG0024682.0	OG0005398.16
nan	nan	nan	nan	nan
OG0047504.0	OG0011460.2	OG0047539.0	OG0044643.0	OG0014081.0
nan	nan	nan	nan	nan
OG0015996.6	OG0011540.2	OG0046777.0	OG0006081.0	OG0046000.0
nan	nan	nan	nan	nan
OG0004157.0	OG0027977.0	OG0001523.1	OG0019257.0	OG0037968.0
0.7921847840180001	nan	nan	nan	nan
OG0011375.0	OG0003079.0	OG0001317.1	OG0021635.0	OG0019333.0
nan	nan	nan	nan	nan
OG0053903.0	OG0000366.0	OG0020845.0	OG0007407.0	OG0045832.0
nan	1.004897625143	nan	nan	nan
OG0016718.2	OG0016868.0	OG0044431.0	OG0012478.4	OG0003968.0
2.642114735478	nan	nan	nan	nan
OG0026468.0	OG0057483.0	OG0011264.1	OG0038161.0	OG0044051.0
nan	nan	0.12538203766	nan	nan
OG0012862.0	OG0027870.0	OG0003197.4	OG0038917.0	OG0027442.0
0.007795390031	nan	0.857005471005	nan	nan
OG0060379.0	OG0034765.0	OG0012255.0	OG0026883.0	OG0004464.0
nan	nan	nan	nan	nan
OG0004781.0	OG0017434.1	OG0043644.0	OG0011646.2	OG0038807.0
0.721411472951	nan	nan	nan	nan
OG0046261.0	OG0027083.0	OG0003183.0	OG0001842.34	OG0007152.5
nan	nan	0.836943160972	nan	nan
OG0020911.0	OG0037752.0	OG0013871.2	OG0000549.1	OG0024500.0
nan	nan	nan	1.992532487685	nan
OG0014291.1	OG0041541.0	OG0022285.0	OG0004820.0	OG0011564.0
nan	nan	nan	0.7531587840330001	0.886644578637
OG0046912.0	OG0009975.0	OG0003181.15	OG0003019.24	OG0021932.0
nan	nan	nan	1.1111201972799998	0.722697360516
OG0047422.0	OG0020766.0	OG0024941.0	OG0041528.0	OG0035663.0
nan	nan	nan	nan	nan
OG0025203.0	OG0003788.0	OG0045931.0	OG0014530.2	OG0047362.0
nan	nan	nan	nan	nan
OG0012121.0	OG0046650.0	OG0018221.4	OG0009778.1	OG0005150.0
nan	nan	nan	nan	2.2550118941879997
OG0002568.27	OG0017417.6	OG0022657.0	OG0010841.2	OG0028125.0
1.7721803998249999	nan	0.524809192292	nan	nan
OG0011986.10	OG0018968.3	OG0016628.5	OG0034273.0	OG0016179.4
nan	nan	nan	nan	nan
OG0003417.0	OG0012480.7	OG0022390.0	OG0019055.1	OG0000416.1
nan	nan	nan	nan	1.187709314076
OG0015396.1	OG0006267.0	OG0028258.0	OG0046410.0	OG0006860.0
nan	nan	nan	nan	nan
OG0015772.1	OG0045624.0	OG0000773.0	OG0021266.0	OG0053846.0
nan	nan	1.0676494642630001	nan	nan
OG0003364.8	OG0024807.0	OG0007512.0	OG0011136.0	OG0035814.0
nan	nan	nan	1.021515493901	nan
OG0011699.12	OG0015828.1	OG0044104.0	OG0043425.0	OG0004026.1
nan	nan	nan	nan	0.651910004371
OG0004407.0	OG0014743.1	OG0019426.0	OG0012044.2	OG0011260.2
nan	nan	nan	nan	nan
OG0029216.0	OG0045338.0	OG0003027.0	OG0023061.0	OG0047060.0
nan	nan	nan	nan	nan
OG0035541.0	OG0004004.10	OG0025110.0	OG0020464.0	OG0017928.0
nan	nan	nan	nan	nan
OG0012862.0	OG0060553.0	OG0002122.0	OG0060356.0	OG0002794.0
0.007795390031	nan	nan	nan	1.021840232544
OG0000141.8	OG0044357.0	OG0000856.0	OG0020644.0	OG0012137.0
5.1357396468	nan	0.532097900581	nan	1.525654399844
OG0001929.1	OG0020909.0	OG0048810.0	OG0060378.0	OG0000285.1
nan	nan	nan	nan	0.601879764668
OG0023047.0	OG0000178.8	OG0005232.0	OG0005897.2	OG0046487.0
nan	1.5735874893950001	nan	1.520327325927	nan
OG0000392.72	OG0041601.0	OG0045483.0	OG0011735.8	OG0019275.0
0.641553650155	nan	nan	nan	nan
OG0045846.0	OG0027926.0	OG0001018.1	OG0001153.126	OG0027561.0
nan	nan	1.185455767764	0.067037624676	nan
OG0001410.24	OG0043585.0	OG0005865.2	OG0024893.0	OG0012403.12
nan	nan	nan	nan	nan
OG0003748.2	OG0004920.24	OG0017846.4	OG0060345.0	OG0023152.0
nan	nan	nan	nan	nan
OG0002465.0	OG0046282.0	OG0008232.12	OG0053982.0	OG0008891.1
1.779208059385	nan	nan	nan	nan
OG0048148.0	OG0023274.0	OG0007169.0	OG0011158.2	OG0047111.0
nan	nan	nan	nan	nan
OG0028308.0	OG0045212.0	OG0016941.0	OG0006546.0	OG0044592.0
nan	nan	nan	0.5298665185329999	nan
OG0011655.12	OG0060508.0	OG0007150.0	OG0034734.0	OG0000987.19
nan	nan	nan	nan	1.1868433224600001
OG0021186.0	OG0034451.0	OG0001856.4	OG0014600.0	OG0019869.0
nan	nan	nan	nan	nan
OG0021261.0	OG0008770.0	OG0007157.3	OG0010042.14	OG0007907.0
nan	1.8302837677559998	nan	nan	nan
OG0001005.6	OG0019986.0	OG0046099.0	OG0020571.0	OG0022995.0
1.545725220099	nan	nan	nan	nan
OG0006607.0	OG0016969.3	OG0018842.2	OG0029588.0	OG0010685.0
nan	nan	nan	nan	nan
OG0038002.0	OG0060405.0	OG0044717.0	OG0004683.0	OG0001099.24
nan	nan	nan	nan	1.3260047229829999
OG0007995.14	OG0034928.0	OG0056726.0	OG0004874.0	OG0009027.0
nan	nan	nan	1.599065725864	nan
OG0014859.0	OG0019949.0	OG0004623.10	OG0007931.1	OG0015341.1
0.049736889910000005	nan	0.357283999701	nan	nan
OG0011954.6	OG0008192.2	OG0045300.0	OG0004249.0	OG0004012.2
0.9023172234110001	nan	nan	nan	nan
OG0016148.4	OG0000159.8	OG0057435.0	OG0019326.0	OG0034774.0
nan	1.6847408020399999	nan	nan	nan
OG0047411.0	OG0022978.0	OG0005927.9	OG0021103.0	OG0012134.2
nan	nan	nan	nan	nan
OG0012723.0	OG0017491.1	OG0027794.0	OG0041781.0	OG0001478.0
nan	nan	nan	nan	1.169935373841
OG0056936.0	OG0021464.0	OG0038806.0	OG0047093.0	OG0026997.0
nan	nan	nan	nan	nan
OG0053893.0	OG0003294.0	OG0010904.1	OG0014352.0	OG0003029.3
nan	nan	nan	nan	1.129932913556
OG0038756.0	OG0026307.0	OG0019432.0	OG0007004.32	OG0007839.12
nan	nan	nan	nan	0.503458602452
OG0041843.0	OG0001855.4	OG0019037.1	OG0011307.2	OG0025988.0
nan	nan	nan	nan	nan
OG0056634.0	OG0048183.0	OG0020726.0	OG0014531.2	OG0046045.0
nan	nan	0.10443125965	nan	nan
OG0006856.0	OG0046288.0	OG0024320.0	OG0015195.2	OG0045288.0
nan	nan	nan	nan	nan
OG0003100.0	OG0041591.0	OG0025947.0	OG0048090.0	OG0044318.0
0.466646067947	nan	nan	nan	nan
OG0008479.2	OG0057340.0	OG0021952.0	OG0007970.2	OG0017996.4
nan	nan	nan	1.188008072153	nan
OG0043482.0	OG0022334.0	OG0019374.0	OG0000005.545	OG0044571.0
nan	nan	nan	0.371366376455	nan
OG0020547.0	OG0001505.24	OG0014553.9	OG0027566.0	OG0006559.0
nan	nan	nan	nan	nan
OG0001607.2	OG0000958.3	OG0034779.0	OG0021056.0	OG0011685.2
1.9185610542340001	2.117225016314	nan	nan	nan
OG0002010.0	OG0049066.0	OG0012686.0	OG0015205.2	OG0015753.2
nan	nan	nan	nan	nan
OG0015458.1	OG0001811.2	OG0005447.3	OG0004325.16	OG0000218.208
nan	nan	nan	nan	nan
OG0028068.0	OG0009922.0	OG0045950.0	OG0005524.6	OG0004573.1
nan	0.5403950420279999	nan	nan	0.356731325826
OG0057125.0	OG0034874.0	OG0021217.0	OG0043853.0	OG0002424.0
nan	nan	nan	nan	nan
OG0020820.0	OG0013799.0	OG0043617.0	OG0010033.0	OG0000241.0
nan	nan	nan	2.609298157395	0.588780247501
OG0000001.2052	OG0014809.3	OG0018904.5	OG0027829.0	OG0043344.0
nan	nan	nan	nan	nan
OG0038782.0	OG0044641.0	OG0008138.14	OG0024950.0	OG0044246.0
nan	nan	0.444533631775	nan	nan
OG0001775.0	OG0024121.0	OG0003125.8	OG0034630.0	OG0038044.0
1.9676470659999998	nan	nan	nan	nan
OG0037750.0	OG0015097.5	OG0025797.0	OG0009878.0	OG0016675.2
nan	nan	nan	nan	nan
OG0010512.0	OG0046870.0	OG0023394.0	OG0001754.11	OG0002942.5
nan	nan	nan	nan	1.853780798257
OG0007174.2	OG0002805.0	OG0028281.0	OG0015304.0	OG0037890.0
nan	1.202068467926	nan	nan	nan
OG0003534.3	OG0009162.19	OG0000283.91	OG0005272.0	OG0045750.0
1.352826658448	nan	nan	0.714568738881	nan
OG0038700.0	OG0049023.0	OG0008703.18	OG0010736.0	OG0020262.0
nan	nan	nan	nan	nan
OG0027473.0	OG0041624.0	OG0009928.2	OG0023379.0	OG0038673.0
nan	nan	nan	nan	nan
OG0012345.0	OG0046743.0	OG0014648.4	OG0024946.0	OG0034402.0
1.248408249322	nan	nan	nan	nan
OG0018829.3	OG0007088.30	OG0020332.0	OG0008147.2	OG0054122.0
nan	nan	nan	nan	nan
OG0012401.2	OG0035794.0	OG0017282.1	OG0015796.7	OG0022605.0
nan	nan	nan	nan	nan
OG0001419.3	OG0027924.0	OG0046884.0	OG0044596.0	OG0008438.7
nan	nan	nan	nan	nan
OG0035615.0	OG0008090.0	OG0034572.0	OG0016189.4	OG0016806.0
nan	nan	nan	nan	nan
OG0005373.2	OG0014524.2	OG0000494.1	OG0005970.0	OG0008131.2
0.910737911442	nan	nan	0.999939029699	nan
OG0048166.0	OG0048960.0	OG0034406.0	OG0020707.0	OG0047551.0
nan	nan	nan	nan	nan
OG0034745.0	OG0015201.0	OG0018359.4	OG0007790.0	OG0027071.0
nan	nan	nan	0.22996787905699997	nan
OG0056529.0	OG0007302.0	OG0012398.0	OG0029224.0	OG0027929.0
nan	nan	nan	nan	nan
OG0000410.39	OG0006828.0	OG0021258.0	OG0043660.0	OG0037978.0
1.387823251996	1.43088790238	nan	nan	nan
OG0001492.24	OG0024692.0	OG0046599.0	OG0027910.0	OG0043732.0
nan	nan	nan	nan	nan
OG0007658.2	OG0004895.0	OG0037931.0	OG0003652.0	OG0013832.0
nan	nan	nan	1.627984828294	nan
OG0013576.4	OG0045003.0	OG0012863.0	OG0046209.0	OG0005105.0
nan	nan	nan	nan	nan
OG0010541.8	OG0027036.0	OG0007879.2	OG0060326.0	OG0060547.0
nan	nan	nan	nan	nan
OG0047296.0	OG0015121.5	OG0035792.0	OG0045545.0	OG0003205.0
nan	nan	nan	nan	nan
OG0000110.3	OG0020903.0	OG0046186.0	OG0005918.2	OG0007808.0
1.7004162147139998	nan	nan	nan	nan
OG0004152.1	OG0005737.2	OG0028967.0	OG0016882.0	OG0005337.4
nan	nan	nan	nan	nan
OG0027440.0	OG0023060.0	OG0012676.9	OG0005810.2	OG0004311.0
nan	nan	nan	nan	nan
OG0004622.6	OG0002784.9	OG0001831.0	OG0006477.2	OG0012864.8
0.11125494192	0.14388354982	nan	1.4086183657929998	nan
OG0000838.0	OG0044742.0	OG0009971.0	OG0020408.0	OG0060423.0
1.1340212169230002	nan	nan	nan	nan
OG0035852.0	OG0009164.8	OG0045168.0	OG0009158.0	OG0045833.0
nan	nan	nan	nan	nan
OG0046079.0	OG0016790.2	OG0045178.0	OG0018179.1	OG0000277.0
nan	nan	nan	nan	2.091376631882
OG0004237.0	OG0043638.0	OG0011294.4	OG0004886.0	OG0025084.0
3.5786105134249997	nan	nan	nan	nan
OG0025384.0	OG0009030.0	OG0038618.0	OG0005495.0	OG0053888.0
nan	nan	nan	1.043568749417	nan
OG0013850.0	OG0045889.0	OG0043838.0	OG0016787.0	OG0034505.0
nan	nan	nan	nan	nan
OG0047134.0	OG0010014.0	OG0006614.0	OG0018995.0	OG0015325.6
nan	nan	nan	nan	nan
OG0012746.10	OG0006005.0	OG0028193.0	OG0003517.3	OG0017773.5
nan	nan	nan	0.882455306082	nan
OG0008590.0	OG0044491.0	OG0021356.0	OG0043395.0	OG0057140.0
0.166781878037	nan	nan	nan	nan
OG0015714.7	OG0018121.2	OG0003547.0	OG0000197.0	OG0024386.0
nan	nan	0.760683548242	2.2808534262	nan
OG0008229.0	OG0035840.0	OG0016112.0	OG0020870.0	OG0011631.6
nan	nan	nan	nan	nan
OG0008265.0	OG0022959.0	OG0037716.0	OG0024828.0	OG0001673.0
nan	nan	nan	nan	nan
OG0013123.3	OG0008196.2	OG0027486.0	OG0003010.1	OG0013658.3
nan	nan	nan	1.2410306088410001	nan
OG0006943.0	OG0000062.399	OG0038091.0	OG0002802.20	OG0057009.0
nan	nan	nan	nan	nan
OG0044915.0	OG0044391.0	OG0005924.2	OG0008066.0	OG0000515.2
nan	nan	0.531575966405	nan	1.6508575714109999
OG0027429.0	OG0000447.0	OG0028798.0	OG0020488.0	OG0020418.0
nan	0.668801176128	nan	nan	nan
OG0046627.0	OG0034911.0	OG0044863.0	OG0047237.0	OG0028270.0
nan	nan	nan	nan	nan
OG0034938.0	OG0021943.0	OG0014521.4	OG0022217.0	OG0043849.0
nan	2.351268764897	nan	nan	nan
OG0007967.6	OG0000911.3	OG0014007.7	OG0022897.0	OG0013994.0
nan	nan	nan	nan	nan
OG0006698.0	OG0046605.0	OG0034899.0	OG0009892.0	OG0003631.7
nan	nan	nan	nan	1.0000772071269999
OG0019983.0	OG0012470.9	OG0008082.0	OG0002516.0	OG0011677.2
nan	nan	0.833293715403	nan	nan
OG0038891.0	OG0000792.0	OG0018836.3	OG0001908.2	OG0037969.0
nan	1.757231184775	nan	2.4680442156869997	nan
OG0001313.24	OG0000104.85	OG0001706.22	OG0015675.3	OG0000426.198
nan	nan	nan	nan	nan
OG0018893.6	OG0046422.0	OG0000601.1	OG0037942.0	OG0027860.0
nan	nan	nan	nan	nan
OG0044414.0	OG0021464.0	OG0018435.0	OG0006057.2	OG0002720.2
nan	nan	nan	nan	nan
OG0010748.0	OG0001557.130	OG0003469.0	OG0008997.2	OG0004899.0
nan	nan	nan	nan	nan
OG0004691.14	OG0001811.2	OG0011368.6	OG0006130.1	OG0034778.0
1.633934932874	nan	nan	nan	nan
OG0035668.0	OG0020743.0	OG0005587.8	OG0056679.0	OG0044746.0
nan	nan	nan	nan	nan
OG0009078.0	OG0012215.0	OG0001127.28	OG0014283.0	OG0023127.0
nan	nan	nan	nan	nan
OG0009938.0	OG0000481.166	OG0007728.0	OG0010622.0	OG0003649.6
nan	nan	1.506502813415	0.101909011554	nan
OG0002278.0	OG0002959.1	OG0016701.8	OG0014369.0	OG0056540.0
nan	nan	nan	nan	nan
OG0056689.0	OG0000974.2	OG0011373.0	OG0041779.0	OG0056803.0
nan	nan	nan	nan	nan
OG0047965.0	OG0012501.11	OG0004789.4	OG0001379.1	OG0012632.1
nan	nan	nan	nan	nan
OG0017543.1	OG0056943.0	OG0034415.0	OG0035061.0	OG0054127.0
nan	nan	nan	nan	nan
OG0000212.0	OG0002314.1	OG0045248.0	OG0024859.0	OG0043481.0
2.255593279432	nan	nan	nan	nan
OG0038158.0	OG0027581.0	OG0006132.8	OG0003310.2	OG0005616.0
nan	nan	nan	0.693776329742	nan
OG0010931.0	OG0035831.0	OG0008097.4	OG0019341.0	OG0038649.0
1.535842208959	nan	nan	nan	nan
OG0005895.11	OG0019587.0	OG0004052.1	OG0018126.5	OG0008907.6
1.31185288634	nan	nan	nan	nan
OG0016465.0	OG0011970.0	OG0037782.0	OG0047397.0	OG0027899.0
nan	nan	nan	nan	nan
OG0012522.0	OG0005946.0	OG0056559.0	OG0047351.0	OG0005060.2
nan	1.714355853362	nan	nan	nan
OG0016774.2	OG0046092.0	OG0001030.26	OG0013223.7	OG0010531.2
nan	nan	nan	nan	nan
OG0003644.0	OG0017180.5	OG0015019.0	OG0046105.0	OG0020498.0
1.553801293937	nan	nan	nan	nan
OG0034459.0	OG0000466.0	OG0001232.24	OG0057388.0	OG0046313.0
nan	1.7870103988900004	nan	nan	nan
OG0002552.0	OG0019486.0	OG0017126.3	OG0013034.0	OG0043887.0
nan	nan	nan	nan	nan
OG0034249.0	OG0015495.6	OG0001951.0	OG0011311.2	OG0044385.0
nan	nan	1.296672808421	nan	nan
OG0001597.53	OG0027495.0	OG0020587.0	OG0016182.0	OG0006741.4
0.584300414817	nan	nan	nan	nan
OG0012873.2	OG0030074.0	OG0009130.0	OG0000531.38	OG0023338.0
nan	nan	nan	1.2899677062000001	nan
OG0006746.0	OG0005149.0	OG0048836.0	OG0013293.4	OG0000181.164
nan	nan	nan	nan	nan
OG0056996.0	OG0006149.1	OG0022913.0	OG0007479.0	OG0060500.0
nan	0.7133347102009999	nan	nan	nan
OG0044949.0	OG0002897.1	OG0018949.4	OG0001250.26	OG0001125.24
nan	2.092788352241	nan	nan	nan
OG0006313.0	OG0046154.0	OG0029034.0	OG0003953.2	OG0005588.4
nan	nan	nan	1.009457659403	0.9444786311650001
OG0024575.0	OG0021386.0	OG0047174.0	OG0038082.0	OG0006960.0
nan	nan	nan	nan	nan
OG0011175.0	OG0021935.0	OG0000000.3436	OG0016620.0	OG0009080.2
nan	nan	nan	nan	nan
OG0027575.0	OG0021080.0	OG0044064.0	OG0021318.0	OG0009125.19
0.08545918772500001	nan	nan	nan	nan
OG0009023.2	OG0027451.0	OG0017744.5	OG0010571.0	OG0002078.0
0.402451121379	nan	nan	nan	nan
OG0006746.0	OG0045808.0	OG0005957.0	OG0008968.4	OG0020913.0
nan	nan	nan	nan	nan
OG0001645.0	OG0041938.0	OG0010581.0	OG0000602.3	OG0012918.2
1.249978445903	nan	nan	0.824776473283	nan
OG0008639.2	OG0014354.7	OG0004733.0	OG0028032.0	OG0046774.0
0.38583998793700003	nan	nan	nan	nan
OG0022934.0	OG0027867.0	OG0010629.17	OG0037682.0	OG0009956.0
nan	nan	nan	nan	0.144364946734
OG0010134.8	OG0002824.0	OG0001984.118	OG0043825.0	OG0056690.0
nan	nan	4.715697308719999	nan	nan
OG0001430.24	OG0011259.0	OG0001957.4	OG0020607.0	OG0012304.0
nan	nan	nan	nan	nan
OG0001443.24	OG0025354.0	OG0005231.3	OG0022272.0	OG0047397.0
nan	nan	0.11414429164300001	nan	nan
OG0000080.0	OG0045726.0	OG0017478.1	OG0014956.0	OG0020520.0
2.18177378039	nan	nan	nan	nan
OG0016930.2	OG0017425.5	OG0000699.1	OG0046756.0	OG0000177.264
nan	nan	0.768047558889	nan	0.264998398925
OG0043438.0	OG0008307.25	OG0035847.0	OG0008544.0	OG0034613.0
nan	nan	nan	nan	nan
OG0014630.0	OG0006750.1	OG0006418.0	OG0043493.0	OG0002639.0
nan	nan	nan	nan	1.6347354445700002
OG0013743.4	OG0021191.0	OG0025811.0	OG0006660.0	OG0044359.0
nan	nan	nan	nan	nan
OG0004535.0	OG0030123.0	OG0046014.0	OG0008314.9	OG0010528.1
nan	nan	nan	nan	nan
OG0034413.0	OG0027653.0	OG0000865.1	OG0017370.6	OG0000882.108
nan	nan	1.0369415146610002	nan	0.283341964241
OG0034899.0	OG0011346.0	OG0048115.0	OG0003318.1	OG0043692.0
nan	nan	nan	nan	nan
OG0028373.0	OG0012739.6	OG0044385.0	OG0009011.0	OG0007061.32
nan	nan	nan	1.712281437863	nan
OG0021244.0	OG0007179.8	OG0044552.0	OG0045251.0	OG0045671.0
nan	1.794173659443	nan	nan	nan
OG0046510.0	OG0053958.0	OG0002295.9	OG0047142.0	OG0060541.0
nan	nan	nan	nan	nan
OG0019983.0	OG0037950.0	OG0004375.58	OG0041528.0	OG0046888.0
nan	nan	nan	nan	nan
OG0003438.0	OG0041841.0	OG0043858.0	OG0046503.0	OG0027731.0
nan	nan	nan	nan	nan
OG0004961.2	OG0021318.0	OG0006756.9	OG0000019.448	OG0001908.2
1.6022001381959998	nan	nan	1.831227517507	2.4680442156869997
OG0045841.0	OG0029051.0	OG0002565.10	OG0018076.2	OG0021307.0
nan	nan	2.00374224016	nan	nan
OG0017295.1	OG0012710.10	OG0004737.6	OG0016665.4	OG0022873.0
nan	nan	nan	nan	nan
OG0005076.4	OG0003698.0	OG0044653.0	OG0000240.8	OG0043645.0
1.333514994236	0.15440236276	nan	2.025831548613	nan
OG0008916.0	OG0007401.0	OG0001475.4	OG0045891.0	OG0034838.0
nan	nan	0.45453400859	nan	nan
OG0022931.0	OG0001709.106	OG0005045.1	OG0006593.0	OG0044184.0
nan	nan	nan	nan	nan
OG0043441.0	OG0017365.6	OG0004673.0	OG0003311.0	OG0060506.0
nan	nan	1.003803276698	nan	nan
OG0018078.1	OG0004840.3	OG0007295.0	OG0014646.2	OG0000004.433
nan	1.610810905911	nan	nan	0.992547818404
OG0018420.6	OG0044531.0	OG0000089.5	OG0004934.6	OG0014773.1
nan	nan	nan	nan	nan
OG0015412.0	OG0025953.0	OG0056873.0	OG0010576.0	OG0020747.0
nan	nan	nan	nan	nan
OG0002774.0	OG0008339.0	OG0014298.4	OG0019014.5	OG0014323.10
0.988788337163	nan	nan	nan	nan
OG0001009.24	OG0027031.0	OG0003967.0	OG0000154.2	OG0010613.2
0.891980105736	nan	nan	1.455801378102	nan
OG0023167.0	OG0005478.6	OG0046998.0	OG0026496.0	OG0000009.195
nan	nan	nan	nan	1.903861257169
OG0047045.0	OG0016941.0	OG0024344.0	OG0007138.0	OG0023080.0
nan	nan	nan	nan	nan
OG0044621.0	OG0046296.0	OG0028295.0	OG0009135.4	OG0021219.0
nan	nan	nan	nan	nan
OG0013890.2	OG0003572.14	OG0022784.0	OG0007398.0	OG0028991.0
nan	1.0055352656980001	nan	nan	nan
OG0047538.0	OG0005806.0	OG0043810.0	OG0026964.0	OG0043356.0
nan	1.275781993102	nan	nan	nan
OG0047024.0	OG0020748.0	OG0045309.0	OG0027475.0	OG0037712.0
nan	nan	nan	nan	nan
OG0025141.0	OG0012869.5	OG0044473.0	OG0054005.0	OG0014356.5
nan	nan	nan	nan	nan
OG0034863.0	OG0017919.2	OG0013477.2	OG0037699.0	OG0046366.0
nan	nan	nan	nan	nan
OG0004071.2	OG0010776.4	OG0001672.0	OG0018601.0	OG0011698.4
nan	0.311205395063	nan	nan	nan
OG0012517.4	OG0020317.0	OG0015074.9	OG0009702.1	OG0015292.0
nan	nan	nan	nan	0.40858467696
OG0020555.0	OG0000258.1	OG0043828.0	OG0023395.0	OG0027169.0
nan	1.466752305196	nan	nan	nan
OG0054029.0	OG0014333.9	OG0019782.0	OG0002134.0	OG0007068.15
nan	nan	nan	nan	nan
OG0025956.0	OG0012462.14	OG0027432.0	OG0014689.2	OG0024455.0
nan	nan	nan	nan	nan
OG0045711.0	OG0018055.4	OG0044725.0	OG0016914.0	OG0001840.125
nan	nan	nan	nan	0.483241839969
OG0048851.0	OG0020532.0	OG0023040.0	OG0014027.3	OG0043820.0
nan	nan	nan	nan	nan
OG0020493.0	OG0044636.0	OG0017779.6	OG0000535.36	OG0043485.0
nan	nan	nan	0.8069161548029999	nan
OG0027894.0	OG0053994.0	OG0001752.4	OG0002220.0	OG0022915.0
nan	nan	1.618641323247	nan	nan
OG0044534.0	OG0000597.1	OG0054037.0	OG0016969.3	OG0045407.0
nan	0.852994317846	nan	nan	nan
OG0005348.0	OG0045899.0	OG0016627.0	OG0001857.4	OG0021267.0
0.263942000561	nan	nan	nan	nan
OG0012292.0	OG0024651.0	OG0003434.0	OG0044611.0	OG0001904.22
nan	nan	nan	nan	nan
OG0003446.0	OG0006998.14	OG0041657.0	OG0000008.1	OG0020317.0
nan	nan	nan	2.776895169255	nan
OG0011700.2	OG0045680.0	OG0006606.0	OG0004730.4	OG0046322.0
nan	nan	nan	nan	nan
OG0001270.1	OG0049167.0	OG0007244.6	OG0028117.0	OG0008730.12
nan	nan	0.070240502905	nan	0.83516433435
OG0001895.0	OG0035782.0	OG0018746.6	OG0038753.0	OG0024567.0
nan	nan	nan	nan	nan
OG0048188.0	OG0060465.0	OG0002764.20	OG0024659.0	OG0020704.0
nan	nan	nan	nan	nan
OG0000202.0	OG0043772.0	OG0056765.0	OG0000892.1	OG0016970.2
2.3271124833059997	nan	nan	1.745006066821	nan
OG0037747.0	OG0041785.0	OG0003447.0	OG0054007.0	OG0041580.0
nan	nan	nan	nan	nan
OG0049056.0	OG0012861.0	OG0019229.0	OG0007603.23	OG0027500.0
nan	0.008019239856000001	nan	nan	nan
OG0024487.0	OG0005995.0	OG0020254.0	OG0004146.1	OG0020748.0
nan	nan	nan	nan	nan
OG0035795.0	OG0015647.2	OG0007450.0	OG0046374.0	OG0000601.52
nan	3.3273264272659997	1.071121028158	nan	nan
OG0002541.2	OG0010584.0	OG0022055.0	OG0004099.4	OG0011142.10
nan	nan	nan	nan	nan
OG0021374.0	OG0045392.0	OG0012262.2	OG0016067.1	OG0029092.0
0.03367457983	nan	nan	nan	nan
OG0019069.1	OG0053797.0	OG0000178.8	OG0038120.0	OG0015362.3
nan	nan	1.5735874893950001	nan	nan
OG0008579.6	OG0018955.0	OG0022418.0	OG0007634.6	OG0016616.0
nan	nan	nan	nan	nan
OG0008065.2	OG0022643.0	OG0045073.0	OG0018052.2	OG0014766.3
2.733550750412	nan	nan	nan	nan
OG0024811.0	OG0001604.92	OG0043737.0	OG0000805.1	OG0020630.0
nan	1.302161888175	nan	nan	0.9779873380930001
OG0029154.0	OG0056680.0	OG0018818.5	OG0006892.0	OG0035596.0
nan	nan	nan	nan	nan
OG0018788.0	OG0000195.0	OG0017191.0	OG0047571.0	OG0003006.0
0.6234537996580001	1.826671375669	nan	nan	1.9367214909869999
OG0011208.0	OG0010174.9	OG0007165.4	OG0046118.0	OG0034941.0
1.314063713862	nan	nan	nan	nan
OG0047983.0	OG0001907.32	OG0000419.99	OG0018047.4	OG0034362.0
nan	nan	nan	nan	nan
OG0007488.0	OG0025903.0	OG0016609.0	OG0024814.0	OG0038687.0
0.763889611466	nan	nan	nan	nan
OG0029564.0	OG0005173.41	OG0017477.3	OG0002270.30	OG0025994.0
nan	nan	nan	0.784172251816	nan
OG0007499.28	OG0014529.2	OG0011177.0	OG0012751.0	OG0011874.16
nan	nan	nan	nan	nan
OG0019628.0	OG0035015.0	OG0006759.7	OG0014691.1	OG0035733.0
nan	nan	nan	nan	nan
OG0049041.0	OG0002753.0	OG0000377.2	OG0043524.0	OG0043980.0
nan	nan	nan	nan	nan
OG0009772.3	OG0045514.0	OG0046247.0	OG0047273.0	OG0044156.0
nan	nan	nan	nan	nan
OG0015525.5	OG0000176.0	OG0004728.0	OG0046201.0	OG0041845.0
nan	2.277480959235	1.4469272495860002	nan	nan
OG0028101.0	OG0009195.0	OG0047070.0	OG0016034.0	OG0000157.23
nan	nan	nan	nan	1.219783935541
OG0056583.0	OG0006430.3	OG0045801.0	OG0012055.0	OG0004637.1
nan	0.153390056656	nan	nan	nan
OG0056989.0	OG0019276.0	OG0014698.4	OG0004094.1	OG0006598.0
nan	nan	nan	nan	nan
OG0014587.2	OG0060506.0	OG0009087.2	OG0004726.1	OG0045201.0
nan	nan	nan	nan	nan
OG0013918.2	OG0019000.0	OG0014253.5	OG0027527.0	OG0009718.1
nan	nan	nan	nan	nan
OG0041969.0	OG0046774.0	OG0001319.1	OG0003539.14	OG0015268.3
nan	nan	nan	0.21702082799800002	nan
OG0008505.0	OG0004052.1	OG0012733.0	OG0027681.0	OG0044750.0
nan	nan	nan	nan	nan
OG0018924.3	OG0053902.0	OG0020158.0	OG0020642.0	OG0011566.4
nan	nan	nan	nan	nan
OG0053948.0	OG0060348.0	OG0018018.0	OG0008179.0	OG0004677.1
nan	nan	nan	nan	nan
OG0004774.1	OG0049152.0	OG0034802.0	OG0044721.0	OG0045199.0
nan	nan	nan	nan	nan
OG0035790.0	OG0008170.0	OG0030089.0	OG0035685.0	OG0005502.0
nan	nan	nan	nan	nan
OG0038844.0	OG0035004.0	OG0009915.10	OG0019494.0	OG0012459.6
nan	nan	nan	nan	nan
OG0012626.1	OG0002906.4	OG0003480.0	OG0044064.0	OG0018713.1
nan	1.521182059701	1.697612825875	nan	nan
OG0002409.16	OG0006008.0	OG0034363.0	OG0013294.0	OG0000103.296
0.8078907272660001	nan	nan	nan	nan
OG0035646.0	OG0002095.0	OG0044481.0	OG0047511.0	OG0056860.0
nan	nan	nan	nan	nan
OG0007603.23	OG0053884.0	OG0001416.0	OG0003173.0	OG0003534.3
nan	nan	1.3528263866080001	0.7283321290479999	1.352826658448
OG0017880.2	OG0023213.0	OG0028167.0	OG0002299.6	OG0021377.0
nan	nan	nan	1.273701944428	nan
OG0044831.0	OG0028142.0	OG0008650.12	OG0011446.0	OG0006460.2
nan	nan	nan	nan	nan
OG0001453.1	OG0022268.0	OG0005823.9	OG0049132.0	OG0000189.0
nan	nan	nan	nan	2.070145544462
OG0025125.0	OG0023952.0	OG0037798.0	OG0014604.3	OG0000757.29
nan	nan	nan	nan	nan
OG0003461.0	OG0001173.24	OG0001993.0	OG0020418.0	OG0047132.0
nan	nan	nan	nan	nan
OG0005529.0	OG0043390.0	OG0004228.1	OG0060394.0	OG0009860.0
nan	nan	1.652078463523	nan	nan
OG0003344.6	OG0056599.0	OG0004422.0	OG0045549.0	OG0000836.25
2.297113995248	nan	nan	nan	nan
OG0028255.0	OG0053869.0	OG0046739.0	OG0004668.0	OG0002379.2
nan	nan	nan	nan	1.610047256881
OG0028165.0	OG0011661.16	OG0043606.0	OG0003319.0	OG0020680.0
nan	nan	nan	nan	nan
OG0017747.1	OG0008004.3	OG0011316.8	OG0034428.0	OG0012406.10
nan	nan	nan	nan	nan
OG0043931.0	OG0045782.0	OG0060323.0	OG0044927.0	OG0045768.0
nan	nan	nan	nan	nan
OG0027420.0	OG0014645.4	OG0003078.0	OG0000147.0	OG0006845.2
nan	nan	nan	0.143967550592	nan
OG0011184.0	OG0048017.0	OG0018913.5	OG0008346.20	OG0018022.3
nan	nan	nan	nan	nan
OG0011907.0	OG0020450.0	OG0025836.0	OG0020543.0	OG0005777.0
nan	nan	nan	nan	nan
OG0003272.0	OG0034937.0	OG0017801.3	OG0009906.2	OG0006956.0
nan	nan	nan	1.666166443983	nan
OG0019227.0	OG0002401.1	OG0045004.0	OG0044518.0	OG0037998.0
nan	0.537500443282	nan	nan	nan
OG0007782.8	OG0004719.0	OG0001317.1	OG0045430.0	OG0003608.2
nan	2.252706999607	nan	nan	0.758577601482
OG0003385.20	OG0017787.6	OG0000157.23	OG0016226.2	OG0003803.0
nan	nan	1.219783935541	nan	nan
OG0057461.0	OG0011384.8	OG0010509.0	OG0016028.4	OG0046317.0
nan	1.145781397333	nan	nan	nan
OG0014055.2	OG0017380.1	OG0004151.4	OG0009022.8	OG0045875.0
nan	nan	2.0128438779900004	nan	nan
OG0005719.2	OG0048812.0	OG0024367.0	OG0003199.0	OG0021194.0
nan	nan	nan	0.464460862072	nan
OG0002470.2	OG0007788.4	OG0001802.47	OG0011925.12	OG0053919.0
nan	0.07078536636800001	1.011890167179	nan	nan
OG0056550.0	OG0027750.0	OG0013022.0	OG0013879.6	OG0044645.0
nan	nan	nan	nan	nan
OG0013589.4	OG0006852.6	OG0045667.0	OG0016697.1	OG0006499.0
nan	0.5550271780089999	nan	nan	nan
OG0012526.2	OG0024580.0	OG0006761.1	OG0024362.0	OG0003845.0
nan	nan	nan	nan	1.6116283364809998
OG0012080.2	OG0034285.0	OG0004031.26	OG0006530.0	OG0029096.0
nan	nan	0.159868298488	nan	nan
OG0005940.0	OG0056882.0	OG0028887.0	OG0005762.0	OG0018512.5
nan	nan	nan	nan	nan
OG0037789.0	OG0047042.0	OG0035749.0	OG0005579.28	OG0018620.0
nan	nan	nan	nan	nan
OG0021188.0	OG0045484.0	OG0022160.0	OG0002462.10	OG0045675.0
nan	nan	nan	1.863675780949	nan
OG0024993.0	OG0006911.3	OG0028193.0	OG0027368.0	OG0015696.0
nan	nan	nan	nan	nan
OG0001364.24	OG0043346.0	OG0002365.22	OG0025485.0	OG0002538.20
nan	nan	nan	nan	1.196859008646
OG0003857.2	OG0002708.0	OG0029570.0	OG0046439.0	OG0013961.0
1.683771318116	1.735836785192	nan	nan	nan
OG0016270.0	OG0000000.3774	OG0046582.0	OG0016611.0	OG0028134.0
nan	nan	nan	nan	nan
OG0011687.2	OG0005579.33	OG0004205.0	OG0015375.2	OG0010541.5
nan	nan	0.599493221387	nan	nan
OG0012059.16	OG0029164.0	OG0029972.0	OG0005206.34	OG0012901.8
nan	nan	nan	0.0	nan
OG0038846.0	OG0007385.6	OG0017755.2	OG0041890.0	OG0054032.0
nan	1.576800189619	nan	nan	nan
OG0020252.0	OG0003263.24	OG0008319.0	OG0046966.0	OG0005746.7
nan	nan	nan	nan	nan
OG0007681.18	OG0046800.0	OG0008242.3	OG0007969.2	OG0000624.3
nan	nan	nan	nan	2.269913983003
OG0012778.4	OG0045651.0	OG0019102.3	OG0012910.0	OG0001754.77
nan	nan	nan	nan	nan
OG0047136.0	OG0008869.1	OG0005926.0	OG0022919.0	OG0011297.6
nan	nan	2.2733058088569997	nan	0.011679474058000001
OG0003697.0	OG0056980.0	OG0020917.0	OG0037811.0	OG0054102.0
0.472829286815	nan	0.0	nan	nan
OG0048949.0	OG0022860.0	OG0015188.2	OG0007759.2	OG0002717.8
nan	nan	nan	2.260417106854	1.109211645112
OG0018840.5	OG0022873.0	OG0018859.6	OG0013885.0	OG0010076.0
nan	nan	nan	nan	nan
OG0020918.0	OG0006927.0	OG0018200.5	OG0010024.1	OG0003629.0
nan	nan	nan	nan	0.239082199149
OG0004879.3	OG0046455.0	OG0045490.0	OG0047283.0	OG0005710.0
nan	nan	nan	nan	nan
OG0048065.0	OG0003159.77	OG0038662.0	OG0003606.1	OG0002344.91
nan	nan	nan	nan	0.02597519176
OG0056763.0	OG0008738.4	OG0017790.5	OG0045610.0	OG0060436.0
nan	nan	nan	nan	nan
OG0014531.2	OG0029258.0	OG0019318.0	OG0045021.0	OG0035835.0
nan	nan	nan	nan	nan
OG0007594.0	OG0000145.8	OG0002933.0	OG0019483.0	OG0045610.0
nan	nan	1.748471201703	nan	nan
OG0034437.0	OG0013429.8	OG0012506.6	OG0002422.0	OG0038904.0
nan	nan	nan	2.529830969706	nan
OG0030057.0	OG0056936.0	OG0010519.1	OG0057463.0	OG0047530.0
nan	nan	nan	nan	nan
OG0013166.2	OG0038926.0	OG0035630.0	OG0010086.5	OG0013862.2
nan	nan	nan	nan	nan
OG0015130.8	OG0020556.0	OG0021457.0	OG0006365.0	OG0015284.2
nan	nan	nan	1.168314666028	nan
OG0004019.0	OG0015825.1	OG0007927.0	OG0046686.0	OG0045388.0
nan	nan	nan	nan	nan
OG0001202.24	OG0001062.24	OG0020932.0	OG0008031.1	OG0034945.0
nan	nan	nan	nan	nan
OG0013907.7	OG0046873.0	OG0047132.0	OG0004948.4	OG0009792.7
nan	nan	nan	1.034393498028	nan
OG0002320.0	OG0044525.0	OG0023366.0	OG0018094.4	OG0006748.0
nan	nan	nan	nan	nan
OG0053816.0	OG0013718.6	OG0004921.18	OG0018469.0	OG0000142.1
nan	nan	nan	nan	nan
OG0020440.0	OG0004162.14	OG0007968.4	OG0021310.0	OG0008379.16
nan	nan	nan	nan	nan
OG0009870.9	OG0010724.0	OG0005169.0	OG0056631.0	OG0004556.0
nan	nan	nan	nan	nan
OG0006530.0	OG0004577.0	OG0000101.67	OG0046979.0	OG0024365.0
nan	nan	nan	nan	nan
OG0060451.0	OG0029979.0	OG0017836.4	OG0049195.0	OG0019377.0
nan	nan	nan	nan	0.112782940748
OG0001608.24	OG0016630.4	OG0046441.0	OG0010172.4	OG0023127.0
2.9188892872979997	nan	nan	0.88791571991	nan
OG0044043.0	OG0016109.1	OG0000897.0	OG0046704.0	OG0013994.0
nan	nan	nan	nan	nan
OG0013802.0	OG0014219.10	OG0006774.18	OG0057480.0	OG0057497.0
0.678084171322	nan	nan	nan	nan
OG0053847.0	OG0000481.1	OG0014512.6	OG0020513.0	OG0048805.0
nan	nan	nan	nan	nan
OG0003999.8	OG0043490.0	OG0016114.0	OG0023173.0	OG0006878.0
nan	nan	nan	nan	nan
OG0060490.0	OG0003006.0	OG0016536.5	OG0023991.0	OG0001831.0
nan	1.9367214909869999	nan	nan	nan
OG0012144.4	OG0002342.1	OG0034719.0	OG0027506.0	OG0034418.0
nan	nan	nan	nan	nan
OG0005804.8	OG0056947.0	OG0005612.2	OG0022909.0	OG0041855.0
0.02315601182	nan	1.4321184359049999	nan	nan
OG0000776.26	OG0019687.0	OG0045870.0	OG0045024.0	OG0003489.0
1.0435783603589999	nan	nan	nan	nan
OG0043610.0	OG0025623.0	OG0041725.0	OG0000591.125	OG0018478.0
nan	nan	nan	nan	nan
OG0049174.0	OG0022840.0	OG0017126.3	OG0004020.0	OG0011182.2
nan	nan	nan	nan	nan
OG0012889.0	OG0041761.0	OG0009249.0	OG0044645.0	OG0025871.0
0.36892410541000004	nan	nan	nan	nan
OG0035600.0	OG0018146.2	OG0053903.0	OG0009817.0	OG0007534.0
nan	nan	nan	nan	nan
OG0023305.0	OG0047071.0	OG0028161.0	OG0025025.0	OG0005437.0
nan	nan	nan	nan	nan
OG0022330.0	OG0045972.0	OG0011906.10	OG0011342.2	OG0046169.0
0.270472216419	nan	nan	nan	nan
OG0034900.0	OG0047540.0	OG0004738.47	OG0047602.0	OG0006530.0
nan	nan	nan	nan	nan
OG0011188.0	OG0004501.15	OG0000963.26	OG0006704.0	OG0006792.0
nan	0.216406319643	0.8336717991470001	nan	0.54139415329
OG0017157.5	OG0012295.1	OG0001443.24	OG0053780.0	OG0020618.0
nan	1.0747450553389999	nan	nan	nan
OG0004630.0	OG0045588.0	OG0005365.0	OG0044355.0	OG0046996.0
nan	nan	0.9899751585940001	nan	nan
OG0007499.8	OG0034974.0	OG0006214.0	OG0015280.0	OG0002643.3
nan	nan	nan	nan	1.480610566116
OG0002933.0	OG0000217.183	OG0006541.0	OG0003187.22	OG0047354.0
1.748471201703	nan	nan	2.011571031181	nan
OG0028120.0	OG0038810.0	OG0034513.0	OG0000004.1207	OG0007264.0
nan	nan	nan	1.563569602665	nan
OG0000749.2	OG0005531.1	OG0002687.0	OG0044098.0	OG0046952.0
0.986590715326	nan	nan	nan	nan
OG0000231.0	OG0022803.0	OG0016125.1	OG0046099.0	OG0014548.2
1.701923161839	nan	nan	nan	nan
OG0034259.0	OG0018775.3	OG0001896.13	OG0057283.0	OG0024493.0
nan	nan	0.328575082922	nan	nan
OG0015521.1	OG0008230.0	OG0045312.0	OG0057141.0	OG0045874.0
nan	nan	nan	nan	nan
OG0048903.0	OG0005091.0	OG0008529.2	OG0022998.0	OG0038759.0
nan	1.792469055647	nan	nan	nan
OG0011637.7	OG0037813.0	OG0014106.1	OG0006424.0	OG0018409.2
nan	nan	nan	1.392779050072	nan
OG0046592.0	OG0013292.10	OG0057445.0	OG0011322.2	OG0028525.0
nan	nan	nan	nan	nan
OG0024583.0	OG0044471.0	OG0020291.0	OG0003461.0	OG0000482.64
nan	nan	nan	nan	1.047885773896
OG0025894.0	OG0054000.0	OG0007586.18	OG0001744.0	OG0010831.6
nan	nan	nan	1.0668434693070001	nan
OG0005333.0	OG0007808.0	OG0034957.0	OG0025020.0	OG0002105.0
nan	nan	nan	nan	nan
OG0024575.0	OG0053787.0	OG0009100.2	OG0023946.0	OG0014810.0
nan	nan	nan	nan	0.696993999724
OG0004245.1	OG0048129.0	OG0046789.0	OG0005318.2	OG0057589.0
0.692934176867	nan	nan	nan	nan
OG0045281.0	OG0005066.2	OG0008234.0	OG0043887.0	OG0025120.0
nan	1.620824909268	nan	nan	nan
OG0007974.2	OG0002134.0	OG0001742.25	OG0018954.1	OG0023550.0
nan	nan	1.1322399859630001	nan	nan
OG0001871.4	OG0019381.0	OG0005650.10	OG0013490.3	OG0038165.0
1.6879716683950001	nan	nan	nan	nan
OG0045078.0	OG0045159.0	OG0009199.1	OG0012235.2	OG0002624.0
nan	nan	nan	nan	1.7647122616870001
OG0013578.4	OG0006615.0	OG0010760.0	OG0021265.0	OG0014588.1
nan	nan	0.477510879281	nan	nan
OG0044611.0	OG0005444.0	OG0045286.0	OG0015256.2	OG0028281.0
nan	nan	nan	nan	nan
OG0029053.0	OG0011645.0	OG0053967.0	OG0038088.0	OG0054063.0
nan	nan	nan	nan	nan
OG0016050.6	OG0022797.0	OG0024660.0	OG0005971.0	OG0014333.6
nan	nan	nan	nan	nan
OG0030057.0	OG0003687.0	OG0001624.8	OG0038894.0	OG0047207.0
nan	nan	nan	nan	nan
OG0044485.0	OG0001063.0	OG0046932.0	OG0006435.14	OG0016079.0
nan	nan	nan	nan	nan
OG0019982.0	OG0024603.0	OG0003798.4	OG0006070.1	OG0013724.0
nan	nan	nan	nan	nan
OG0004345.0	OG0035000.0	OG0001262.36	OG0046727.0	OG0019554.0
nan	nan	nan	nan	nan
OG0000799.22	OG0038080.0	OG0008552.0	OG0002917.0	OG0019586.0
1.842413675404	nan	1.855068483418	nan	nan
OG0060473.0	OG0015952.0	OG0004374.6	OG0009927.0	OG0019415.0
nan	nan	0.0	nan	nan
OG0005219.1	OG0002904.18	OG0025877.0	OG0029961.0	OG0011124.5
0.761825157817	0.9786791809659999	nan	nan	nan
OG0005841.2	OG0024355.0	OG0045726.0	OG0037835.0	OG0024480.0
nan	nan	nan	nan	nan
OG0005759.6	OG0012408.4	OG0041650.0	OG0027826.0	OG0002695.28
0.622013991849	nan	nan	nan	nan
OG0047554.0	OG0044622.0	OG0017191.0	OG0037856.0	OG0023741.0
nan	nan	nan	nan	nan
OG0001544.92	OG0003818.6	OG0049053.0	OG0034822.0	OG0016115.4
1.9922077304769998	nan	nan	nan	nan
OG0018393.0	OG0024955.0	OG0001900.0	OG0009302.0	OG0009031.0
nan	nan	1.8406737527900001	nan	nan
OG0027205.0	OG0000760.17	OG0034426.0	OG0027631.0	OG0045432.0
nan	1.1524056058299998	nan	nan	nan
OG0048063.0	OG0029120.0	OG0027569.0	OG0001641.24	OG0012520.7
nan	nan	nan	nan	nan
OG0023098.0	OG0007170.2	OG0046989.0	OG0053908.0	OG0002748.82
nan	nan	nan	nan	0.645142452667
OG0009900.2	OG0012992.0	OG0005238.2	OG0046364.0	OG0015320.0
nan	nan	1.374203713556	nan	nan
OG0008573.2	OG0020711.0	OG0028207.0	OG0010172.4	OG0010138.12
nan	nan	nan	0.88791571991	nan
OG0001464.1	OG0044692.0	OG0048925.0	OG0022009.0	OG0013584.10
nan	nan	nan	nan	nan
OG0057141.0	OG0007487.0	OG0035684.0	OG0019162.0	OG0035553.0
nan	0.7218258471969999	nan	nan	nan
OG0000260.4	OG0020381.0	OG0056990.0	OG0018547.2	OG0001221.1
1.038685249697	nan	nan	nan	nan
OG0011727.0	OG0009300.0	OG0003828.1	OG0026486.0	OG0030047.0
nan	1.7322224346650001	0.8439215330509999	nan	nan
OG0022094.0	OG0012369.6	OG0011291.10	OG0010767.0	OG0002898.12
nan	nan	nan	0.993870424269	1.699839423344
OG0002945.0	OG0013145.9	OG0018354.5	OG0016207.2	OG0024649.0
nan	nan	nan	nan	nan
OG0008780.1	OG0002274.0	OG0044360.0	OG0017202.1	OG0016926.2
0.147187763821	nan	nan	nan	nan
OG0016685.1	OG0016933.0	OG0035697.0	OG0002692.25	OG0015687.6
nan	nan	nan	nan	nan
OG0016690.4	OG0016257.3	OG0003429.0	OG0013640.0	OG0047475.0
nan	nan	nan	nan	nan
OG0002295.36	OG0002240.0	OG0037868.0	OG0038783.0	OG0044592.0
1.282829283152	2.0166228217730002	nan	nan	nan
OG0054054.0	OG0012073.2	OG0060368.0	OG0015133.9	OG0012455.13
nan	nan	nan	nan	nan
OG0049196.0	OG0022333.0	OG0045094.0	OG0002393.114	OG0002846.0
nan	0.258179777632	nan	nan	1.2850645986959999
OG0010978.0	OG0005129.8	OG0014044.0	OG0002253.0	OG0011597.0
nan	nan	nan	nan	nan
OG0014073.1	OG0005338.0	OG0056812.0	OG0003108.24	OG0053914.0
nan	nan	nan	nan	nan
OG0013245.7	OG0001772.0	OG0002547.23	OG0011355.0	OG0046430.0
nan	nan	nan	nan	nan
OG0043964.0	OG0017909.4	OG0017417.6	OG0056534.0	OG0044324.0
nan	nan	nan	nan	nan
OG0014333.4	OG0001521.0	OG0045393.0	OG0024761.0	OG0025849.0
nan	0.721943743901	nan	nan	nan
OG0013798.0	OG0012998.2	OG0006679.1	OG0019288.0	OG0005079.0
nan	nan	nan	nan	0.004353883659
OG0002417.0	OG0056839.0	OG0013096.0	OG0001232.24	OG0011715.14
nan	nan	nan	nan	nan
OG0004983.2	OG0004649.2	OG0007734.2	OG0047088.0	OG0035690.0
nan	0.7259641567980001	1.100580815197	nan	nan
OG0035779.0	OG0000601.1	OG0009148.0	OG0000208.1	OG0014327.2
nan	nan	nan	nan	nan
OG0004201.6	OG0013816.9	OG0003685.2	OG0000896.1	OG0043930.0
nan	nan	nan	nan	nan
OG0019353.0	OG0017147.0	OG0012424.10	OG0005995.0	OG0003629.0
nan	nan	nan	nan	0.239082199149
OG0015597.0	OG0012535.0	OG0019044.6	OG0017786.3	OG0045764.0
nan	nan	nan	nan	nan
OG0020406.0	OG0016247.0	OG0003355.0	OG0003341.0	OG0020263.0
nan	1.9813557129469999	nan	nan	nan
OG0007968.4	OG0013750.0	OG0049183.0	OG0010729.4	OG0046775.0
nan	1.57999789184	nan	nan	nan
OG0046731.0	OG0005319.19	OG0000831.11	OG0007110.18	OG0028371.0
nan	0.0	nan	nan	nan
OG0001817.10	OG0007603.23	OG0043561.0	OG0027878.0	OG0012057.6
nan	nan	nan	nan	nan
OG0045217.0	OG0030020.0	OG0005540.3	OG0034535.0	OG0005895.11
nan	nan	nan	nan	1.31185288634
OG0013452.0	OG0048958.0	OG0022572.0	OG0015433.7	OG0001838.42
nan	nan	nan	nan	nan
OG0016301.7	OG0057263.0	OG0037724.0	OG0053799.0	OG0048814.0
nan	nan	nan	nan	nan
OG0000719.0	OG0012148.2	OG0002814.39	OG0044392.0	OG0057495.0
1.805580519439	nan	0.42656742759099997	nan	nan
OG0003935.2	OG0000456.0	OG0012079.4	OG0003607.0	OG0000818.1
0.850011518293	1.8537586461489999	nan	0.887472469499	0.086109048513
OG0026292.0	OG0018788.0	OG0013703.3	OG0011932.2	OG0056947.0
nan	0.6234537996580001	nan	nan	nan
OG0024760.0	OG0009814.0	OG0002672.22	OG0046164.0	OG0045801.0
nan	0.9462793007160001	1.4485878836550001	nan	nan
OG0046353.0	OG0000127.0	OG0044104.0	OG0020730.0	OG0038890.0
nan	2.4066698334720003	nan	nan	nan
OG0008512.0	OG0015625.5	OG0003174.0	OG0048109.0	OG0003225.0
nan	nan	nan	nan	1.5791893647470001
OG0024942.0	OG0043550.0	OG0008122.4	OG0024897.0	OG0057578.0
nan	nan	0.174852581003	nan	nan
OG0003245.3	OG0006332.2	OG0038052.0	OG0011411.0	OG0044364.0
nan	1.365579224177	nan	nan	nan
OG0024668.0	OG0015324.6	OG0003515.0	OG0001673.0	OG0035820.0
nan	nan	nan	nan	nan
OG0020905.0	OG0016970.2	OG0003582.0	OG0003970.0	OG0028196.0
nan	nan	nan	nan	nan
OG0030082.0	OG0019494.0	OG0016417.3	OG0011384.8	OG0056749.0
nan	nan	nan	1.145781397333	nan
OG0005159.0	OG0057296.0	OG0011970.0	OG0012200.0	OG0045515.0
nan	nan	nan	nan	nan
OG0004765.12	OG0000338.41	OG0000873.24	OG0010155.0	OG0016226.2
nan	1.177970808879	0.395199579556	nan	nan
OG0019024.6	OG0003681.0	OG0035545.0	OG0019315.0	OG0007843.0
nan	nan	nan	nan	0.743253318108
OG0046752.0	OG0022447.0	OG0021390.0	OG0007229.8	OG0049173.0
nan	nan	nan	0.006477980997	nan
OG0046946.0	OG0046605.0	OG0013054.0	OG0016973.2	OG0023627.0
nan	nan	nan	nan	nan
OG0053813.0	OG0013029.10	OG0009088.0	OG0028120.0	OG0048851.0
nan	nan	nan	nan	nan
OG0007879.2	OG0046003.0	OG0014800.0	OG0018117.2	OG0049094.0
nan	nan	nan	nan	nan
OG0012087.2	OG0010084.3	OG0014762.0	OG0043861.0	OG0007931.1
nan	nan	1.885402496774	nan	nan
OG0000066.328	OG0003627.46	OG0004604.6	OG0044668.0	OG0012346.1
0.152471449751	nan	0.741944109394	nan	nan
OG0028277.0	OG0012361.3	OG0019375.0	OG0003997.0	OG0007711.30
nan	nan	0.323636566321	1.563078502814	nan
OG0002259.1	OG0045464.0	OG0020468.0	OG0047362.0	OG0007679.2
1.702974139342	nan	nan	nan	nan
OG0044173.0	OG0010582.2	OG0019460.0	OG0003568.0	OG0002390.42
nan	nan	nan	nan	1.7638877574079999
OG0020608.0	OG0000141.8	OG0006648.0	OG0004998.0	OG0005664.4
nan	5.1357396468	nan	nan	nan
