OG0000027.457	OG0012926.0	OG0001643.24	OG0001566.2	OG0001698.26
nan	2.973177	1.0225899999999999	nan	nan
OG0000011.1	OG0001960.2	OG0001348.24	OG0014643.4	OG0002120.0
nan	nan	nan	8.136771000000001	nan
OG0000007.976	OG0001962.0	OG0000908.24	OG0018072.2	OG0000911.3
nan	2.597024	1.5051	8.114338	nan
OG0000026.45	OG0000473.17	OG0000724.26	OG0001324.24	OG0014172.0
nan	2.722305	8.063195	nan	1.178148
OG0000010.475	OG0003341.0	OG0001723.0	OG0001450.26	OG0001766.6
nan	4.552403	1.36533	nan	3.729021
OG0015186.2	OG0001488.22	OG0001567.1	OG0000853.1	OG0000056.0
2.480789	nan	1.5425309999999999	2.515475	nan
OG0008707.0	OG0000698.19	OG0000931.1	OG0001286.24	OG0000038.0
5.279447	nan	nan	nan	1.9685840000000001
OG0001315.24	OG0001292.1	OG0018076.2	OG0000459.0	OG0000056.0
nan	nan	8.055388	nan	nan
OG0000886.24	OG0000001.1420	OG0000042.23	OG0017858.0	OG0002007.0
nan	nan	2.019919	2.330349	nan
OG0000010.475	OG0002252.0	OG0001032.24	OG0001573.24	OG0021460.0
nan	nan	nan	nan	0.9393764000000001
OG0001226.24	OG0000678.1	OG0002123.0	OG0000082.1	OG0014722.4
nan	nan	nan	1.609501	8.188038
OG0002077.0	OG0007293.0	OG0000032.252	OG0000854.30	OG0000677.1
nan	4.537712	4.128303	1.594136	nan
OG0002079.0	OG0006927.0	OG0000780.24	OG0000001.1420	OG0001958.0
nan	5.594558	2.986732	nan	nan
OG0001061.24	OG0001157.1	OG0000018.289	OG0015279.0	OG0002094.0
nan	nan	nan	2.587084	nan
OG0001819.6	OG0000026.45	OG0001942.0	OG0001361.1	OG0010880.0
nan	nan	2.819097	nan	2.8571880000000003
OG0014816.4	OG0001870.2	OG0000038.0	OG0002145.0	OG0001355.24
0.9662069	nan	1.9685840000000001	nan	nan
OG0000010.475	OG0000396.79	OG0001093.24	OG0001993.0	OG0006773.2
nan	nan	nan	nan	2.292487
OG0000010.475	OG0000501.29	OG0013950.6	OG0001886.0	OG0001172.24
nan	nan	1.381183	nan	nan
OG0000054.0	OG0008252.2	OG0000441.96	OG0001351.24	OG0001912.0
1.5484149999999999	4.583562000000001	nan	nan	nan
OG0001228.1	OG0001150.24	OG0018392.0	OG0000892.1	OG0000082.1
nan	nan	1.691401	3.3837879999999996	1.609501
OG0002066.0	OG0011886.0	OG0001162.22	OG0000082.1	OG0001102.24
nan	0.9464014999999999	259.7337	1.609501	nan
OG0002186.0	OG0001090.26	OG0008230.0	OG0000082.1	OG0001073.24
nan	nan	5.537758	1.609501	2.2268790000000003
OG0000620.56	OG0001546.1	OG0001519.24	OG0012705.8	OG0000012.918
nan	nan	nan	3.115452	nan
OG0000010.475	OG0001023.7	OG0014661.1	OG0001236.24	OG0001156.1
nan	3.260256	8.16553	nan	nan
OG0001299.24	OG0000002.1788	OG0000704.0	OG0017978.2	OG0001959.2
nan	nan	nan	8.096635000000001	nan
OG0013202.0	OG0000011.1	OG0001303.26	OG0001408.24	OG0001434.24
1.708547	nan	nan	nan	nan
OG0000479.1	OG0000038.0	OG0000728.24	OG0001235.24	OG0014687.1
2.3473189999999997	1.9685840000000001	3.750254	nan	8.135869
OG0001061.24	OG0014593.0	OG0002128.0	OG0000964.2	OG0000006.561
nan	1.1787860000000001	nan	nan	1.587581
OG0000797.20	OG0000038.0	OG0000954.24	OG0013173.1	OG0002153.0
1.4949940000000002	1.9685840000000001	2.214126	1.697988	nan
OG0000007.976	OG0000830.1	OG0015387.0	OG0002087.0	OG0001123.1
nan	nan	1.7374150000000002	nan	nan
OG0001408.24	OG0021967.0	OG0000038.0	OG0001737.0	OG0001180.24
nan	4.594476	1.9685840000000001	nan	nan
OG0001334.24	OG0001935.0	OG0000038.0	OG0001866.0	OG0007320.10
nan	nan	1.9685840000000001	nan	4.663587000000001
OG0000372.92	OG0001937.2	OG0000026.45	OG0010528.1	OG0001335.24
nan	nan	nan	2.370427	nan
OG0002211.0	OG0002048.0	OG0001593.20	OG0010676.1	OG0000006.561
nan	nan	nan	1.651184	1.587581
OG0000007.976	OG0001921.0	OG0000149.1	OG0001423.30	OG0002023.0
nan	nan	2.234156	nan	nan
OG0009269.4	OG0001256.24	OG0000082.1	OG0002082.0	OG0001849.0
3.4579989999999996	nan	1.609501	nan	1.23143
OG0001363.24	OG0008282.0	OG0000428.54	OG0000038.0	OG0002243.0
nan	4.621656	5.927622	1.9685840000000001	nan
OG0000011.1	OG0001216.24	OG0001221.1	OG0021380.0	OG0001878.2
nan	nan	nan	2.613787	256.6846
OG0000007.976	OG0001214.2	OG0002054.0	OG0002039.0	OG0015982.2
nan	1.590956	nan	nan	1.702709
OG0000007.976	OG0013470.1	OG0001238.24	OG0001062.24	OG0001849.0
nan	2.436435	nan	nan	1.23143
OG0022253.0	OG0000002.1788	OG0001078.24	OG0001832.1	OG0001428.1
1.666766	nan	nan	2.1106700000000003	nan
OG0007301.2	OG0001870.2	OG0001082.24	OG0000617.25	OG0000018.289
4.600392	nan	nan	1.7805630000000001	nan
OG0001345.24	OG0014592.0	OG0000886.24	OG0002158.0	OG0000026.45
nan	3.1357880000000002	nan	nan	nan
OG0000704.0	OG0001166.24	OG0008079.18	OG0001450.26	OG0000056.0
nan	nan	5.466376	nan	nan
OG0000713.24	OG0000522.0	OG0000018.289	OG0002321.0	OG0019431.0
43.39515	1.340323	nan	nan	1.502342
OG0002121.0	OG0001330.24	OG0000615.1	OG0000006.561	OG0014747.1
nan	nan	1.3976540000000002	1.587581	8.083946000000001
OG0000847.24	OG0001382.24	OG0000010.475	OG0016099.0	OG0001290.24
2.5429459999999997	nan	nan	1.50932	nan
OG0002146.0	OG0008756.0	OG0001080.1	OG0001880.0	OG0000032.252
nan	5.704688	nan	nan	4.128303
OG0000007.976	OG0007857.4	OG0002129.0	OG0001182.24	OG0002218.0
nan	4.588023000000001	nan	nan	nan
OG0000165.172	OG0014175.6	OG0001298.24	OG0000018.289	OG0001253.24
nan	3.4138879999999996	nan	nan	nan
OG0002035.0	OG0011970.0	OG0000834.30	OG0000082.1	OG0000925.1
nan	3.550049	nan	1.609501	267.5416
OG0001079.1	OG0020461.0	OG0002243.0	OG0000082.1	OG0001304.24
1.871732	3.391023	nan	1.609501	nan
OG0002150.0	OG0001403.24	OG0000846.25	OG0009043.0	OG0000032.252
nan	nan	nan	43.15732	4.128303
OG0002045.0	OG0005270.34	OG0000848.32	OG0000026.45	OG0001629.5
nan	2.069081	1.4519469999999999	nan	2.209748
OG0001413.1	OG0000010.475	OG0001403.24	OG0001492.24	OG0008059.4
nan	nan	nan	nan	8.081258
OG0001386.24	OG0000038.0	OG0002116.0	OG0016764.0	OG0000661.3
nan	1.9685840000000001	nan	2.354469	3.130735
OG0000007.976	OG0001176.24	OG0000236.122	OG0012651.6	OG0001180.24
nan	nan	4.019145	1.565057	nan
OG0007769.0	OG0001059.24	OG0000977.1	OG0000032.252	OG0001164.24
1.28395	nan	nan	4.128303	nan
OG0001278.2	OG0000011.1	OG0000863.32	OG0002037.0	OG0012194.0
nan	nan	nan	nan	2.850063
OG0001546.1	OG0001495.2	OG0000026.45	OG0002013.0	OG0018965.0
nan	nan	nan	nan	1.6792580000000001
OG0000732.24	OG0000983.28	OG0013872.4	OG0001271.1	OG0000018.289
1.2710540000000001	nan	2.039018	nan	nan
OG0001292.1	OG0000002.1788	OG0001853.0	OG0001132.24	OG0013603.0
nan	nan	3.261144	nan	1.929039
OG0000292.93	OG0006965.6	OG0000975.0	OG0000675.1	OG0000012.918
3.380013	4.572233	215.9063	1.3994879999999998	nan
OG0001921.0	OG0000011.1	OG0001303.26	OG0002176.0	OG0019378.0
nan	nan	nan	nan	1.6817330000000001
OG0000983.28	OG0001241.24	OG0000936.24	OG0000006.561	OG0014742.1
nan	nan	nan	1.587581	8.04757
OG0001246.24	OG0020706.0	OG0000559.30	OG0000056.0	OG0000801.24
nan	8.124802	5.674795	nan	7.852777000000001
OG0009046.12	OG0001357.24	OG0001328.24	OG0000006.561	OG0000901.0
1.407058	nan	nan	1.587581	3.756139
OG0000615.1	OG0001000.24	OG0001593.20	OG0014780.4	OG0000056.0
1.3976540000000002	nan	nan	8.086616000000001	nan
OG0000002.1788	OG0001432.24	OG0001536.0	OG0002000.0	OG0016933.0
nan	nan	2.980166	nan	2.614774
OG0000054.0	OG0000026.628	OG0000019.257	OG0001861.0	OG0016560.2
1.5484149999999999	nan	1.157585	2.757767	2.136453
OG0001486.1	OG0000010.475	OG0007934.0	OG0001830.6	OG0000925.1
nan	nan	5.32151	1.448918	267.5416
OG0001051.24	OG0000636.1	OG0000932.26	OG0000032.252	OG0007851.2
nan	0.8620441999999999	nan	4.128303	2.005624
OG0001307.24	OG0013103.0	OG0000001.1420	OG0001245.24	OG0001346.24
nan	0.950466	nan	nan	nan
OG0000425.53	OG0014713.1	OG0000735.1	OG0001379.1	OG0000056.0
nan	8.116462	1.102212	nan	nan
OG0022029.0	OG0001815.3	OG0000018.289	OG0001111.22	OG0001883.0
19.38702	nan	nan	nan	nan
OG0000011.1	OG0007922.2	OG0000664.3	OG0001472.0	OG0000543.45
nan	4.593526	4.474808	nan	nan
OG0012745.4	OG0001212.24	OG0002043.0	OG0001040.1	OG0000032.252
8.059766	nan	nan	nan	4.128303
OG0001550.0	OG0007311.2	OG0001038.1	OG0002028.0	OG0000006.561
0.9460878	4.589254	nan	nan	1.587581
OG0014592.0	OG0001082.24	OG0000242.29	OG0000018.289	OG0001425.1
3.1357880000000002	nan	4.513351	nan	nan
OG0001366.26	OG0001418.30	OG0002053.0	OG0012936.4	OG0000082.1
nan	nan	nan	1.437465	1.609501
OG0001357.24	OG0001238.24	OG0000056.0	OG0001861.0	OG0020746.0
nan	nan	nan	2.757767	2.395999
OG0000479.1	OG0000809.2	OG0000018.289	OG0016128.4	OG0000850.12
2.3473189999999997	nan	nan	8.164748	3.754032
OG0001218.24	OG0000367.3	OG0000038.0	OG0000577.45	OG0002168.0
nan	256.7495	1.9685840000000001	2.6537900000000003	nan
OG0000097.1	OG0008265.0	OG0000026.45	OG0002032.0	OG0001205.24
nan	3.140043	nan	nan	nan
OG0001315.24	OG0001169.24	OG0002126.0	OG0006968.0	OG0000001.1420
nan	nan	nan	5.581275	nan
OG0000002.1788	OG0002109.0	OG0016681.4	OG0001267.24	OG0001180.24
nan	nan	1.6991029999999998	nan	nan
OG0007066.10	OG0001390.24	OG0002319.0	OG0000032.252	OG0001180.24
5.281985	nan	nan	4.128303	nan
OG0014506.6	OG0001146.1	OG0001461.24	OG0000278.126	OG0000012.918
1.64156	nan	nan	nan	nan
OG0000010.475	OG0000561.24	OG0000770.1	OG0001297.24	OG0015404.4
nan	215.6959	3.708489	nan	2.010148
OG0000010.475	OG0020896.0	OG0000627.52	OG0001416.0	OG0001289.1
nan	1.5739319999999999	nan	3.6374449999999996	nan
OG0000953.26	OG0001165.26	OG0001288.1	OG0009046.12	OG0000026.45
nan	nan	nan	1.407058	nan
OG0000007.976	OG0001778.24	OG0002036.0	OG0002233.0	OG0007270.0
nan	nan	nan	nan	3.116021
OG0022253.0	OG0002035.0	OG0001488.22	OG0002085.0	OG0000018.289
1.666766	nan	nan	nan	nan
OG0000011.1	OG0011328.4	OG0000941.24	OG0001456.24	OG0000737.40
nan	2.3530439999999997	3.2768269999999995	nan	nan
OG0007588.4	OG0001331.24	OG0001236.24	OG0000082.1	OG0001934.0
4.596546	nan	nan	1.609501	nan
OG0000007.976	OG0011584.2	OG0001090.26	OG0002334.0	OG0000901.0
nan	2.553873	nan	nan	3.756139
OG0006878.0	OG0001933.0	OG0000685.33	OG0000082.1	OG0001050.0
1.6102530000000002	nan	nan	1.609501	nan
OG0001330.24	OG0010953.4	OG0001947.0	OG0002090.0	OG0000006.561
nan	4.652702	1.449051	nan	1.587581
OG0001360.24	OG0000011.1	OG0007933.0	OG0001277.24	OG0000369.1
nan	nan	4.601396	nan	nan
OG0000010.475	OG0017987.0	OG0000902.24	OG0001260.24	OG0001849.0
nan	8.094106	nan	nan	1.23143
OG0000002.1788	OG0020494.0	OG0002123.0	OG0002019.0	OG0000896.1
nan	3.398796	nan	nan	nan
OG0001810.0	OG0000987.19	OG0001512.12	OG0000012.918	OG0010979.0
nan	3.14129	20.27516	nan	4.599177
OG0000948.24	OG0001247.24	OG0002086.0	OG0000082.1	OG0007626.0
3.353082	nan	nan	1.609501	4.54709
OG0000769.0	OG0001275.26	OG0001298.24	OG0000018.289	OG0007931.1
1.4721520000000001	nan	nan	nan	4.645455999999999
OG0001542.3	OG0000547.0	OG0001145.3	OG0000038.0	OG0008712.0
2.653859	7.692535	nan	1.9685840000000001	4.570441000000001
OG0000007.976	OG0014555.2	OG0001460.24	OG0002231.0	OG0001584.0
nan	8.068454	nan	nan	225.5002
OG0000945.1	OG0014808.4	OG0002106.0	OG0000738.19	OG0000006.561
nan	8.04698	nan	nan	1.587581
OG0000832.1	OG0002077.0	OG0001132.24	OG0000082.1	OG0000706.25
5.358154	nan	nan	1.609501	nan
OG0000627.52	OG0001870.2	OG0000001.1420	OG0000757.29	OG0001160.24
nan	nan	nan	1.176404	nan
OG0015363.2	OG0001228.1	OG0002163.0	OG0000360.67	OG0000001.1420
1.298188	nan	nan	4.536992	nan
OG0002088.0	OG0001666.14	OG0016752.0	OG0002319.0	OG0000012.918
nan	nan	1.2571450000000002	nan	nan
OG0001301.24	OG0000010.475	OG0000929.1	OG0007932.0	OG0000900.25
nan	nan	nan	4.55468	nan
OG0001996.0	OG0001256.24	OG0008990.2	OG0001068.1	OG0000018.289
nan	nan	3.641325	nan	nan
OG0001264.24	OG0000026.45	OG0011132.2	OG0000378.2	OG0002065.0
nan	nan	4.6316	2.673983	nan
OG0001961.2	OG0016177.4	OG0002080.0	OG0000082.1	OG0001100.24
nan	8.120034	nan	1.609501	nan
OG0000627.52	OG0001157.1	OG0000038.0	OG0002334.0	OG0014659.1
nan	nan	1.9685840000000001	nan	8.046016
OG0002006.0	OG0000378.2	OG0007008.1	OG0000006.561	OG0002052.0
nan	2.673983	4.645356	1.587581	nan
OG0018050.0	OG0002078.0	OG0000834.30	OG0001480.22	OG0000018.289
8.029496	nan	nan	nan	nan
OG0001455.24	OG0002065.0	OG0008224.0	OG0000056.0	OG0001320.26
nan	nan	2.840857	nan	nan
OG0001228.1	OG0000002.1788	OG0000676.120	OG0000367.3	OG0000755.4
nan	nan	1.918991	256.7495	3.2726490000000004
OG0014752.4	OG0000018.289	OG0001073.24	OG0000803.36	OG0002009.0
8.1184	nan	2.2268790000000003	nan	nan
OG0000054.0	OG0001735.3	OG0000592.34	OG0004634.3	OG0001273.24
1.5484149999999999	nan	2.96387	4.547667	nan
OG0001401.24	OG0001292.1	OG0000242.29	OG0000082.1	OG0018522.0
nan	nan	4.513351	1.609501	2.269332
OG0001453.1	OG0005637.0	OG0000512.25	OG0001097.24	OG0000082.1
nan	1.775139	nan	nan	1.609501
OG0001003.24	OG0000000.3448	OG0000941.24	OG0001394.24	OG0000056.0
1.531892	1.105577	3.2768269999999995	nan	nan
OG0001863.0	OG0000002.1788	OG0001313.24	OG0007346.4	OG0001321.26
nan	nan	nan	4.582219	nan
OG0001303.26	OG0000283.91	OG0001468.24	OG0000977.1	OG0000082.1
nan	8.073504	2.371801	nan	1.609501
OG0001915.0	OG0002097.0	OG0000001.1420	OG0000828.16	OG0014341.0
nan	nan	nan	4.595071	5.310167
OG0001055.24	OG0001259.24	OG0016178.1	OG0000038.0	OG0001186.24
nan	nan	8.106839	1.9685840000000001	nan
OG0015391.4	OG0000935.24	OG0001798.0	OG0000018.289	OG0001346.24
2.006032	nan	nan	nan	nan
OG0000007.976	OG0016144.4	OG0001460.24	OG0000948.24	OG0001820.0
nan	8.073816	nan	3.353082	1.483166
OG0001169.24	OG0005772.1	OG0002104.0	OG0000018.289	OG0001402.24
nan	4.580326	nan	nan	nan
OG0001234.24	OG0001339.1	OG0010765.0	OG0001329.24	OG0000026.45
nan	nan	1.099823	nan	nan
OG0000010.475	OG0012731.2	OG0000600.26	OG0001000.24	OG0001063.0
nan	8.151282	2.2756950000000002	nan	nan
OG0002024.0	OG0001998.0	OG0001629.5	OG0000001.1420	OG0008493.6
nan	nan	2.209748	nan	2.0157700000000003
OG0000054.0	OG0000637.34	OG0001399.24	OG0009060.0	OG0000906.25
1.5484149999999999	1.984745	nan	1.1206120000000002	2.794268
OG0001508.1	OG0001076.24	OG0002054.0	OG0000032.252	OG0010528.1
nan	2.373579	nan	4.128303	2.370427
OG0000002.1788	OG0000948.24	OG0014691.1	OG0000834.30	OG0001252.1
nan	3.353082	7.992195	nan	nan
OG0000054.0	OG0000860.24	OG0014841.0	OG0002055.0	OG0001335.24
1.5484149999999999	2.63928	1.6868720000000001	nan	nan
OG0002174.0	OG0000038.0	OG0001313.24	OG0001139.24	OG0001617.1
nan	1.9685840000000001	nan	nan	4.607954
OG0007307.2	OG0001122.1	OG0001859.0	OG0001364.24	OG0000012.918
4.610103	nan	2.905964	nan	nan
OG0000054.0	OG0001394.24	OG0000822.0	OG0002080.0	OG0019409.0
1.5484149999999999	nan	1.4474280000000002	nan	1.2284
OG0001307.24	OG0000026.45	OG0001247.24	OG0016180.0	OG0002058.0
nan	nan	nan	1.459013	nan
OG0000054.0	OG0002051.0	OG0000976.24	OG0006508.0	OG0001553.14
1.5484149999999999	nan	3.811548	218.6471	3.2903279999999997
OG0013202.0	OG0000011.1	OG0001246.24	OG0002027.0	OG0001309.24
1.708547	nan	nan	nan	nan
OG0001085.24	OG0018011.0	OG0002138.0	OG0000830.1	OG0000032.252
nan	8.103683	nan	nan	4.128303
OG0012729.10	OG0002252.0	OG0001460.24	OG0000038.0	OG0001649.0
7.9434309999999995	nan	nan	1.9685840000000001	2.032116
OG0002122.0	OG0008678.1	OG0000002.1788	OG0001456.24	OG0001070.26
nan	4.6252059999999995	nan	nan	nan
OG0001246.24	OG0014555.2	OG0002128.0	OG0000001.1420	OG0001184.24
nan	8.068454	nan	nan	nan
OG0001996.0	OG0002096.0	OG0001162.22	OG0000001.1420	OG0006959.0
nan	nan	259.7337	nan	5.605869
OG0002063.0	OG0010970.0	OG0000056.0	OG0001249.1	OG0001263.26
nan	5.355961	nan	nan	nan
OG0002134.0	OG0000861.24	OG0008758.2	OG0000038.0	OG0000853.1
nan	1.403429	4.648176	1.9685840000000001	2.515475
OG0000397.30	OG0001244.24	OG0000082.1	OG0012951.0	OG0000415.0
nan	nan	1.609501	2.029082	0.7545826999999999
OG0017870.2	OG0000915.28	OG0001584.0	OG0000082.1	OG0001137.24
0.9487061	nan	225.5002	1.609501	nan
OG0000816.36	OG0001226.24	OG0001167.24	OG0000082.1	OG0018408.0
nan	nan	nan	1.609501	1.62836
OG0000007.976	OG0002151.0	OG0001382.24	OG0010981.0	OG0001954.0
nan	nan	nan	5.3297989999999995	nan
OG0001226.24	OG0000820.2	OG0000678.1	OG0000032.252	OG0011573.0
nan	4.645271	nan	4.128303	2.873401
OG0001996.0	OG0001095.25	OG0000615.1	OG0020744.0	OG0000056.0
nan	nan	1.3976540000000002	2.420998	nan
OG0007618.0	OG0000026.45	OG0002036.0	OG0001162.22	OG0001271.1
4.587382	nan	nan	259.7337	nan
OG0000054.0	OG0018464.2	OG0002159.0	OG0002174.0	OG0002214.0
1.5484149999999999	1.6458509999999997	nan	nan	nan
OG0000011.1	OG0002083.0	OG0022208.0	OG0002070.0	OG0001172.24
nan	nan	1.844379	nan	nan
OG0012034.0	OG0001149.24	OG0001999.0	OG0000936.24	OG0000056.0
2.7822310000000003	nan	nan	nan	nan
OG0000919.32	OG0000002.1788	OG0013252.2	OG0001000.24	OG0001319.1
nan	nan	1.6689080000000003	nan	nan
OG0002102.0	OG0001245.24	OG0013173.1	OG0000001.1420	OG0000803.36
nan	nan	1.697988	nan	nan
OG0000007.976	OG0002102.0	OG0002003.1	OG0018845.0	OG0001637.1
nan	nan	nan	0.9692384	nan
OG0000002.1788	OG0011000.0	OG0001030.26	OG0002003.1	OG0002070.0
nan	5.320464	nan	nan	nan
OG0009195.0	OG0000975.0	OG0000002.1788	OG0000860.24	OG0001029.24
5.300318	215.9063	nan	2.63928	nan
OG0002050.0	OG0000347.80	OG0001142.24	OG0007932.0	OG0000006.561
nan	0.8733753000000001	nan	4.55468	1.587581
OG0010628.2	OG0000002.1788	OG0001455.24	OG0000909.26	OG0000518.24
2.500838	nan	nan	1.476698	217.4425
OG0000002.1788	OG0001431.24	OG0018140.2	OG0001801.0	OG0001249.1
nan	nan	1.218861	3.33285	nan
OG0002130.0	OG0000460.47	OG0016814.0	OG0000700.36	OG0000032.252
nan	nan	3.5186319999999998	6.385463	4.128303
OG0000007.976	OG0001043.2	OG0001297.24	OG0001859.0	OG0016288.4
nan	nan	nan	2.905964	2.134118
OG0002102.0	OG0016916.0	OG0001247.24	OG0001540.26	OG0000018.289
nan	2.620434	nan	nan	nan
OG0013928.0	OG0002102.0	OG0002244.0	OG0002013.0	OG0000006.561
1.052676	nan	nan	nan	1.587581
OG0010089.0	OG0001445.24	OG0002252.0	OG0001190.24	OG0000038.0
5.64191	nan	nan	nan	1.9685840000000001
OG0002067.0	OG0000987.19	OG0001803.6	OG0010802.0	OG0000012.918
nan	3.14129	2.219364	1.224736	nan
OG0000007.976	OG0001194.24	OG0014802.1	OG0002077.0	OG0000700.36
nan	nan	7.946451	nan	6.385463
OG0001292.1	OG0001512.12	OG0001397.24	OG0016983.0	OG0000056.0
nan	20.27516	nan	1.6589919999999998	nan
OG0000011.1	OG0002060.0	OG0007918.0	OG0001364.24	OG0001379.1
nan	nan	5.714901	nan	nan
OG0001435.1	OG0016127.4	OG0000101.90	OG0000038.0	OG0000976.24
nan	8.039102999999999	nan	1.9685840000000001	3.811548
OG0001855.4	OG0001553.14	OG0000026.45	OG0020641.0	OG0002233.0
nan	3.2903279999999997	nan	8.086886999999999	nan
OG0001071.1	OG0000011.1	OG0001303.26	OG0001353.24	OG0014675.4
nan	nan	nan	nan	8.130298
OG0020616.0	OG0002225.0	OG0001963.0	OG0000001.1420	OG0000339.0
1.5525579999999999	nan	nan	nan	11.85999
OG0015777.0	OG0001764.0	OG0000038.0	OG0001865.0	OG0001092.1
1.75805	2.079993	1.9685840000000001	1.50545	nan
OG0000000.626	OG0000367.3	OG0000894.25	OG0000001.1420	OG0011934.2
nan	256.7495	nan	nan	1.847548
OG0001661.0	OG0002123.0	OG0015368.2	OG0001457.24	OG0000082.1
5.385722	nan	0.9629264000000001	nan	1.609501
OG0001772.0	OG0001667.0	OG0000026.45	OG0002097.0	OG0000007.338
nan	4.634676	nan	nan	1.389076
OG0000054.0	OG0001855.4	OG0000588.0	OG0000767.24	OG0016979.0
1.5484149999999999	nan	1.557139	4.503944000000001	1.715332
OG0000007.976	OG0001562.24	OG0017147.0	OG0001235.24	OG0001674.0
nan	nan	1.18535	nan	1.936179
OG0001961.2	OG0001418.30	OG0010969.0	OG0000032.252	OG0001511.22
nan	nan	1.724589	4.128303	nan
OG0000054.0	OG0000577.45	OG0001093.24	OG0001480.22	OG0001008.28
1.5484149999999999	2.6537900000000003	nan	nan	nan
OG0001129.24	OG0000026.45	OG0001847.4	OG0014717.1	OG0002057.0
nan	nan	nan	8.084333	nan
OG0007566.10	OG0001409.1	OG0001442.1	OG0002233.0	OG0000012.918
4.576872	nan	nan	nan	nan
OG0001821.4	OG0001516.22	OG0000032.252	OG0000925.1	OG0011913.0
3.280654	nan	4.128303	267.5416	2.839744
OG0000054.0	OG0000101.90	OG0002053.0	OG0001078.24	OG0020859.0
1.5484149999999999	nan	nan	nan	1.957166
OG0002164.0	OG0020422.0	OG0000865.1	OG0001384.1	OG0000006.561
nan	3.377072	259.8504	nan	1.587581
OG0001502.26	OG0002140.0	OG0000918.1	OG0000276.63	OG0000056.0
nan	nan	nan	nan	nan
OG0000054.0	OG0001125.24	OG0002110.0	OG0005497.18	OG0001144.24
1.5484149999999999	nan	nan	2.511861	nan
OG0001937.2	OG0000829.5	OG0001311.5	OG0000012.918	OG0019389.0
nan	nan	nan	nan	1.5706
OG0000054.0	OG0000101.90	OG0001492.24	OG0001210.24	OG0016111.4
1.5484149999999999	nan	nan	nan	8.118654
OG0000529.60	OG0001938.0	OG0001000.24	OG0000018.289	OG0018395.0
nan	nan	nan	nan	1.709716
OG0002222.0	OG0007339.0	OG0000056.0	OG0002114.0	OG0000453.2
nan	225.6666	nan	nan	2.199106
OG0013168.0	OG0001274.24	OG0002154.0	OG0000181.164	OG0000006.561
2.383554	nan	nan	2.6212619999999998	1.587581
OG0002175.0	OG0001032.24	OG0000026.45	OG0014022.4	OG0000453.2
nan	nan	nan	1.5551840000000001	2.199106
OG0000909.26	OG0001132.24	OG0017889.0	OG0000675.1	OG0000012.918
1.476698	nan	1.1758979999999999	1.3994879999999998	nan
OG0000010.475	OG0013236.0	OG0001447.24	OG0001300.1	OG0000853.1
nan	3.0017669999999996	nan	nan	2.515475
OG0000054.0	OG0013890.2	OG0002103.0	OG0001885.0	OG0002170.0
1.5484149999999999	2.0013259999999997	nan	nan	nan
OG0001936.0	OG0006767.7	OG0000984.24	OG0000012.918	OG0001063.0
nan	1.8030400000000002	nan	nan	nan
OG0001067.24	OG0000026.45	OG0008405.1	OG0002236.0	OG0002073.0
nan	nan	1.7309130000000001	nan	nan
OG0000002.1788	OG0017873.2	OG0002053.0	OG0000709.10	OG0001801.0
nan	3.3660089999999996	nan	2.349284	3.33285
OG0000011.1	OG0012368.0	OG0001414.24	OG0000377.2	OG0000383.2
nan	1.6559	nan	nan	2.3441240000000003
OG0001222.24	OG0001352.26	OG0020688.0	OG0000026.45	OG0000833.0
nan	nan	8.103717999999999	nan	nan
OG0016142.4	OG0001661.0	OG0001853.0	OG0001438.24	OG0000082.1
8.048253	5.385722	3.261144	nan	1.609501
OG0016097.1	OG0000638.38	OG0002154.0	OG0001280.24	OG0000006.561
2.166042	2.220815	nan	nan	1.587581
OG0001209.1	OG0001398.24	OG0010533.4	OG0000038.0	OG0001688.16
nan	nan	7.996144	1.9685840000000001	nan
OG0000011.1	OG0001453.1	OG0012973.0	OG0001859.0	OG0001147.24
nan	nan	1.317588	2.905964	nan
OG0000405.0	OG0020586.0	OG0000770.1	OG0000038.0	OG0001305.24
220.9414	2.169843	3.708489	1.9685840000000001	nan
OG0001699.1	OG0001218.24	OG0000038.0	OG0012945.3	OG0000270.2
nan	nan	1.9685840000000001	3.4002019999999997	nan
OG0016176.0	OG0002088.0	OG0000011.1	OG0001423.30	OG0001189.24
8.150997	nan	nan	nan	nan
OG0001049.26	OG0000865.1	OG0000367.3	OG0000012.918	OG0004480.1
nan	259.8504	256.7495	nan	1.2093909999999999
OG0001439.24	OG0001080.1	OG0019425.0	OG0001674.0	OG0000006.561
nan	nan	1.6854189999999998	1.936179	1.587581
OG0000007.976	OG0000894.25	OG0016469.2	OG0001186.24	OG0001304.24
nan	nan	6.183232	nan	nan
OG0000007.976	OG0000816.36	OG0014752.4	OG0000834.30	OG0000383.2
nan	nan	8.1184	nan	2.3441240000000003
OG0000007.976	OG0001274.24	OG0007024.2	OG0001457.24	OG0000004.33
nan	nan	4.638548999999999	nan	nan
OG0000007.976	OG0001332.24	OG0001057.24	OG0001462.24	OG0007883.4
nan	nan	nan	nan	4.666503
OG0002079.0	OG0001082.24	OG0000056.0	OG0019006.0	OG0000453.2
nan	nan	nan	5.415430000000001	2.199106
OG0000054.0	OG0016682.2	OG0001084.24	OG0001253.24	OG0001387.26
1.5484149999999999	1.7490580000000002	nan	nan	nan
OG0001191.24	OG0001352.26	OG0011357.4	OG0000082.1	OG0000916.24
nan	nan	2.453641	1.609501	0.9525953000000001
OG0008141.0	OG0000011.1	OG0002056.0	OG0000984.24	OG0002038.0
2.441612	nan	nan	nan	nan
OG0001218.24	OG0002014.0	OG0001764.0	OG0011338.3	OG0000056.0
nan	nan	2.079993	1.706325	nan
OG0000482.64	OG0001430.24	OG0001332.24	OG0008287.4	OG0000012.918
255.4135	nan	nan	4.629709	nan
OG0000054.0	OG0001279.24	OG0012087.2	OG0000885.24	OG0001324.24
1.5484149999999999	nan	2.438886	nan	nan
OG0001265.24	OG0008756.0	OG0000010.475	OG0001181.24	OG0001189.24
nan	5.704688	nan	nan	nan
OG0001067.24	OG0002035.0	OG0007613.14	OG0000082.1	OG0001920.0
nan	nan	5.567355	1.609501	nan
OG0001173.24	OG0001583.18	OG0014045.0	OG0000278.126	OG0000056.0
nan	nan	2.24091	nan	nan
OG0002186.0	OG0006903.2	OG0001956.0	OG0000026.45	OG0000946.1
nan	5.628564	nan	nan	nan
OG0000007.976	OG0001813.8	OG0009951.0	OG0000489.0	OG0000738.19
nan	nan	1.367572	nan	nan
OG0001435.1	OG0008040.2	OG0001572.24	OG0000001.1420	OG0001934.0
nan	1.713902	nan	nan	nan
OG0001173.24	OG0000367.174	OG0001215.24	OG0002089.0	OG0000032.252
nan	1.2222879999999998	nan	nan	4.128303
OG0000010.475	OG0013467.4	OG0000559.30	OG0000453.2	OG0001598.16
nan	7.9984720000000005	5.674795	2.199106	3.269702
OG0000007.976	OG0001436.24	OG0000728.24	OG0001291.1	OG0021345.0
nan	nan	3.750254	nan	1.459825
OG0000011.1	OG0002102.0	OG0001130.24	OG0001287.24	OG0009299.6
nan	nan	nan	nan	2.845151
OG0000007.976	OG0000741.0	OG0001635.0	OG0001247.24	OG0011708.0
nan	nan	3.3762559999999997	nan	5.307885
OG0000026.45	OG0000615.1	OG0009296.0	OG0001198.26	OG0001686.0
nan	1.3976540000000002	2.7623330000000004	nan	2.34137
OG0001953.2	OG0000038.0	OG0002086.0	OG0001637.1	OG0016187.1
nan	1.9685840000000001	nan	nan	8.059196
OG0000982.24	OG0001120.26	OG0001208.24	OG0008266.0	OG0000012.918
nan	nan	nan	5.261657	nan
OG0000002.1788	OG0010043.0	OG0000735.1	OG0001926.0	OG0000543.45
nan	3.4156660000000003	1.102212	nan	nan
OG0001258.24	OG0001735.3	OG0009138.2	OG0000082.1	OG0000543.45
nan	nan	1.525185	1.609501	nan
OG0000007.976	OG0001497.24	OG0001254.24	OG0011653.12	OG0001238.24
nan	nan	nan	8.104361	nan
OG0000979.1	OG0000002.1788	OG0001270.1	OG0007333.0	OG0000803.36
3.2457700000000003	nan	nan	4.601468	nan
OG0001060.26	OG0000002.1788	OG0001942.0	OG0000504.24	OG0000747.125
nan	nan	2.819097	220.628	3.4867809999999997
OG0013945.4	OG0000931.1	OG0001536.0	OG0001324.24	OG0000018.289
1.040294	nan	2.980166	nan	nan
OG0000002.1788	OG0000578.0	OG0001051.24	OG0001322.24	OG0017883.2
nan	1.7781779999999998	nan	nan	2.5268200000000003
OG0000026.45	OG0002005.0	OG0002128.0	OG0018440.0	OG0001189.24
nan	nan	nan	1.035994	nan
OG0001581.24	OG0001075.1	OG0008680.0	OG0002141.0	OG0000056.0
nan	nan	4.663229	nan	nan
OG0000730.24	OG0000001.1420	OG0020852.0	OG0000895.1	OG0001028.24
3.7803449999999996	nan	1.042002	nan	nan
OG0000497.40	OG0000713.24	OG0007424.1	OG0001086.0	OG0000018.289
1.657934	43.39515	2.080206	nan	nan
OG0001340.24	OG0009284.2	OG0002097.0	OG0001235.24	OG0000006.561
nan	3.406762	nan	nan	1.587581
OG0009303.0	OG0000456.0	OG0001377.24	OG0000056.0	OG0000803.36
5.361362000000001	1.9499090000000001	nan	nan	nan
OG0009195.0	OG0000371.2	OG0000406.0	OG0000018.289	OG0000828.16
5.300318	3.135684	4.2890239999999995	nan	4.595071
OG0000011.1	OG0001292.1	OG0001191.24	OG0020606.0	OG0001886.0
nan	nan	nan	2.505785	nan
OG0020847.0	OG0000741.0	OG0001132.24	OG0000056.0	OG0002153.0
1.958839	nan	nan	nan	nan
OG0000054.0	OG0012848.0	OG0000678.1	OG0000562.7	OG0001283.1
1.5484149999999999	0.9648421	nan	nan	nan
OG0000816.36	OG0000011.1	OG0001261.1	OG0020857.0	OG0000726.25
nan	nan	nan	1.101568	3.759788
OG0002211.0	OG0000018.289	OG0000895.1	OG0006983.0	OG0000706.25
nan	nan	nan	5.5024370000000005	nan
OG0006878.0	OG0000591.2	OG0001274.24	OG0000299.1	OG0000012.918
1.6102530000000002	nan	nan	nan	nan
OG0000847.24	OG0002100.0	OG0000002.1788	OG0015189.0	OG0001422.30
2.5429459999999997	nan	nan	3.5090339999999998	nan
OG0002248.0	OG0001403.24	OG0000078.263	OG0020500.0	OG0000018.289
nan	nan	nan	3.3859790000000003	nan
OG0002059.0	OG0020456.0	OG0001584.0	OG0000018.289	OG0001257.24
nan	3.379475	225.5002	nan	nan
OG0000002.1788	OG0000032.86	OG0001371.24	OG0012912.2	OG0000884.25
nan	nan	nan	2.484123	nan
OG0000007.976	OG0001357.24	OG0009165.0	OG0002089.0	OG0001567.1
nan	nan	3.130712	nan	1.5425309999999999
OG0002186.0	OG0001230.26	OG0002103.0	OG0007643.2	OG0000012.918
nan	nan	nan	4.616308	nan
OG0000926.24	OG0001292.1	OG0020430.0	OG0000038.0	OG0000995.5
2.3845419999999997	nan	3.382508	1.9685840000000001	nan
OG0001933.0	OG0014725.1	OG0001190.24	OG0000056.0	OG0001257.24
nan	8.074911	nan	nan	nan
OG0000054.0	OG0001935.0	OG0002104.0	OG0001275.26	OG0009207.3
1.5484149999999999	nan	nan	nan	4.640854
OG0001343.24	OG0012124.4	OG0001397.24	OG0000032.252	OG0000754.0
nan	1.827707	nan	4.128303	nan
OG0001399.24	OG0011907.0	OG0001291.1	OG0000001.1420	OG0001934.0
nan	2.4835	nan	nan	nan
OG0001421.30	OG0001278.2	OG0000232.19	OG0020750.0	OG0000012.918
nan	nan	2.928117	2.392674	nan
OG0001666.14	OG0000011.1	OG0000547.0	OG0000667.13	OG0019409.0
nan	nan	7.692535	nan	1.2284
OG0000010.475	OG0020528.0	OG0000078.263	OG0001011.1	OG0000863.32
nan	3.4368519999999996	nan	nan	nan
OG0000010.475	OG0001305.24	OG0011391.12	OG0001943.0	OG0001028.24
nan	nan	3.381261	nan	nan
OG0001087.24	OG0000038.0	OG0001094.26	OG0001321.26	OG0016122.4
nan	1.9685840000000001	nan	nan	8.029031
OG0001376.24	OG0000006.561	OG0001335.24	OG0000828.16	OG0011645.0
nan	1.587581	nan	4.595071	2.229664
OG0000011.1	OG0000812.32	OG0020478.0	OG0001636.12	OG0001229.1
nan	nan	3.356381	261.4398	nan
OG0001572.24	OG0001078.24	OG0000032.86	OG0000006.561	OG0011399.0
nan	nan	nan	1.587581	0.9924973
OG0015166.0	OG0001182.24	OG0000012.918	OG0002038.0	OG0001028.24
2.519086	nan	nan	nan	nan
OG0002002.0	OG0001235.24	OG0010963.0	OG0000012.918	OG0001219.24
nan	nan	4.642501	nan	nan
OG0002056.0	OG0000026.45	OG0001536.0	OG0014521.4	OG0001880.0
nan	nan	2.980166	2.337705	nan
OG0000010.475	OG0001295.24	OG0009886.7	OG0001252.1	OG0002105.0
nan	nan	2.073636	nan	nan
OG0001395.1	OG0000010.475	OG0000405.0	OG0010904.1	OG0000299.1
nan	nan	220.9414	2.982032	nan
OG0001430.24	OG0016200.2	OG0002145.0	OG0000863.32	OG0000032.252
nan	8.026461	nan	nan	4.128303
OG0000578.0	OG0013582.0	OG0001066.26	OG0002019.0	OG0000012.918
1.7781779999999998	3.4392480000000005	nan	nan	nan
OG0001360.24	OG0002213.0	OG0001583.18	OG0015013.0	OG0000001.1420
nan	nan	nan	1.255269	nan
OG0000054.0	OG0000382.41	OG0002099.0	OG0001500.24	OG0014772.1
1.5484149999999999	nan	nan	nan	8.105822
OG0000011.1	OG0001956.0	OG0008679.1	OG0001686.0	OG0001050.0
nan	nan	4.594653	2.34137	nan
OG0001432.24	OG0002176.0	OG0014693.4	OG0000082.1	OG0001133.24
nan	nan	8.045007	1.609501	nan
OG0014635.1	OG0002092.0	OG0002133.0	OG0000026.45	OG0000559.30
8.026104	nan	nan	nan	5.674795
OG0001409.1	OG0002244.0	OG0012909.2	OG0000504.24	OG0000056.0
nan	nan	3.5126769999999996	220.628	nan
OG0002211.0	OG0000010.475	OG0001259.24	OG0012752.0	OG0001959.2
nan	nan	nan	1.405942	nan
OG0000010.475	OG0013578.4	OG0001030.26	OG0001361.1	OG0000625.28
nan	8.114385	nan	nan	1.6092540000000002
OG0001049.26	OG0000979.1	OG0007268.0	OG0000494.1	OG0000012.918
nan	3.2457700000000003	5.493601	nan	nan
OG0020724.0	OG0002002.0	OG0000002.1788	OG0001442.1	OG0001696.0
8.202674	nan	nan	nan	1.0970799999999998
OG0000010.475	OG0001145.3	OG0001069.28	OG0014717.1	OG0001387.26
nan	nan	nan	8.084333	nan
OG0014735.4	OG0001418.30	OG0002024.0	OG0000001.1420	OG0001736.4
8.09147	nan	nan	nan	2.681743
OG0020480.0	OG0001699.1	OG0000001.1420	OG0001199.24	OG0002105.0
3.430039	nan	nan	nan	nan
OG0000010.475	OG0001299.24	OG0001023.7	OG0001236.24	OG0006508.0
nan	nan	3.260256	nan	218.6471
OG0001416.0	OG0016449.2	OG0000675.1	OG0000504.24	OG0000056.0
3.6374449999999996	1.45771	1.3994879999999998	220.628	nan
OG0012938.1	OG0000038.0	OG0001130.24	OG0001325.24	OG0000854.30
1.709884	1.9685840000000001	nan	nan	1.594136
OG0002113.0	OG0001438.24	OG0000001.1420	OG0000858.32	OG0011913.0
nan	nan	nan	2.743382	2.839744
OG0002004.0	OG0000867.24	OG0001244.24	OG0000082.1	OG0014673.4
nan	1.9427349999999999	nan	1.609501	8.104688000000001
OG0002159.0	OG0000002.1788	OG0011530.4	OG0000809.2	OG0001175.1
nan	nan	4.593731	nan	nan
OG0001032.24	OG0000038.0	OG0000538.0	OG0011686.0	OG0001454.24
nan	1.9685840000000001	1.5186950000000001	5.287408	nan
OG0000010.475	OG0007334.0	OG0001233.24	OG0000755.4	OG0002105.0
nan	4.579577	nan	3.2726490000000004	nan
OG0000007.976	OG0000347.80	OG0002005.0	OG0000392.72	OG0020529.0
nan	0.8733753000000001	nan	0.8365353000000001	3.397479
OG0001348.24	OG0000953.26	OG0010018.0	OG0000038.0	OG0002103.0
nan	nan	4.577732	1.9685840000000001	nan
OG0001869.2	OG0002210.0	OG0000056.0	OG0010128.0	OG0002321.0
1.878787	nan	nan	5.327255999999999	nan
OG0000007.976	OG0002025.0	OG0001011.1	OG0001512.12	OG0014741.4
nan	nan	nan	20.27516	8.109751
OG0000011.1	OG0000463.51	OG0001235.24	OG0000995.5	OG0011885.0
nan	3.582846	nan	nan	0.9471726
OG0000011.1	OG0000405.0	OG0001409.1	OG0012760.0	OG0001686.0
nan	220.9414	nan	1.733485	2.34137
OG0001148.24	OG0000026.45	OG0000932.26	OG0018435.0	OG0001164.24
nan	nan	nan	1.365241	nan
OG0009161.0	OG0002027.0	OG0000032.252	OG0001260.24	OG0001070.26
5.321028	nan	4.128303	nan	nan
OG0000054.0	OG0006968.0	OG0001224.24	OG0001047.26	OG0000884.25
1.5484149999999999	5.581275	nan	nan	nan
OG0000007.976	OG0001039.1	OG0002036.0	OG0000278.126	OG0015185.2
nan	nan	nan	nan	1.998862
OG0000011.1	OG0000926.24	OG0002093.0	OG0010691.4	OG0001132.24
nan	2.3845419999999997	nan	0.8117251	nan
OG0007769.0	OG0002147.0	OG0000524.1	OG0000012.918	OG0001428.1
1.28395	nan	212.9155	nan	nan
OG0000007.976	OG0001479.24	OG0002124.0	OG0001304.24	OG0014806.4
nan	nan	nan	nan	8.021415
OG0000011.1	OG0002109.0	OG0012705.1	OG0001458.24	OG0000621.39
nan	nan	3.121969	nan	nan
OG0001143.26	OG0001155.24	OG0011133.0	OG0000999.14	OG0000001.1420
nan	nan	0.9555781999999999	18.71515	nan
OG0000011.1	OG0015161.0	OG0001246.24	OG0001423.30	OG0002033.0
nan	3.4534279999999997	nan	nan	nan
OG0001435.1	OG0022308.0	OG0000032.252	OG0000828.16	OG0000412.76
nan	2.180328	4.128303	4.595071	nan
OG0000010.475	OG0002085.0	OG0008781.6	OG0001121.24	OG0001883.0
nan	nan	2.207632	nan	nan
OG0010990.0	OG0000510.30	OG0000006.561	OG0001160.24	OG0001527.7
1.649398	1.444669	1.587581	nan	nan
OG0001463.24	OG0019040.0	OG0001130.24	OG0000018.289	OG0002081.0
nan	2.8446029999999998	nan	nan	nan
OG0000765.3	OG0014678.1	OG0001778.24	OG0000006.561	OG0000780.24
nan	7.968482000000001	nan	1.587581	2.986732
OG0001243.24	OG0006922.0	OG0001669.0	OG0000006.561	OG0001801.0
nan	5.588582	3.284244	1.587581	3.33285
OG0001077.24	OG0001230.26	OG0000038.0	OG0014343.0	OG0001066.26
nan	nan	1.9685840000000001	1.685747	nan
OG0000010.475	OG0001391.24	OG0001434.24	OG0001938.0	OG0013973.0
nan	nan	nan	nan	2.294612
OG0002015.0	OG0001429.24	OG0016916.0	OG0000038.0	OG0001219.24
nan	nan	2.620434	1.9685840000000001	nan
OG0001403.24	OG0000479.1	OG0000002.1788	OG0000548.29	OG0006484.3
nan	2.3473189999999997	nan	0.7326185000000001	1.542162
OG0020885.0	OG0002006.0	OG0000082.1	OG0001886.0	OG0001028.24
1.515896	nan	1.609501	nan	nan
OG0000405.0	OG0008289.10	OG0001541.1	OG0000038.0	OG0001289.1
220.9414	5.5063059999999995	nan	1.9685840000000001	nan
OG0002050.0	OG0000010.475	OG0001330.24	OG0001963.0	OG0019409.0
nan	nan	nan	nan	1.2284
OG0000010.475	OG0001418.30	OG0006939.0	OG0001051.24	OG0002114.0
nan	nan	5.573486	nan	nan
OG0000054.0	OG0000775.24	OG0000396.79	OG0000993.25	OG0000104.85
1.5484149999999999	263.2808	nan	nan	1.115046
OG0017147.0	OG0001103.24	OG0000018.289	OG0001074.2	OG0000609.44
1.18535	nan	nan	2.6492139999999997	nan
OG0000862.34	OG0007569.0	OG0001277.24	OG0000032.252	OG0000377.2
nan	5.308562	nan	4.128303	nan
OG0012317.2	OG0002332.0	OG0000018.289	OG0001311.5	OG0001141.24
1.728834	nan	nan	nan	nan
OG0007561.6	OG0001096.1	OG0000683.0	OG0000056.0	OG0001422.30
3.19942	nan	1.7965970000000002	nan	nan
OG0013590.4	OG0000941.24	OG0001735.3	OG0000513.32	OG0000018.289
1.6784270000000001	3.2768269999999995	nan	3.128104	nan
OG0001087.24	OG0006926.0	OG0001410.24	OG0000006.561	OG0002071.0
nan	5.276718	nan	1.587581	nan
OG0000101.90	OG0011986.10	OG0002155.0	OG0000006.561	OG0000826.25
nan	1.280966	nan	1.587581	nan
OG0000010.475	OG0001540.26	OG0001457.24	OG0000677.1	OG0017954.0
nan	nan	nan	nan	1.9512040000000002
OG0000097.1	OG0002154.0	OG0000082.1	OG0014817.2	OG0001674.0
nan	nan	1.609501	1.9461119999999998	1.936179
OG0000010.475	OG0000776.26	OG0000019.257	OG0001411.26	OG0014669.4
nan	2.619523	1.157585	nan	8.063444
OG0001382.24	OG0006199.1	OG0001126.24	OG0002141.0	OG0000001.1420
nan	4.631019	nan	nan	nan
OG0000054.0	OG0001071.1	OG0001231.24	OG0015219.0	OG0002075.0
1.5484149999999999	nan	nan	2.5211360000000003	nan
OG0001666.14	OG0002136.0	OG0001538.6	OG0000001.1420	OG0007883.4
nan	nan	2.163086	nan	4.666503
OG0000004.888	OG0013236.0	OG0000002.1788	OG0002006.0	OG0001861.0
nan	3.0017669999999996	nan	nan	2.757767
OG0001367.24	OG0000002.1788	OG0001661.0	OG0016752.0	OG0001172.24
nan	nan	5.385722	1.2571450000000002	nan
OG0001042.5	OG0000010.475	OG0000101.90	OG0017903.2	OG0001462.24
nan	nan	nan	1.576124	nan
OG0001915.0	OG0020747.0	OG0000781.28	OG0000018.289	OG0000609.44
nan	2.385839	nan	nan	nan
OG0020424.0	OG0000018.289	OG0001723.0	OG0000739.15	OG0001172.24
3.3622080000000003	nan	1.36533	nan	nan
OG0000002.1788	OG0000830.1	OG0013470.1	OG0001139.24	OG0000894.25
nan	nan	2.436435	nan	nan
OG0002152.0	OG0001410.24	OG0000018.289	OG0005053.13	OG0000803.36
nan	nan	nan	4.442378	nan
OG0000405.0	OG0013999.2	OG0002056.0	OG0001636.12	OG0000006.561
220.9414	2.597961	nan	261.4398	1.587581
OG0000007.976	OG0001296.24	OG0001314.1	OG0010657.2	OG0002161.0
nan	nan	nan	1.384506	nan
OG0011327.4	OG0002135.0	OG0000577.54	OG0001371.24	OG0000056.0
2.365116	nan	nan	nan	nan
OG0001550.0	OG0001081.24	OG0000056.0	OG0000369.1	OG0011934.2
0.9460878	nan	nan	nan	1.847548
OG0000054.0	OG0000765.3	OG0000441.96	OG0000704.0	OG0014985.0
1.5484149999999999	nan	nan	nan	1.073442
OG0016059.0	OG0002083.0	OG0001420.22	OG0000082.1	OG0001483.24
0.9340038	nan	nan	1.609501	nan
OG0002252.0	OG0014676.4	OG0001885.0	OG0000032.252	OG0000518.24
nan	8.094996	nan	4.128303	217.4425
OG0011248.0	OG0000010.475	OG0001086.0	OG0001870.2	OG0000323.43
2.7106529999999998	nan	nan	nan	1.0958
OG0001301.24	OG0018394.0	OG0000026.45	OG0001512.12	OG0001384.1
nan	1.704841	nan	20.27516	nan
OG0001179.24	OG0000011.1	OG0013542.6	OG0001374.1	OG0001943.0
nan	nan	2.159289	nan	nan
OG0000054.0	OG0001947.0	OG0013565.5	OG0001132.24	OG0002141.0
1.5484149999999999	1.449051	8.092713	nan	nan
OG0001471.24	OG0001043.2	OG0020896.0	OG0001429.24	OG0000026.45
nan	nan	1.5739319999999999	nan	nan
OG0000002.1788	OG0001405.24	OG0001069.28	OG0006911.3	OG0001210.24
nan	nan	nan	4.596895	nan
OG0001486.1	OG0011355.0	OG0002042.0	OG0000082.1	OG0002007.0
nan	2.06287	nan	1.609501	nan
OG0007651.0	OG0000678.1	OG0000441.96	OG0001997.0	OG0000056.0
5.33061	nan	nan	nan	nan
OG0001367.24	OG0000026.45	OG0002098.0	OG0011650.0	OG0002058.0
nan	nan	nan	2.2919970000000003	nan
OG0010847.0	OG0001859.0	OG0000889.0	OG0000018.289	OG0001118.24
5.366733999999999	2.905964	nan	nan	2.65694
OG0011914.6	OG0000941.24	OG0001122.1	OG0001009.24	OG0000001.1420
8.012607000000001	3.2768269999999995	nan	257.4393	nan
OG0000002.1788	OG0002124.0	OG0001275.26	OG0001242.28	OG0013599.5
nan	nan	nan	nan	8.130811999999999
OG0007940.2	OG0000664.3	OG0002017.0	OG0000863.32	OG0000082.1
4.576555	4.474808	nan	nan	1.609501
OG0020750.0	OG0001140.24	OG0001057.24	OG0000056.0	OG0001180.24
2.392674	nan	nan	nan	nan
OG0001921.0	OG0001375.24	OG0016273.0	OG0002080.0	OG0000012.918
nan	nan	2.656477	nan	nan
OG0001191.24	OG0000724.26	OG0000056.0	OG0002108.0	OG0013887.2
nan	8.063195	nan	nan	2.042868
OG0001819.6	OG0014638.1	OG0000038.0	OG0001160.24	OG0001135.4
nan	8.032623	1.9685840000000001	nan	232.7951
OG0001142.24	OG0001914.4	OG0001452.24	OG0006678.4	OG0000082.1
nan	nan	nan	4.589758	1.609501
OG0000011.1	OG0001938.0	OG0007621.8	OG0001372.24	OG0000165.49
nan	nan	4.605176	nan	nan
OG0000007.976	OG0000846.25	OG0010045.0	OG0000920.27	OG0002082.0
nan	nan	5.346928	nan	nan
OG0001196.1	OG0000236.122	OG0000038.0	OG0004630.0	OG0002061.0
nan	4.019145	1.9685840000000001	41.96355	nan
OG0001417.24	OG0000816.36	OG0000038.0	OG0002073.0	OG0008268.0
nan	nan	1.9685840000000001	nan	5.317934999999999
OG0002040.0	OG0001054.1	OG0001371.24	OG0000032.252	OG0013887.2
nan	nan	nan	4.128303	2.042868
OG0012660.2	OG0002231.0	OG0002129.0	OG0002086.0	OG0000018.289
8.146984	nan	nan	nan	nan
OG0000372.92	OG0000152.31	OG0005476.18	OG0000018.289	OG0000986.24
nan	nan	8.055941	nan	nan
OG0001429.24	OG0001953.2	OG0001462.24	OG0000056.0	OG0020468.0
nan	nan	nan	nan	3.37379
OG0000684.0	OG0000012.918	OG0006970.0	OG0001958.0	OG0001028.24
2.623744	nan	5.591914	nan	nan
OG0001234.24	OG0002066.0	OG0012660.2	OG0000038.0	OG0001336.24
nan	nan	8.146984	1.9685840000000001	nan
OG0000054.0	OG0017078.2	OG0002008.0	OG0000735.1	OG0001244.24
1.5484149999999999	1.574495	nan	1.102212	nan
OG0000002.1788	OG0017978.2	OG0001233.24	OG0000563.47	OG0001028.24
nan	8.096635000000001	nan	2.2159459999999997	nan
OG0001071.1	OG0001373.1	OG0001081.24	OG0004634.3	OG0000082.1
nan	nan	nan	4.547667	1.609501
OG0010149.0	OG0001870.2	OG0001087.24	OG0000438.1	OG0000018.289
2.091114	nan	nan	2.003059	nan
OG0000054.0	OG0000501.29	OG0000209.146	OG0012754.0	OG0000369.1
1.5484149999999999	nan	nan	2.134012	nan
OG0000002.1788	OG0015151.0	OG0001452.24	OG0000833.0	OG0001419.3
nan	3.4375769999999997	nan	nan	nan
OG0002124.0	OG0002041.0	OG0001993.0	OG0014718.0	OG0000056.0
nan	nan	nan	8.182682000000002	nan
OG0000007.976	OG0002172.0	OG0001096.1	OG0002041.0	OG0014720.2
nan	nan	nan	nan	8.09259
OG0001586.3	OG0016066.0	OG0001082.24	OG0001462.24	OG0000012.918
nan	1.642852	nan	nan	nan
OG0000054.0	OG0002130.0	OG0000933.24	OG0001512.12	OG0011330.0
1.5484149999999999	nan	1.682035	20.27516	1.109189
OG0000007.976	OG0001408.24	OG0007658.2	OG0001053.24	OG0001118.24
nan	nan	4.6520660000000005	nan	2.65694
OG0001067.24	OG0000010.475	OG0002107.0	OG0009193.0	OG0002081.0
nan	nan	nan	5.434723	nan
OG0007769.0	OG0002165.0	OG0000082.1	OG0000339.0	OG0001063.0
1.28395	nan	1.609501	11.85999	nan
OG0002035.0	OG0000010.475	OG0001134.24	OG0017888.0	OG0000709.10
nan	nan	nan	1.180575	2.349284
OG0000097.1	OG0001868.2	OG0015224.0	OG0000018.289	OG0000455.62
nan	nan	3.4897400000000003	nan	3.229433
OG0000931.1	OG0000639.0	OG0000056.0	OG0014747.1	OG0001100.24
nan	3.6563260000000004	nan	8.083946000000001	nan
OG0010077.0	OG0000011.1	OG0001340.24	OG0001008.28	OG0002167.0
5.323079	nan	nan	nan	nan
OG0001179.24	OG0000097.1	OG0006062.24	OG0001186.24	OG0000006.561
nan	nan	2.474683	nan	1.587581
OG0001516.22	OG0000815.24	OG0012950.0	OG0000082.1	OG0002292.0
nan	3.521807	2.045629	1.609501	nan
OG0002075.0	OG0001865.0	OG0000831.11	OG0000012.918	OG0000000.585
nan	1.50545	nan	nan	5.9777569999999995
OG0000482.64	OG0001447.24	OG0001038.1	OG0000032.252	OG0020639.0
255.4135	nan	nan	4.128303	1.7096919999999998
OG0000929.1	OG0000861.24	OG0020474.0	OG0000936.24	OG0000006.561
nan	1.403429	2.121091	nan	1.587581
OG0000591.2	OG0015411.0	OG0001162.22	OG0000006.561	OG0000974.2
nan	1.9972310000000002	259.7337	1.587581	nan
OG0000413.2	OG0008678.1	OG0000012.918	OG0001255.26	OG0000537.8
nan	4.6252059999999995	nan	nan	2.071132
OG0001453.1	OG0017933.2	OG0001101.24	OG0002176.0	OG0000032.252
nan	1.744998	nan	nan	4.128303
OG0000026.45	OG0001128.24	OG0000900.25	OG0000360.67	OG0016180.0
nan	nan	nan	4.536992	1.459013
OG0002084.0	OG0000026.45	OG0014521.4	OG0000863.32	OG0001167.24
nan	nan	2.337705	nan	nan
OG0001868.2	OG0001452.24	OG0000001.1420	OG0015246.3	OG0000850.12
nan	nan	nan	2.6220369999999997	3.754032
OG0000847.24	OG0001795.0	OG0000001.1420	OG0019431.0	OG0000699.1
2.5429459999999997	3.288567	nan	1.502342	3.796767
OG0014636.1	OG0000479.1	OG0002097.0	OG0000082.1	OG0001926.0
8.149128999999999	2.3473189999999997	nan	1.609501	nan
OG0000004.888	OG0001937.2	OG0000026.45	OG0015224.0	OG0002236.0
nan	nan	nan	3.4897400000000003	nan
OG0002146.0	OG0001996.0	OG0008680.0	OG0000012.918	OG0001448.24
nan	nan	4.663229	nan	nan
OG0000567.0	OG0001080.1	OG0016206.4	OG0000082.1	OG0000992.0
4.63326	nan	8.085296000000001	1.609501	3.777021
OG0000945.1	OG0001666.14	OG0008781.6	OG0000577.54	OG0000001.1420
nan	nan	2.207632	nan	nan
OG0008680.0	OG0000789.1	OG0001175.1	OG0001302.24	OG0000012.918
4.663229	3.338764	nan	nan	nan
OG0002031.0	OG0000562.130	OG0001517.22	OG0000592.34	OG0000006.561
nan	3.3921089999999996	nan	2.96387	1.587581
OG0000702.24	OG0001145.3	OG0001129.24	OG0000001.1420	OG0020435.0
2.104489	nan	nan	nan	3.3889050000000003
OG0001299.24	OG0002210.0	OG0013860.0	OG0000012.918	OG0000706.25
nan	nan	1.94612	nan	nan
OG0010131.2	OG0001085.24	OG0000018.289	OG0001849.0	OG0000962.24
4.6242779999999994	nan	nan	1.23143	3.284852
OG0000054.0	OG0006950.4	OG0001853.0	OG0001305.24	OG0000247.29
1.5484149999999999	4.591158	3.261144	nan	nan
OG0000797.20	OG0001148.24	OG0006933.0	OG0001057.24	OG0000006.561
1.4949940000000002	nan	5.561829	nan	1.587581
OG0000010.475	OG0000820.2	OG0000397.30	OG0000831.11	OG0012725.2
nan	4.645271	nan	nan	8.09575
OG0000007.976	OG0001666.14	OG0001368.24	OG0009139.0	OG0002203.0
nan	nan	nan	5.375625	nan
OG0000698.19	OG0015323.0	OG0001181.24	OG0001283.1	OG0000001.1420
nan	2.619878	nan	nan	nan
OG0001403.24	OG0001414.24	OG0001723.0	OG0000006.561	OG0000624.160
nan	nan	1.36533	1.587581	0.9511127
OG0013491.2	OG0001288.1	OG0001480.22	OG0001174.24	OG0000006.561
8.105951	nan	nan	nan	1.587581
OG0013549.2	OG0001845.2	OG0001943.0	OG0000056.0	OG0001257.24
3.368471	nan	nan	nan	nan
OG0001413.1	OG0001120.26	OG0001054.1	OG0007236.0	OG0000056.0
nan	nan	nan	5.5425059999999995	nan
OG0000736.0	OG0005332.0	OG0002123.0	OG0000001.1420	OG0002081.0
1.729948	8.653587	nan	nan	nan
OG0001061.24	OG0001495.2	OG0009987.2	OG0000735.1	OG0000018.289
nan	nan	4.5465349999999995	1.102212	nan
OG0001386.24	OG0000026.45	OG0001124.24	OG0001723.0	OG0020756.0
nan	nan	nan	1.36533	0.9684590000000001
OG0000010.475	OG0000914.30	OG0001051.24	OG0012531.0	OG0000814.1
nan	2.235387	nan	3.256118	nan
OG0001228.1	OG0001868.2	OG0002110.0	OG0000082.1	OG0008725.7
nan	nan	nan	1.609501	3.40772
OG0001961.2	OG0000704.0	OG0000026.45	OG0000278.126	OG0013483.4
nan	nan	nan	nan	8.137171
OG0001169.24	OG0000002.1788	OG0007575.0	OG0000386.0	OG0001184.24
nan	nan	4.554023	0.6965078	nan
OG0001921.0	OG0002158.0	OG0008246.0	OG0000018.289	OG0000990.0
nan	nan	5.318746	nan	2.238157
OG0001550.0	OG0007327.2	OG0001331.24	OG0000889.0	OG0000001.1420
0.9460878	4.578478	nan	nan	nan
OG0002045.0	OG0000635.48	OG0000082.1	OG0000592.34	OG0013450.0
nan	nan	1.609501	2.96387	3.399407
OG0001299.24	OG0001292.1	OG0009194.1	OG0000026.45	OG0002161.0
nan	nan	1.178658	nan	nan
OG0001936.0	OG0006972.4	OG0000784.0	OG0000010.475	OG0000730.24
nan	4.58899	0.5377967	nan	3.7803449999999996
OG0013553.2	OG0001538.6	OG0001414.24	OG0001066.26	OG0000032.252
3.401935	2.163086	nan	nan	4.128303
OG0000002.1788	OG0001583.18	OG0000538.0	OG0012638.0	OG0001050.0
nan	nan	1.5186950000000001	5.258801	nan
OG0001445.24	OG0015411.0	OG0001880.0	OG0000006.561	OG0001160.24
nan	1.9972310000000002	nan	1.587581	nan
OG0001039.1	OG0001878.2	OG0000032.252	OG0001184.24	OG0014016.2
nan	256.6846	4.128303	nan	1.737643
OG0013893.0	OG0000010.475	OG0000371.2	OG0001125.24	OG0001227.24
2.524569	nan	3.135684	nan	nan
OG0000011.1	OG0016916.0	OG0001161.24	OG0000738.19	OG0000828.16
nan	2.620434	nan	nan	4.595071
OG0001337.24	OG0001129.24	OG0007601.0	OG0000018.289	OG0001883.0
nan	nan	4.657863	nan	nan
OG0000007.976	OG0015247.2	OG0000813.1	OG0001154.24	OG0000611.0
nan	2.655454	2.488843	nan	265.9435
OG0001068.1	OG0007094.3	OG0000038.0	OG0001669.0	OG0001387.26
nan	8.078942999999999	1.9685840000000001	3.284244	nan
OG0000054.0	OG0000632.24	OG0013036.2	OG0001231.24	OG0001059.24
1.5484149999999999	0.9895924	2.044612	nan	nan
OG0000547.0	OG0000124.2	OG0001943.0	OG0000012.918	OG0010956.0
7.692535	nan	nan	nan	5.293305
OG0001297.24	OG0016215.0	OG0000001.1420	OG0001539.22	OG0001263.26
nan	2.4237900000000003	nan	nan	nan
OG0002012.0	OG0000011.1	OG0001216.24	OG0018042.2	OG0002087.0
nan	nan	nan	8.132807000000001	nan
OG0000011.1	OG0002244.0	OG0000726.25	OG0002041.0	OG0012760.0
nan	nan	3.759788	nan	1.733485
OG0001846.4	OG0000427.25	OG0000018.289	OG0001111.22	OG0001617.1
nan	nan	nan	nan	4.607954
OG0002248.0	OG0014785.2	OG0002018.0	OG0000026.45	OG0002103.0
nan	3.426883	nan	nan	nan
OG0017078.2	OG0001420.22	OG0001412.1	OG0002051.0	OG0000056.0
1.574495	nan	nan	nan	nan
OG0000010.475	OG0001956.0	OG0002158.0	OG0020852.0	OG0001031.24
nan	nan	nan	1.042002	nan
OG0000054.0	OG0001001.1	OG0001169.24	OG0002015.0	OG0009229.0
1.5484149999999999	2.502421	nan	nan	5.324028
OG0000010.475	OG0013839.2	OG0002084.0	OG0002027.0	OG0001028.24
nan	3.503886	nan	nan	nan
OG0014745.2	OG0000861.24	OG0002120.0	OG0000012.918	OG0000739.15
8.125753999999999	1.403429	nan	nan	nan
OG0001129.24	OG0013582.0	OG0000728.24	OG0001865.0	OG0000056.0
nan	3.4392480000000005	3.750254	1.50545	nan
OG0009098.2	OG0001086.0	OG0002148.0	OG0000001.1420	OG0001287.24
1.5881530000000001	nan	nan	nan	nan
OG0000011.1	OG0001363.24	OG0010996.0	OG0001517.22	OG0000747.2
nan	nan	5.442663	nan	nan
OG0001421.30	OG0010159.0	OG0002147.0	OG0000026.45	OG0001210.24
nan	5.374124	nan	nan	nan
OG0000000.3	OG0015105.0	OG0001963.0	OG0000001.1420	OG0001052.26
4.318474	3.66591	nan	nan	nan
OG0000393.0	OG0001280.24	OG0000245.1	OG0000056.0	OG0000683.0
0.9833867000000001	nan	2.06635	nan	1.7965970000000002
OG0001432.24	OG0001434.24	OG0000421.80	OG0017266.2	OG0000012.918
nan	nan	nan	3.439865	nan
OG0001412.1	OG0000038.0	OG0006933.0	OG0000559.30	OG0001454.24
nan	1.9685840000000001	5.561829	5.674795	nan
OG0014636.1	OG0001363.24	OG0000038.0	OG0001423.30	OG0001156.1
8.149128999999999	nan	1.9685840000000001	nan	nan
OG0000010.475	OG0013485.8	OG0001384.1	OG0000539.1	OG0002170.0
nan	2.525977	nan	4.342931	nan
OG0001447.24	OG0001082.24	OG0000392.72	OG0010656.0	OG0000001.1420
nan	nan	0.8365353000000001	1.54613	nan
OG0009194.1	OG0001080.1	OG0001046.24	OG0000082.1	OG0001141.24
1.178658	nan	nan	1.609501	nan
OG0001043.2	OG0005778.0	OG0001150.24	OG0002086.0	OG0000082.1
nan	17.07402	nan	nan	1.609501
OG0001933.0	OG0001403.24	OG0013479.7	OG0001183.1	OG0000006.561
nan	nan	1.868655	nan	1.587581
OG0010847.0	OG0000002.1788	OG0001269.1	OG0001594.1	OG0002167.0
5.366733999999999	nan	nan	nan	nan
OG0012152.6	OG0001764.0	OG0000026.45	OG0000556.30	OG0002145.0
2.1487689999999997	2.079993	nan	3.3278839999999996	nan
OG0000011.1	OG0001322.24	OG0002036.0	OG0001507.1	OG0014806.4
nan	nan	nan	nan	8.021415
OG0002066.0	OG0017880.2	OG0000002.1788	OG0001848.0	OG0001947.0
nan	2.495173	nan	nan	1.449051
OG0000054.0	OG0001077.24	OG0001429.24	OG0000396.25	OG0001381.24
1.5484149999999999	nan	nan	4.5435989999999995	nan
OG0000428.54	OG0000662.1	OG0001325.24	OG0000018.289	OG0009137.2
5.927622	nan	nan	nan	1.505628
OG0001208.24	OG0001045.24	OG0000863.32	OG0000056.0	OG0009229.0
nan	1.458703	nan	nan	5.324028
OG0002146.0	OG0001386.24	OG0001427.24	OG0013942.2	OG0000056.0
nan	nan	nan	0.9752851999999999	nan
OG0001460.24	OG0001122.1	OG0001331.24	OG0000038.0	OG0008689.8
nan	nan	nan	1.9685840000000001	4.635247
OG0001049.26	OG0001124.24	OG0000001.1420	OG0011710.0	OG0001628.0
nan	nan	nan	5.381506	3.270929
OG0000620.56	OG0017947.0	OG0000994.2	OG0001956.0	OG0000056.0
nan	2.146001	nan	nan	nan
OG0000054.0	OG0001445.24	OG0002166.0	OG0001183.1	OG0014600.0
1.5484149999999999	nan	nan	nan	2.9917569999999998
OG0010159.0	OG0001246.24	OG0001138.24	OG0000018.289	OG0001180.24
5.374124	nan	nan	nan	nan
OG0000010.475	OG0000516.6	OG0001355.24	OG0001336.24	OG0012908.0
nan	4.342156	nan	nan	2.081523
OG0000002.1788	OG0001128.24	OG0015285.2	OG0002070.0	OG0001321.26
nan	nan	2.623512	nan	nan
OG0020626.0	OG0001081.24	OG0002319.0	OG0001182.24	OG0000006.561
8.020408999999999	nan	nan	nan	1.587581
OG0015995.2	OG0000026.45	OG0001011.1	OG0001718.1	OG0000510.30
8.080542	nan	nan	1.514047	1.444669
OG0001417.24	OG0000038.0	OG0006999.0	OG0001379.1	OG0002312.0
nan	1.9685840000000001	5.522146	nan	nan
OG0001853.0	OG0000933.24	OG0008077.22	OG0000056.0	OG0002038.0
3.261144	1.682035	5.530131	nan	nan
OG0001869.2	OG0001865.0	OG0000032.252	OG0000580.32	OG0017912.0
1.878787	1.50545	4.128303	3.000973	3.097985
OG0001261.1	OG0016220.1	OG0002091.0	OG0000026.45	OG0001125.24
nan	8.14452	nan	nan	nan
OG0002067.0	OG0000011.1	OG0001441.1	OG0016000.4	OG0000995.5
nan	nan	nan	2.412753	nan
OG0000002.1788	OG0002163.0	OG0000562.130	OG0001311.5	OG0000993.25
nan	nan	3.3921089999999996	nan	nan
OG0000054.0	OG0012214.4	OG0001274.24	OG0002085.0	OG0001917.0
1.5484149999999999	0.9475577	nan	nan	253.3553
OG0000101.90	OG0015224.0	OG0001457.24	OG0000056.0	OG0000928.30
nan	3.4897400000000003	nan	nan	nan
OG0002035.0	OG0001312.1	OG0017887.0	OG0000427.25	OG0000006.561
nan	nan	1.173188	nan	1.587581
OG0000010.475	OG0002063.0	OG0002031.0	OG0014001.2	OG0000152.31
nan	nan	nan	1.655964	nan
OG0001352.26	OG0001203.24	OG0009060.0	OG0001324.24	OG0000001.1420
nan	nan	1.1206120000000002	nan	nan
OG0001513.24	OG0001186.24	OG0000082.1	OG0001959.2	OG0020435.0
nan	nan	1.609501	nan	3.3889050000000003
OG0016199.2	OG0000938.24	OG0001272.24	OG0002034.0	OG0000082.1
8.186735	nan	nan	nan	1.609501
OG0000054.0	OG0001927.0	OG0001349.1	OG0001383.24	OG0014653.1
1.5484149999999999	nan	nan	nan	8.081087
OG0000054.0	OG0002072.0	OG0013576.5	OG0002000.0	OG0001016.1
1.5484149999999999	nan	8.130358	nan	3.274798
OG0000236.122	OG0002118.0	OG0002332.0	OG0009165.0	OG0000012.918
4.019145	nan	nan	3.130712	nan
OG0015220.0	OG0001001.1	OG0000002.1788	OG0001132.24	OG0001210.24
2.085274	2.502421	nan	nan	nan
OG0001409.1	OG0000026.45	OG0001178.24	OG0006761.1	OG0002009.0
nan	nan	nan	4.599586	nan
OG0002042.0	OG0002041.0	OG0000619.52	OG0000032.252	OG0014628.0
nan	nan	nan	4.128303	1.405534
OG0001376.24	OG0001427.24	OG0000946.1	OG0000012.918	OG0017855.2
nan	nan	nan	nan	3.404835
OG0015615.0	OG0000010.475	OG0002041.0	OG0001629.5	OG0001427.24
1.4034309999999999	nan	nan	2.209748	nan
OG0002066.0	OG0001440.24	OG0001151.26	OG0000082.1	OG0018478.0
nan	nan	nan	1.609501	1.450166
OG0013893.0	OG0000011.1	OG0002074.0	OG0001239.26	OG0001210.24
2.524569	nan	nan	nan	nan
OG0009037.4	OG0001406.24	OG0000026.45	OG0001397.24	OG0001392.24
1.531418	nan	nan	nan	nan
OG0001367.24	OG0001194.24	OG0002174.0	OG0014816.4	OG0000056.0
nan	nan	nan	0.9662069	nan
OG0014676.4	OG0002106.0	OG0002087.0	OG0000032.252	OG0001943.0
8.094996	nan	nan	4.128303	nan
OG0001173.24	OG0016230.0	OG0000082.1	OG0001945.2	OG0002094.0
nan	5.721793	1.609501	nan	nan
OG0000130.3	OG0001218.24	OG0000983.28	OG0001154.24	OG0000006.561
3.4683660000000005	nan	nan	nan	1.587581
OG0000482.64	OG0000714.29	OG0001224.24	OG0000006.561	OG0014742.1
255.4135	nan	nan	1.587581	8.04757
OG0002164.0	OG0001863.0	OG0000038.0	OG0020744.0	OG0002203.0
nan	nan	1.9685840000000001	2.420998	nan
OG0001439.24	OG0001376.24	OG0000038.0	OG0000794.20	OG0006987.0
nan	nan	1.9685840000000001	1.502269	5.558396
OG0001421.30	OG0002091.0	OG0016899.0	OG0000082.1	OG0001016.1
nan	nan	1.6804810000000001	1.609501	3.274798
OG0001258.24	OG0000082.1	OG0001105.24	OG0006766.22	OG0000930.24
nan	1.609501	nan	1.739263	3.2746049999999998
OG0002069.0	OG0002139.0	OG0000026.45	OG0002109.0	OG0012925.0
nan	nan	nan	nan	2.968281
OG0000007.976	OG0000994.2	OG0012625.10	OG0002119.0	OG0001951.0
nan	nan	2.118187	nan	1.300632
OG0007374.22	OG0002135.0	OG0001269.1	OG0001124.24	OG0000082.1
5.98519	nan	nan	nan	1.609501
OG0001562.24	OG0013542.6	OG0001271.1	OG0000056.0	OG0001263.26
nan	2.159289	nan	nan	nan
OG0020586.0	OG0001247.24	OG0000001.1420	OG0001567.1	OG0002023.0
2.169843	nan	nan	1.5425309999999999	nan
OG0014637.1	OG0002031.0	OG0001292.1	OG0002118.0	OG0000006.561
7.99994	nan	nan	nan	1.587581
OG0000497.40	OG0002162.0	OG0004775.6	OG0000082.1	OG0001877.0
1.657934	nan	4.637231	1.609501	nan
OG0000867.24	OG0002174.0	OG0001246.24	OG0007090.1	OG0000012.918
1.9427349999999999	nan	nan	1.501955	nan
OG0000026.45	OG0001215.24	OG0002169.0	OG0001419.3	OG0004541.9
nan	nan	nan	nan	4.628417
OG0000011.1	OG0007266.2	OG0000983.28	OG0000993.25	OG0002167.0
nan	4.642569	nan	nan	nan
OG0000010.475	OG0000931.1	OG0000738.19	OG0001636.12	OG0012908.0
nan	nan	nan	261.4398	2.081523
OG0016983.0	OG0000908.24	OG0001820.0	OG0000006.561	OG0001392.24
1.6589919999999998	1.5051	1.483166	1.587581	nan
OG0012754.0	OG0001495.2	OG0002048.0	OG0000771.24	OG0000018.289
2.134012	nan	nan	3.743532	nan
OG0013739.2	OG0001082.24	OG0000032.252	OG0000645.36	OG0002023.0
2.7841	nan	4.128303	2.975854	nan
OG0001037.26	OG0001128.24	OG0000018.289	OG0001883.0	OG0019374.0
nan	nan	nan	nan	1.3783370000000001
OG0000054.0	OG0013015.6	OG0000862.34	OG0002233.0	OG0002010.0
1.5484149999999999	1.8086689999999999	nan	nan	nan
OG0001003.24	OG0002051.0	OG0001942.0	OG0013291.0	OG0000001.1420
1.531892	nan	2.819097	4.558509	nan
OG0000562.7	OG0001512.12	OG0000038.0	OG0006575.1	OG0002065.0
nan	20.27516	1.9685840000000001	3.228981	nan
OG0015363.2	OG0000919.32	OG0000512.25	OG0000738.19	OG0000006.561
1.298188	nan	nan	nan	1.587581
OG0000935.24	OG0000000.3	OG0000038.0	OG0001331.24	OG0020496.0
nan	4.318474	1.9685840000000001	nan	3.396758
OG0001278.2	OG0001732.10	OG0000001.1420	OG0014672.2	OG0000930.24
nan	3.3936660000000005	nan	8.068416000000001	3.2746049999999998
OG0001996.0	OG0000002.1788	OG0010665.0	OG0000983.28	OG0001273.24
nan	nan	42.56347	nan	nan
OG0000010.475	OG0001149.24	OG0001995.0	OG0000411.0	OG0014021.0
nan	nan	nan	nan	0.9690439000000001
OG0000011.1	OG0002027.0	OG0001285.1	OG0001516.22	OG0006914.0
nan	nan	nan	nan	5.595518
OG0001586.3	OG0001235.24	OG0001182.24	OG0009907.6	OG0000056.0
nan	nan	nan	1.224227	nan
OG0000054.0	OG0000000.503	OG0000032.86	OG0001926.0	OG0000906.25
1.5484149999999999	4.620514	nan	nan	2.794268
OG0001505.24	OG0013843.0	OG0001472.0	OG0000006.561	OG0002057.0
nan	2.168404	nan	1.587581	nan
OG0000054.0	OG0001054.1	OG0000906.25	OG0001649.0	OG0020866.0
1.5484149999999999	nan	2.794268	2.032116	1.931022
OG0001376.24	OG0001407.24	OG0020460.0	OG0000082.1	OG0001252.1
nan	nan	3.3929440000000004	1.609501	nan
OG0000002.1788	OG0000860.24	OG0001412.1	OG0001737.0	OG0006773.2
nan	2.63928	nan	nan	2.292487
OG0000002.1788	OG0000902.24	OG0009181.4	OG0001252.1	OG0002120.0
nan	nan	4.578256	nan	nan
OG0002004.0	OG0001360.24	OG0006670.0	OG0001868.2	OG0000001.1420
nan	nan	213.5132	nan	nan
OG0000026.45	OG0015408.0	OG0002051.0	OG0001457.24	OG0002292.0
nan	1.9959900000000002	nan	nan	nan
OG0000919.32	OG0009135.4	OG0001124.24	OG0000018.289	OG0002009.0
nan	1.7932130000000002	nan	nan	nan
OG0001514.22	OG0005735.1	OG0001373.1	OG0000032.252	OG0001846.4
nan	2.854375	nan	4.128303	nan
OG0000010.475	OG0002130.0	OG0002162.0	OG0001381.24	OG0010160.0
nan	nan	nan	nan	5.337093
OG0000011.1	OG0002072.0	OG0001480.22	OG0014751.4	OG0000780.24
nan	nan	nan	8.01415	2.986732
OG0000765.3	OG0001220.24	OG0007922.2	OG0000018.289	OG0001734.7
nan	nan	4.593526	nan	nan
OG0000011.1	OG0001491.1	OG0002222.0	OG0002003.1	OG0007320.10
nan	nan	nan	nan	4.663587000000001
OG0000097.1	OG0001444.1	OG0001161.24	OG0000018.289	OG0020848.0
nan	nan	nan	nan	1.2285
OG0000663.26	OG0000002.1788	OG0000741.0	OG0001239.26	OG0017888.0
3.276037	nan	nan	nan	1.180575
OG0000007.976	OG0011248.0	OG0001461.24	OG0001916.0	OG0001943.0
nan	2.7106529999999998	nan	1.436415	nan
OG0000007.976	OG0001397.24	OG0012725.2	OG0001189.24	OG0000004.33
nan	nan	8.09575	nan	nan
OG0011327.4	OG0001798.0	OG0000925.1	OG0000012.918	OG0002073.0
2.365116	nan	267.5416	nan	nan
OG0001491.1	OG0000026.45	OG0000885.24	OG0014660.0	OG0000913.30
nan	nan	nan	8.084052	nan
OG0016213.0	OG0000501.29	OG0001380.24	OG0000038.0	OG0001553.14
0.9648561	nan	nan	1.9685840000000001	3.2903279999999997
OG0000007.976	OG0001453.1	OG0001170.24	OG0018069.2	OG0002105.0
nan	nan	nan	7.956417	nan
OG0000002.1788	OG0010144.0	OG0002044.0	OG0000900.25	OG0001271.1
nan	5.693604	nan	nan	nan
OG0001150.24	OG0000000.3	OG0000002.1788	OG0000019.257	OG0007253.14
nan	4.318474	nan	1.157585	5.365991999999999
OG0001329.24	OG0001507.1	OG0016998.2	OG0000001.1420	OG0001284.24
nan	nan	3.3673889999999997	nan	nan
OG0001352.26	OG0010904.1	OG0001331.24	OG0000082.1	OG0001289.1
nan	2.982032	nan	1.609501	nan
OG0013491.2	OG0001376.24	OG0000242.29	OG0000018.289	OG0001446.24
8.105951	nan	4.513351	nan	nan
OG0000007.976	OG0007769.0	OG0000603.1	OG0002034.0	OG0000803.36
nan	1.28395	3.349107	nan	nan
OG0000165.172	OG0000011.1	OG0001349.1	OG0001502.26	OG0015019.0
nan	nan	nan	nan	2.103234
OG0000054.0	OG0000847.24	OG0009266.0	OG0001312.1	OG0000427.25
1.5484149999999999	2.5429459999999997	3.113922	nan	nan
OG0000054.0	OG0001996.0	OG0000727.24	OG0012034.0	OG0000684.0
1.5484149999999999	nan	3.764414	2.7822310000000003	2.623744
OG0017010.0	OG0001111.22	OG0001224.24	OG0000006.561	OG0000609.44
0.9816538	nan	nan	1.587581	nan
OG0001012.4	OG0000026.45	OG0013543.0	OG0000985.26	OG0000728.24
1.486713	nan	1.24735	nan	3.750254
OG0000007.976	OG0001550.0	OG0000941.24	OG0016020.3	OG0001450.26
nan	0.9460878	3.2768269999999995	3.3959699999999997	nan
OG0002175.0	OG0014794.1	OG0001261.1	OG0000038.0	OG0001737.0
nan	8.102076	nan	1.9685840000000001	nan
OG0000010.475	OG0001040.1	OG0002078.0	OG0001886.0	OG0009278.2
nan	nan	nan	nan	1.093173
OG0001417.24	OG0000026.45	OG0017957.0	OG0001404.24	OG0001257.24
nan	nan	1.953804	nan	nan
OG0001315.24	OG0000018.289	OG0001628.0	OG0016764.0	OG0001205.24
nan	nan	3.270929	2.354469	nan
OG0001085.24	OG0000002.1788	OG0013549.2	OG0000524.1	OG0000893.3
nan	nan	3.368471	212.9155	3.591496
OG0002059.0	OG0001338.24	OG0002047.0	OG0000032.252	OG0007842.1
nan	nan	nan	4.128303	1.8952369999999998
OG0006905.0	OG0001586.3	OG0001209.1	OG0000006.561	OG0001100.24
5.558259	nan	nan	1.587581	nan
OG0000007.976	OG0000867.24	OG0001431.24	OG0013483.4	OG0001224.24
nan	1.9427349999999999	nan	8.137171	nan
OG0000002.1788	OG0001230.26	OG0000824.24	OG0000494.1	OG0007969.2
nan	nan	2.64647	nan	1.7540669999999998
OG0002100.0	OG0001151.26	OG0013551.2	OG0001941.0	OG0000032.252
nan	nan	1.973984	2.210848	4.128303
OG0000054.0	OG0002040.0	OG0001820.0	OG0001723.0	OG0006988.0
1.5484149999999999	nan	1.483166	1.36533	3.8418989999999997
OG0001278.2	OG0000579.24	OG0000082.1	OG0000709.10	OG0006773.2
nan	4.594691	1.609501	2.349284	2.292487
OG0001996.0	OG0012096.4	OG0001288.1	OG0000038.0	OG0000917.1
nan	1.603321	nan	1.9685840000000001	nan
OG0007675.0	OG0001143.26	OG0001069.28	OG0000001.1420	OG0001257.24
3.467115	nan	nan	nan	nan
OG0011328.4	OG0000002.1788	OG0002115.0	OG0000886.24	OG0000942.24
2.3530439999999997	nan	nan	nan	3.29379
OG0000000.503	OG0000637.34	OG0000948.24	OG0000001.1420	OG0000004.33
4.620514	1.984745	3.353082	nan	nan
OG0002022.0	OG0015417.0	OG0002214.0	OG0001381.24	OG0000012.918
nan	1.490421	nan	nan	nan
OG0000007.976	OG0001415.1	OG0001915.0	OG0006222.23	OG0000901.0
nan	1.9385599999999998	nan	4.627668	3.756139
OG0000011.1	OG0000643.24	OG0001754.102	OG0000635.48	OG0001629.5
nan	1.788271	4.586556	nan	2.209748
OG0001994.0	OG0013452.0	OG0000588.0	OG0002032.0	OG0000012.918
nan	2.16412	1.557139	nan	nan
OG0001961.2	OG0001157.1	OG0000700.36	OG0000001.1420	OG0000130.27
nan	nan	6.385463	nan	21.53999
OG0001994.0	OG0000011.1	OG0000935.24	OG0000769.0	OG0011984.6
nan	nan	nan	1.4721520000000001	8.050115
OG0000054.0	OG0002085.0	OG0013011.6	OG0001959.2	OG0001801.0
1.5484149999999999	nan	1.780042	nan	3.33285
OG0000054.0	OG0016064.2	OG0000591.2	OG0001442.1	OG0001100.24
1.5484149999999999	3.121285	nan	nan	nan
OG0000007.976	OG0016156.0	OG0001301.24	OG0000427.25	OG0002169.0
nan	8.115105999999999	nan	nan	nan
OG0001463.24	OG0000082.1	OG0001336.24	OG0000543.45	OG0014728.4
nan	1.609501	nan	nan	8.108309
OG0001001.1	OG0001697.2	OG0000010.475	OG0016941.0	OG0001253.24
2.502421	nan	nan	1.611597	nan
OG0002159.0	OG0000026.45	OG0002086.0	OG0001311.5	OG0010616.4
nan	nan	nan	nan	1.973475
OG0014069.0	OG0000010.475	OG0002156.0	OG0001287.24	OG0001327.26
2.2122990000000002	nan	nan	nan	nan
OG0008265.0	OG0000038.0	OG0001156.1	OG0000675.1	OG0000377.2
3.140043	1.9685840000000001	nan	1.3994879999999998	nan
OG0000982.24	OG0007924.0	OG0001495.2	OG0000001.1420	OG0002094.0
nan	4.608469	nan	nan	nan
OG0000007.976	OG0001546.1	OG0001157.1	OG0002141.0	OG0014751.4
nan	nan	nan	nan	8.01415
OG0001143.26	OG0000010.475	OG0000634.26	OG0018083.0	OG0001103.24
nan	nan	1.606172	2.801523	nan
OG0001234.24	OG0001391.24	OG0001636.12	OG0000006.561	OG0008724.0
nan	nan	261.4398	1.587581	2.769234
OG0001149.24	OG0002074.0	OG0000704.0	OG0004775.6	OG0000001.1420
nan	nan	nan	4.637231	nan
OG0000054.0	OG0001239.26	OG0001429.24	OG0001232.24	OG0020459.0
1.5484149999999999	nan	nan	nan	3.433867
OG0001318.1	OG0001309.24	OG0000038.0	OG0021460.0	OG0001092.1
nan	nan	1.9685840000000001	0.9393764000000001	nan
OG0001179.24	OG0001441.1	OG0000513.32	OG0000012.918	OG0001617.1
nan	nan	3.128104	nan	4.607954
OG0001519.24	OG0001772.0	OG0011135.0	OG0000438.1	OG0000001.1420
nan	nan	4.669354	2.003059	nan
OG0000371.2	OG0015331.0	OG0002210.0	OG0000001.1420	OG0000165.49
3.135684	1.7282279999999999	nan	nan	nan
OG0000818.1	OG0008328.4	OG0001181.24	OG0000082.1	OG0001425.1
18.739160000000002	5.347759	nan	1.609501	nan
OG0001278.2	OG0000011.1	OG0021967.0	OG0001336.24	OG0001527.7
nan	nan	4.594476	nan	nan
OG0002113.0	OG0001081.24	OG0005382.20	OG0001355.24	OG0000006.561
nan	nan	5.280605	nan	1.587581
OG0001697.2	OG0001550.0	OG0002002.0	OG0000018.289	OG0008268.0
nan	0.9460878	nan	nan	5.317934999999999
OG0000007.976	OG0015995.2	OG0001166.24	OG0001233.24	OG0000559.30
nan	8.080542	nan	nan	5.674795
OG0001169.24	OG0001458.24	OG0001427.24	OG0000082.1	OG0005811.32
nan	nan	nan	1.609501	8.096109
OG0000007.976	OG0000615.1	OG0000771.24	OG0001333.24	OG0009111.1
nan	1.3976540000000002	3.743532	nan	1.8015299999999999
OG0013720.4	OG0000562.7	OG0000026.45	OG0001313.24	OG0001991.0
1.736182	nan	nan	nan	nan
OG0001429.24	OG0000513.32	OG0016123.1	OG0001036.24	OG0000082.1
nan	3.128104	8.054211	nan	1.609501
OG0001001.1	OG0008701.2	OG0000026.45	OG0001223.1	OG0001517.22
2.502421	4.578501	nan	nan	nan
OG0001000.24	OG0001991.0	OG0013312.8	OG0000018.289	OG0001379.1
nan	nan	1.447869	nan	nan
OG0002002.0	OG0001089.2	OG0008652.9	OG0001798.0	OG0000082.1
nan	2.032854	5.327718	nan	1.609501
OG0000007.976	OG0001269.1	OG0016399.0	OG0001124.24	OG0001267.24
nan	nan	2.695449	nan	nan
OG0013888.0	OG0002036.0	OG0000018.289	OG0000986.24	OG0001189.24
2.3736490000000003	nan	nan	nan	nan
OG0000914.30	OG0001516.22	OG0000001.1420	OG0000853.1	OG0006915.0
2.235387	nan	nan	2.515475	5.569848
OG0014008.0	OG0000038.0	OG0001236.24	OG0001426.2	OG0001100.24
1.7445650000000001	1.9685840000000001	nan	nan	nan
OG0000011.1	OG0000000.3	OG0001038.1	OG0007573.6	OG0001945.2
nan	4.318474	nan	4.5790690000000005	nan
OG0002034.0	OG0020460.0	OG0001584.0	OG0000082.1	OG0001028.24
nan	3.3929440000000004	225.5002	1.609501	nan
OG0000054.0	OG0000975.0	OG0020536.0	OG0001848.0	OG0000473.17
1.5484149999999999	215.9063	0.9657817	nan	2.722305
OG0001258.24	OG0000494.1	OG0014670.4	OG0001253.24	OG0000006.561
nan	nan	8.029344	nan	1.587581
OG0000054.0	OG0000935.24	OG0001583.18	OG0001436.24	OG0016210.4
1.5484149999999999	nan	nan	nan	8.136447
OG0000007.976	OG0001101.24	OG0012148.2	OG0001492.24	OG0001371.24
nan	nan	1.317213	nan	nan
OG0015380.0	OG0000822.0	OG0000032.252	OG0001945.2	OG0000677.1
1.760231	1.4474280000000002	4.128303	nan	nan
OG0000054.0	OG0002095.0	OG0007631.4	OG0001057.24	OG0001724.10
1.5484149999999999	nan	4.642825	nan	2.607829
OG0001514.22	OG0001292.1	OG0002036.0	OG0012409.0	OG0000006.561
nan	nan	nan	1.196072	1.587581
OG0000054.0	OG0002143.0	OG0000004.888	OG0014942.0	OG0002043.0
1.5484149999999999	nan	nan	16.86544	nan
OG0000007.976	OG0002121.0	OG0012150.2	OG0001737.0	OG0000621.39
nan	nan	2.4182650000000003	nan	nan
OG0000010.475	OG0008282.0	OG0000902.24	OG0002168.0	OG0001210.24
nan	4.621656	nan	nan	nan
OG0002121.0	OG0000209.2	OG0000011.1	OG0002055.0	OG0020846.0
nan	nan	nan	nan	1.618763
OG0001337.24	OG0001735.3	OG0014750.4	OG0000795.40	OG0000056.0
nan	nan	8.166232	nan	nan
OG0017000.0	OG0001845.2	OG0001452.24	OG0000001.1420	OG0001050.0
1.448685	nan	nan	nan	nan
OG0001027.24	OG0016154.2	OG0001410.24	OG0000056.0	OG0001958.0
nan	8.008646	nan	nan	nan
OG0000002.1788	OG0001059.24	OG0001166.24	OG0002086.0	OG0019409.0
nan	nan	nan	nan	1.2284
OG0007935.0	OG0000038.0	OG0002011.0	OG0000894.25	OG0001016.1
2.525909	1.9685840000000001	nan	nan	3.274798
OG0001586.3	OG0016099.0	OG0000082.1	OG0001064.24	OG0001249.1
nan	1.50932	1.609501	nan	nan
OG0000002.1788	OG0001261.1	OG0001275.26	OG0006690.6	OG0000317.0
nan	nan	nan	7.038157000000001	1.9911580000000002
OG0001079.1	OG0000816.25	OG0002005.0	OG0000032.252	OG0001263.26
1.871732	1.657138	nan	4.128303	nan
OG0001360.24	OG0000038.0	OG0016158.2	OG0001159.0	OG0001846.4
nan	1.9685840000000001	3.4209050000000003	nan	nan
OG0002100.0	OG0000209.146	OG0000032.252	OG0007306.8	OG0002233.0
nan	nan	4.128303	4.576788	nan
OG0000010.475	OG0001096.1	OG0000929.1	OG0002042.0	OG0011960.4
nan	nan	nan	nan	1.7286849999999998
OG0002050.0	OG0000596.47	OG0016814.0	OG0000026.45	OG0000930.24
nan	2.817554	3.5186319999999998	nan	3.2746049999999998
OG0000007.976	OG0001234.24	OG0000919.32	OG0015826.2	OG0001255.26
nan	nan	nan	1.7025970000000001	nan
OG0002248.0	OG0001256.24	OG0012777.0	OG0000082.1	OG0001857.4
nan	nan	4.658723	1.609501	nan
OG0001821.4	OG0002005.0	OG0001241.24	OG0000032.252	OG0010095.2
3.280654	nan	nan	4.128303	3.480165
OG0000292.93	OG0000011.1	OG0001239.26	OG0001540.26	OG0013471.0
3.380013	nan	nan	nan	2.930286
OG0013013.1	OG0001277.24	OG0000001.1420	OG0002312.0	OG0000124.174
1.8031689999999998	nan	nan	nan	224.5507
OG0000010.475	OG0016791.0	OG0001227.24	OG0001276.24	OG0002108.0
nan	1.266065	nan	nan	nan
OG0001312.1	OG0007574.0	OG0000038.0	OG0000480.64	OG0002051.0
nan	4.64919	1.9685840000000001	nan	nan
OG0000007.976	OG0000578.0	OG0000636.1	OG0002141.0	OG0016764.0
nan	1.7781779999999998	0.8620441999999999	nan	2.354469
OG0001439.24	OG0000010.475	OG0009194.1	OG0000603.1	OG0002292.0
nan	nan	1.178658	3.349107	nan
OG0000010.475	OG0014206.6	OG0000578.0	OG0001937.2	OG0001492.24
nan	2.530007	1.7781779999999998	nan	nan
OG0000054.0	OG0014047.2	OG0000382.41	OG0000581.0	OG0001160.24
1.5484149999999999	1.596718	nan	nan	nan
OG0000010.475	OG0001354.22	OG0001000.24	OG0000985.26	OG0007346.4
nan	nan	nan	nan	4.582219
OG0002124.0	OG0009057.0	OG0000012.918	OG0000974.2	OG0000537.8
nan	1.716711	nan	nan	2.071132
OG0020616.0	OG0000516.6	OG0000056.0	OG0000124.174	OG0001448.24
1.5525579999999999	4.342156	nan	224.5507	nan
OG0001542.3	OG0001237.24	OG0014708.6	OG0000853.1	OG0000056.0
2.653859	nan	8.009625	2.515475	nan
OG0000482.64	OG0006239.4	OG0001247.24	OG0000001.1420	OG0001102.24
255.4135	4.6739	nan	nan	nan
OG0001367.24	OG0000001.1420	OG0001920.0	OG0014358.0	OG0001084.24
nan	nan	nan	2.544083	nan
OG0000010.475	OG0001444.1	OG0020881.0	OG0001254.24	OG0001282.24
nan	nan	1.951585	nan	nan
OG0000010.475	OG0001095.25	OG0002053.0	OG0012950.0	OG0001958.0
nan	nan	nan	2.045629	nan
OG0002171.0	OG0007907.0	OG0001379.1	OG0001346.24	OG0000006.561
nan	5.2968150000000005	nan	nan	1.587581
OG0002104.0	OG0000026.45	OG0015341.1	OG0000809.2	OG0001880.0
nan	nan	1.2347780000000002	nan	nan
OG0000002.1788	OG0001694.12	OG0010691.4	OG0000078.263	OG0000759.38
nan	nan	0.8117251	nan	nan
OG0015100.0	OG0001941.0	OG0000207.117	OG0000012.918	OG0000677.1
2.344067	2.210848	nan	nan	nan
OG0000007.976	OG0002054.0	OG0012173.0	OG0001880.0	OG0001696.0
nan	nan	41.84409	nan	1.0970799999999998
OG0002050.0	OG0001451.24	OG0005382.20	OG0001009.24	OG0000032.252
nan	nan	5.280605	257.4393	4.128303
OG0007001.0	OG0002048.0	OG0001437.24	OG0000001.1420	OG0000592.34
5.504158	nan	nan	nan	2.96387
OG0000519.26	OG0016131.1	OG0000752.42	OG0000001.1420	OG0001450.26
215.4493	8.062204	nan	nan	nan
OG0001915.0	OG0001865.0	OG0000001.1420	OG0001154.24	OG0018408.0
nan	1.50545	nan	nan	1.62836
OG0016177.4	OG0001309.24	OG0002119.0	OG0000082.1	OG0000928.30
8.120034	nan	nan	1.609501	nan
OG0000054.0	OG0001101.24	OG0014206.6	OG0001361.1	OG0001336.24
1.5484149999999999	nan	2.530007	nan	nan
OG0000038.0	OG0000863.32	OG0001718.1	OG0001229.1	OG0020858.0
1.9685840000000001	nan	1.514047	nan	1.102276
OG0000054.0	OG0002135.0	OG0002118.0	OG0001163.24	OG0007320.10
1.5484149999999999	nan	nan	nan	4.663587000000001
OG0011309.6	OG0001863.0	OG0002056.0	OG0000026.45	OG0000609.44
3.1299580000000002	nan	nan	nan	nan
OG0002042.0	OG0000885.24	OG0001374.1	OG0000763.123	OG0000056.0
nan	nan	nan	4.5303510000000005	nan
OG0002158.0	OG0000207.117	OG0001943.0	OG0000056.0	OG0003303.67
nan	nan	nan	nan	8.080563
OG0001514.22	OG0000919.32	OG0010829.4	OG0000032.252	OG0001064.24
nan	nan	4.572952	4.128303	nan
OG0002130.0	OG0001363.24	OG0002005.0	OG0013582.0	OG0000006.561
nan	nan	nan	3.4392480000000005	1.587581
OG0020449.0	OG0001004.1	OG0000026.45	OG0000679.1	OG0001913.2
3.406103	3.26043	nan	nan	nan
OG0001666.14	OG0001947.0	OG0015152.0	OG0001914.4	OG0000038.0
nan	1.449051	1.578547	nan	1.9685840000000001
OG0002211.0	OG0000002.1788	OG0000735.1	OG0014727.4	OG0001084.24
nan	nan	1.102212	8.176438000000001	nan
OG0001927.0	OG0001962.0	OG0020429.0	OG0001311.5	OG0000006.561
nan	2.597024	3.3801919999999996	nan	1.587581
OG0001921.0	OG0001098.1	OG0000010.475	OG0016059.0	OG0001070.26
nan	nan	nan	0.9340038	nan
OG0001001.1	OG0020463.0	OG0000026.45	OG0002116.0	OG0001206.1
2.502421	3.386892	nan	nan	nan
OG0012726.8	OG0002098.0	OG0001914.4	OG0000032.252	OG0001083.26
8.114333	nan	nan	4.128303	nan
OG0001417.24	OG0005791.10	OG0001154.24	OG0000811.34	OG0000012.918
nan	5.589769	nan	nan	nan
OG0000038.0	OG0001217.1	OG0020749.0	OG0001137.24	OG0001766.6
1.9685840000000001	nan	2.391578	nan	3.729021
OG0000054.0	OG0001000.24	OG0008304.2	OG0001103.24	OG0000826.25
1.5484149999999999	nan	4.630580999999999	nan	nan
OG0000026.45	OG0001500.24	OG0016451.0	OG0001995.0	OG0001766.6
nan	nan	1.7293759999999998	nan	3.729021
OG0001307.24	OG0016858.0	OG0001594.1	OG0000082.1	OG0001255.26
nan	2.1075009999999996	nan	1.609501	nan
OG0002012.0	OG0000165.172	OG0000002.1788	OG0001803.6	OG0014796.4
nan	nan	nan	2.219364	8.148809
OG0000002.1788	OG0000846.25	OG0001086.0	OG0002041.0	OG0013480.7
nan	nan	nan	nan	1.8498330000000003
OG0001067.24	OG0002216.0	OG0009194.1	OG0000026.45	OG0000985.26
nan	nan	1.178658	nan	nan
OG0000054.0	OG0001502.26	OG0012067.0	OG0001414.24	OG0001832.1
1.5484149999999999	nan	1.7057240000000002	nan	2.1106700000000003
OG0000054.0	OG0016901.0	OG0002129.0	OG0001263.26	OG0002057.0
1.5484149999999999	2.611463	nan	nan	nan
OG0000026.45	OG0000697.0	OG0001991.0	OG0001423.30	OG0012951.0
nan	2.192751	nan	nan	2.029082
OG0001226.24	OG0001915.0	OG0002047.0	OG0000026.45	OG0018930.0
nan	nan	nan	nan	1.700351
OG0000007.976	OG0001264.24	OG0000769.0	OG0001217.1	OG0018017.0
nan	nan	1.4721520000000001	nan	8.06547
OG0000054.0	OG0022268.0	OG0000697.0	OG0001912.0	OG0001724.10
1.5484149999999999	1.654159	2.192751	nan	2.607829
OG0013524.0	OG0002059.0	OG0000002.1788	OG0000619.52	OG0001958.0
1.97453	nan	nan	nan	nan
OG0001166.24	OG0001414.24	OG0000018.289	OG0014672.2	OG0001724.10
nan	nan	nan	8.068416000000001	2.607829
OG0001921.0	OG0000002.1788	OG0001198.26	OG0001823.24	OG0013957.4
nan	nan	nan	nan	2.624045
OG0000054.0	OG0001666.14	OG0010847.0	OG0001095.25	OG0000901.0
1.5484149999999999	nan	5.366733999999999	nan	3.756139
OG0011904.2	OG0000558.24	OG0001045.24	OG0000038.0	OG0001377.24
0.9571575999999999	0.5800251999999999	1.458703	1.9685840000000001	nan
OG0000054.0	OG0001401.24	OG0001332.24	OG0000876.20	OG0008257.0
1.5484149999999999	nan	nan	1.4979120000000001	5.3125800000000005
OG0020471.0	OG0002056.0	OG0001305.24	OG0001224.24	OG0000056.0
3.3836760000000004	nan	nan	nan	nan
OG0001243.24	OG0002334.0	OG0002161.0	OG0000056.0	OG0000021.823
nan	nan	nan	nan	nan
OG0000865.1	OG0001295.24	OG0000038.0	OG0010179.0	OG0001180.24
259.8504	nan	1.9685840000000001	2.271207	nan
OG0001071.1	OG0000914.30	OG0002091.0	OG0020446.0	OG0000012.918
nan	2.235387	nan	3.408978	nan
OG0001819.6	OG0000938.24	OG0000018.289	OG0000543.45	OG0014985.0
nan	nan	nan	nan	1.073442
OG0000667.13	OG0000392.72	OG0000893.3	OG0000056.0	OG0006307.4
nan	0.8365353000000001	3.591496	nan	4.5853459999999995
OG0000010.475	OG0000209.146	OG0000022.5	OG0016146.4	OG0000764.26
nan	nan	nan	8.148363	1.487135
OG0010628.2	OG0002131.0	OG0001281.24	OG0001066.26	OG0000056.0
2.500838	nan	nan	nan	nan
OG0011912.1	OG0002133.0	OG0001998.0	OG0001325.24	OG0000006.561
8.116727000000001	nan	nan	nan	1.587581
OG0001399.24	OG0000002.1788	OG0001029.24	OG0020495.0	OG0000270.2
nan	nan	nan	3.437559	nan
OG0001345.24	OG0018408.0	OG0000042.23	OG0000018.289	OG0000675.1
nan	1.62836	2.019919	nan	1.3994879999999998
OG0001370.24	OG0012920.2	OG0001942.0	OG0000032.86	OG0000032.252
nan	227.38099999999997	2.819097	nan	4.128303
OG0002045.0	OG0002074.0	OG0001304.24	OG0000056.0	OG0014790.4
nan	nan	nan	nan	8.045691
OG0010829.4	OG0001357.24	OG0001354.22	OG0001319.1	OG0000018.289
4.572952	nan	nan	nan	nan
OG0001996.0	OG0013549.2	OG0000730.24	OG0000006.561	OG0002009.0
nan	3.368471	3.7803449999999996	1.587581	nan
OG0001003.24	OG0000002.1788	OG0007932.0	OG0000532.9	OG0002203.0
1.531892	nan	4.55468	nan	nan
OG0001288.1	OG0001086.0	OG0017886.0	OG0000056.0	OG0000973.2
nan	nan	1.174084	nan	nan
OG0002186.0	OG0000002.1788	OG0001884.0	OG0020474.0	OG0001184.24
nan	nan	nan	2.121091	nan
OG0000007.976	OG0011248.0	OG0001915.0	OG0000995.5	OG0002167.0
nan	2.7106529999999998	nan	nan	nan
OG0001935.0	OG0001313.24	OG0001300.1	OG0000012.918	OG0016082.2
nan	nan	nan	nan	1.563052
OG0001916.0	OG0014594.4	OG0000018.289	OG0001766.6	OG0000913.30
1.436415	1.7885650000000002	nan	3.729021	nan
OG0001308.24	OG0000010.475	OG0009057.0	OG0000764.26	OG0001527.7
nan	nan	1.716711	1.487135	nan
OG0000011.1	OG0001190.24	OG0000700.36	OG0001137.24	OG0016239.0
nan	nan	6.385463	nan	5.139597
OG0001550.0	OG0001431.24	OG0001371.24	OG0000056.0	OG0010084.3
0.9460878	nan	nan	nan	1.614811
OG0000054.0	OG0002217.0	OG0001536.0	OG0013576.5	OG0002061.0
1.5484149999999999	nan	2.980166	8.130358	nan
OG0002096.0	OG0001306.1	OG0000026.45	OG0005342.24	OG0001290.24
nan	nan	nan	1.6795950000000002	nan
OG0000054.0	OG0001863.0	OG0001661.0	OG0011143.10	OG0000802.1
1.5484149999999999	nan	5.385722	2.969573	nan
OG0000010.475	OG0000929.1	OG0002079.0	OG0014724.4	OG0002169.0
nan	nan	nan	8.103192	nan
OG0002045.0	OG0000026.45	OG0001635.0	OG0001624.8	OG0001172.24
nan	nan	3.3762559999999997	4.629857	nan
OG0001090.26	OG0001161.24	OG0000038.0	OG0002127.0	OG0017890.0
nan	nan	1.9685840000000001	nan	1.177096
OG0002150.0	OG0000002.1788	OG0002095.0	OG0001419.3	OG0016804.0
nan	nan	nan	nan	3.520317
OG0000864.26	OG0001332.24	OG0001412.1	OG0000038.0	OG0009214.0
2.6905740000000002	nan	nan	1.9685840000000001	2.736602
OG0000054.0	OG0001502.26	OG0008059.4	OG0001178.24	OG0001327.26
1.5484149999999999	nan	8.081258	nan	nan
OG0001413.1	OG0001154.24	OG0021460.0	OG0000012.918	OG0001766.6
nan	nan	0.9393764000000001	nan	3.729021
OG0007279.0	OG0001397.24	OG0000082.1	OG0002169.0	OG0000675.1
220.1811	nan	1.609501	nan	1.3994879999999998
OG0001067.24	OG0000010.475	OG0000392.72	OG0001410.24	OG0012763.0
nan	nan	0.8365353000000001	nan	1.737883
OG0000007.976	OG0006674.0	OG0001463.24	OG0000834.30	OG0001102.24
nan	216.3475	nan	nan	nan
OG0001881.0	OG0000011.1	OG0001027.24	OG0002152.0	OG0015100.0
nan	nan	nan	nan	2.344067
OG0014690.4	OG0001401.24	OG0002097.0	OG0000056.0	OG0001294.24
8.142988	nan	nan	nan	nan
OG0012287.4	OG0001868.2	OG0001885.0	OG0001823.24	OG0000006.561
1.615051	nan	nan	nan	1.587581
OG0000010.475	OG0002115.0	OG0001068.1	OG0014175.6	OG0001255.26
nan	nan	nan	3.4138879999999996	nan
OG0002060.0	OG0012351.2	OG0001635.0	OG0000038.0	OG0001040.1
nan	2.5310330000000003	3.3762559999999997	1.9685840000000001	nan
OG0000010.475	OG0002133.0	OG0000592.34	OG0001377.24	OG0020852.0
nan	nan	2.96387	nan	1.042002
OG0000010.475	OG0014712.4	OG0001917.0	OG0000771.24	OG0000802.1
nan	7.996502	253.3553	3.743532	nan
OG0002066.0	OG0000032.252	OG0009145.0	OG0002218.0	OG0001893.0
nan	4.128303	5.318593	nan	nan
OG0000011.1	OG0001479.24	OG0000501.29	OG0001285.1	OG0013291.0
nan	nan	nan	nan	4.558509
OG0001067.24	OG0001368.24	OG0017900.0	OG0000984.24	OG0000012.918
nan	nan	2.17883	nan	nan
OG0000002.1788	OG0001764.0	OG0001630.0	OG0021380.0	OG0001724.10
nan	2.079993	2.245164	2.613787	2.607829
OG0001395.1	OG0006807.16	OG0002225.0	OG0000006.561	OG0001205.24
nan	1.611982	nan	1.587581	nan
OG0000054.0	OG0000766.0	OG0000697.0	OG0017980.2	OG0001168.24
1.5484149999999999	5.381277	2.192751	8.145964	nan
OG0001666.14	OG0002067.0	OG0001536.0	OG0000038.0	OG0010955.0
nan	nan	2.980166	1.9685840000000001	5.388968
OG0001179.24	OG0000933.24	OG0019040.0	OG0001302.24	OG0000006.561
nan	1.682035	2.8446029999999998	nan	1.587581
OG0007083.0	OG0002036.0	OG0000814.1	OG0000056.0	OG0002081.0
2.541482	nan	nan	nan	nan
OG0000620.56	OG0000002.1788	OG0002139.0	OG0011648.5	OG0001335.24
nan	nan	nan	1.513358	nan
OG0001343.24	OG0015984.2	OG0002008.0	OG0000018.289	OG0001527.7
nan	0.9782994	nan	nan	nan
OG0011912.1	OG0001367.24	OG0000371.2	OG0002074.0	OG0000032.252
8.116727000000001	nan	3.135684	nan	4.128303
OG0000010.475	OG0002077.0	OG0000915.28	OG0000299.1	OG0016919.0
nan	nan	nan	nan	0.970406
OG0000002.1788	OG0001857.4	OG0000814.1	OG0016111.4	OG0002057.0
nan	nan	nan	8.118654	nan
OG0001299.24	OG0000369.1	OG0000018.289	OG0012194.0	OG0001048.24
nan	nan	nan	2.850063	3.4014849999999996
OG0020449.0	OG0001058.26	OG0001230.26	OG0000082.1	OG0002058.0
3.406103	nan	nan	1.609501	nan
OG0001299.24	OG0000663.26	OG0000026.45	OG0001309.24	OG0020903.0
nan	3.276037	nan	nan	1.227854
OG0001228.1	OG0000865.1	OG0000954.24	OG0000018.289	OG0003869.1
nan	259.8504	2.214126	nan	0.9688281999999999
OG0000011.1	OG0001432.24	OG0020496.0	OG0002214.0	OG0001846.4
nan	nan	3.396758	nan	nan
OG0000004.816	OG0000865.1	OG0001380.24	OG0000615.1	OG0000018.289
3.136953	259.8504	nan	1.3976540000000002	nan
OG0000994.2	OG0008293.1	OG0000038.0	OG0000181.164	OG0000625.28
nan	4.64731	1.9685840000000001	2.6212619999999998	1.6092540000000002
OG0001988.0	OG0000032.252	OG0001414.24	OG0014866.0	OG0002233.0
nan	4.128303	nan	1.97587	nan
OG0001296.24	OG0007847.3	OG0000026.45	OG0001388.12	OG0001057.24
nan	1.099361	nan	3.7350849999999998	nan
OG0000054.0	OG0000519.26	OG0009894.3	OG0001938.0	OG0000480.64
1.5484149999999999	215.4493	8.099617	nan	nan
OG0020752.0	OG0000002.1788	OG0001848.0	OG0002006.0	OG0000962.24
2.430428	nan	nan	nan	3.284852
OG0002079.0	OG0001356.24	OG0000032.252	OG0008724.0	OG0001527.7
nan	nan	4.128303	2.769234	nan
OG0000054.0	OG0002043.0	OG0000456.0	OG0000616.40	OG0012952.5
1.5484149999999999	nan	1.9499090000000001	1.3947100000000001	3.367145
OG0019340.0	OG0000011.1	OG0001357.24	OG0002013.0	OG0002225.0
1.6509	nan	nan	nan	nan
OG0000054.0	OG0002077.0	OG0001491.1	OG0014594.4	OG0001741.1
1.5484149999999999	nan	nan	1.7885650000000002	nan
OG0000002.1788	OG0002110.0	OG0001364.24	OG0002218.0	OG0014790.4
nan	nan	nan	nan	8.045691
OG0011977.7	OG0002043.0	OG0002070.0	OG0000018.289	OG0000611.0
8.005075999999999	nan	nan	nan	265.9435
OG0000054.0	OG0001202.24	OG0004893.24	OG0000854.30	OG0002073.0
1.5484149999999999	nan	5.412071	1.594136	nan
OG0001278.2	OG0000919.32	OG0008257.0	OG0001416.0	OG0000056.0
nan	nan	5.3125800000000005	3.6374449999999996	nan
OG0001640.7	OG0008381.1	OG0000038.0	OG0001282.24	OG0001372.24
nan	2.884311	1.9685840000000001	nan	nan
OG0013603.0	OG0001065.24	OG0001240.26	OG0000006.561	OG0001598.16
1.929039	nan	nan	1.587581	3.269702
OG0001406.24	OG0015176.2	OG0000006.561	OG0002236.0	OG0000563.47
nan	3.437472	1.587581	nan	2.2159459999999997
OG0000011.1	OG0001191.24	OG0001342.24	OG0014761.4	OG0001422.30
nan	nan	nan	8.104417999999999	nan
OG0001407.24	OG0000231.0	OG0000038.0	OG0010880.0	OG0000592.34
nan	nan	1.9685840000000001	2.8571880000000003	2.96387
OG0000002.1788	OG0008059.4	OG0001082.24	OG0002017.0	OG0001686.0
nan	8.081258	nan	nan	2.34137
OG0000010.475	OG0002139.0	OG0008281.2	OG0001951.0	OG0002225.0
nan	nan	4.5621540000000005	1.300632	nan
OG0000007.976	OG0001366.26	OG0001519.24	OG0002124.0	OG0020619.0
nan	nan	nan	nan	2.385535
OG0001265.24	OG0000730.24	OG0001820.0	OG0007679.2	OG0000006.561
nan	3.7803449999999996	1.483166	8.111322999999999	1.587581
OG0000382.41	OG0000809.2	OG0001093.24	OG0000032.252	OG0013494.3
nan	nan	nan	4.128303	8.054321
OG0000026.45	OG0002006.0	OG0001913.2	OG0001669.0	OG0014722.4
nan	nan	nan	3.284244	8.188038
OG0000653.1	OG0020467.0	OG0000538.0	OG0000858.32	OG0000056.0
2.878377	3.3746379999999996	1.5186950000000001	2.743382	nan
OG0000097.1	OG0000011.1	OG0001451.24	OG0001161.24	OG0007616.2
nan	nan	nan	nan	4.504809
OG0000007.976	OG0002252.0	OG0001815.3	OG0018416.0	OG0001320.26
nan	nan	nan	1.8089560000000002	nan
OG0000010.475	OG0000516.6	OG0000933.24	OG0013019.4	OG0000932.26
nan	4.342156	1.682035	1.645172	nan
OG0000467.0	OG0014783.4	OG0000441.96	OG0000056.0	OG0000677.1
2.953439	8.239042999999999	nan	nan	nan
OG0000978.1	OG0000010.475	OG0002166.0	OG0001381.24	OG0005887.2
nan	nan	nan	nan	1.6429209999999999
OG0002066.0	OG0001230.26	OG0000026.45	OG0001166.24	OG0020499.0
nan	nan	nan	nan	3.3712480000000005
OG0001296.24	OG0001183.1	OG0015412.0	OG0000018.289	OG0001912.0
nan	nan	1.990846	nan	nan
OG0000054.0	OG0001014.26	OG0000347.80	OG0012986.3	OG0001724.10
1.5484149999999999	nan	0.8733753000000001	2.61638	2.607829
OG0001917.0	OG0001238.24	OG0001438.24	OG0000018.289	OG0007998.0
253.3553	nan	nan	nan	3.055904
OG0000920.27	OG0000367.3	OG0009303.0	OG0000038.0	OG0001202.24
nan	256.7495	5.361362000000001	1.9685840000000001	nan
OG0001251.24	OG0001460.24	OG0000018.289	OG0000683.0	OG0014016.2
nan	nan	nan	1.7965970000000002	1.737643
OG0000797.20	OG0001078.24	OG0001378.24	OG0000018.289	OG0014672.2
1.4949940000000002	nan	nan	nan	8.068416000000001
OG0000931.1	OG0000519.26	OG0000664.3	OG0000038.0	OG0020742.0
nan	215.4493	4.474808	1.9685840000000001	2.4247509999999997
OG0000011.1	OG0008689.8	OG0000767.24	OG0001300.1	OG0000270.2
nan	4.635247	4.503944000000001	nan	nan
OG0000010.475	OG0002124.0	OG0001269.1	OG0000562.7	OG0020750.0
nan	nan	nan	nan	2.392674
OG0001312.1	OG0000038.0	OG0001857.4	OG0007994.1	OG0000616.40
nan	1.9685840000000001	nan	0.9295303	1.3947100000000001
OG0013168.0	OG0000977.1	OG0000917.1	OG0000032.252	OG0001945.2
2.383554	nan	nan	4.128303	nan
OG0000547.0	OG0016950.0	OG0000038.0	OG0001326.24	OG0001724.10
7.692535	1.7296650000000002	1.9685840000000001	nan	2.607829
OG0002134.0	OG0001406.24	OG0009220.12	OG0000489.0	OG0000056.0
nan	nan	8.077276	nan	nan
OG0000007.976	OG0001314.1	OG0002055.0	OG0019346.0	OG0001182.24
nan	nan	nan	1.674368	nan
OG0001286.24	OG0000938.24	OG0001008.28	OG0000001.1420	OG0012928.2
nan	nan	nan	nan	3.484835
OG0008655.4	OG0001258.24	OG0000018.289	OG0001210.24	OG0002292.0
4.623221	nan	nan	nan	nan
OG0012144.4	OG0000011.1	OG0001915.0	OG0001039.1	OG0001388.12
224.3909	nan	nan	nan	3.7350849999999998
OG0000007.976	OG0014001.2	OG0002075.0	OG0001223.1	OG0002070.0
nan	1.655964	nan	nan	nan
OG0000007.976	OG0001352.26	OG0000802.1	OG0000616.40	OG0007256.0
nan	nan	nan	1.3947100000000001	5.519325
OG0001142.24	OG0000812.32	OG0000082.1	OG0020852.0	OG0000895.1
nan	nan	1.609501	1.042002	nan
OG0000002.1788	OG0001390.24	OG0010078.3	OG0000980.1	OG0000247.29
nan	nan	4.622018	nan	nan
OG0000002.1788	OG0001938.0	OG0000510.30	OG0001009.24	OG0020431.0
nan	nan	1.444669	257.4393	1.646327
OG0002068.0	OG0000002.1788	OG0013860.0	OG0001186.24	OG0001057.24
nan	nan	1.94612	nan	nan
OG0000847.24	OG0000011.1	OG0000815.24	OG0002019.0	OG0014647.1
2.5429459999999997	nan	3.521807	nan	8.047189
OG0001815.3	OG0001406.24	OG0000275.1	OG0000006.561	OG0000004.33
nan	nan	4.565419	1.587581	nan
OG0000011.1	OG0006966.4	OG0001309.24	OG0002003.1	OG0000709.10
nan	4.5941279999999995	nan	nan	2.349284
OG0001014.26	OG0000002.1788	OG0000019.257	OG0007930.0	OG0001459.24
nan	nan	1.157585	2.541575	nan
OG0001222.24	OG0001214.2	OG0016468.2	OG0001127.28	OG0000012.918
nan	1.590956	6.271742	nan	nan
OG0001855.4	OG0014716.0	OG0000082.1	OG0000888.24	OG0002007.0
nan	8.080345	1.609501	1.446825	nan
OG0002146.0	OG0001173.24	OG0002158.0	OG0016975.0	OG0000012.918
nan	nan	nan	1.47203	nan
OG0001216.24	OG0013454.0	OG0000078.263	OG0001356.24	OG0000001.1420
nan	1.6046559999999999	nan	nan	nan
OG0001401.24	OG0000926.24	OG0000038.0	OG0001062.24	OG0017950.0
nan	2.3845419999999997	1.9685840000000001	nan	2.1683830000000004
OG0014816.4	OG0000615.1	OG0002116.0	OG0001062.24	OG0000018.289
0.9662069	1.3976540000000002	nan	nan	nan
OG0000596.47	OG0002084.0	OG0000001.1420	OG0001062.24	OG0016288.4
2.817554	nan	nan	nan	2.134118
OG0001218.24	OG0013888.0	OG0001455.24	OG0001157.1	OG0000001.1420
nan	2.3736490000000003	nan	nan	nan
OG0002218.0	OG0001258.24	OG0014749.1	OG0001304.24	OG0000006.561
nan	nan	8.026402000000001	nan	1.587581
OG0000007.976	OG0014802.1	OG0001149.24	OG0001167.24	OG0000616.40
nan	7.946451	nan	nan	1.3947100000000001
OG0000292.93	OG0015807.0	OG0002123.0	OG0000082.1	OG0000901.0
3.380013	2.1352900000000004	nan	1.609501	3.756139
OG0000467.0	OG0001881.0	OG0001261.1	OG0000001.1420	OG0022270.0
2.953439	nan	nan	nan	1.571064
OG0001892.0	OG0000011.1	OG0006637.5	OG0001354.22	OG0000917.1
2.380949	nan	4.565101	nan	nan
OG0008654.0	OG0001414.24	OG0001718.1	OG0000001.1420	OG0001255.26
19.31111	nan	1.514047	nan	nan
OG0001413.1	OG0010149.0	OG0002031.0	OG0000026.45	OG0001509.22
nan	2.091114	nan	nan	nan
OG0020923.0	OG0000002.1788	OG0001237.24	OG0001429.24	OG0000853.1
1.997484	nan	nan	nan	2.515475
OG0001988.0	OG0012669.7	OG0002033.0	OG0000012.918	OG0000323.43
nan	8.145206	nan	nan	1.0958
OG0000684.0	OG0000002.1788	OG0002104.0	OG0000459.0	OG0013596.4
2.623744	nan	nan	nan	7.998462
OG0000007.976	OG0002186.0	OG0008282.0	OG0001254.24	OG0002038.0
nan	nan	4.621656	nan	nan
OG0001071.1	OG0000002.1788	OG0001630.0	OG0015949.0	OG0000990.0
nan	nan	2.245164	2.219808	2.238157
OG0001546.1	OG0000010.475	OG0000944.28	OG0001370.24	OG0014714.4
nan	nan	2.66107	nan	8.082484
OG0000054.0	OG0002145.0	OG0017889.0	OG0001164.24	OG0001147.24
1.5484149999999999	nan	1.1758979999999999	nan	nan
OG0020851.0	OG0001674.0	OG0000001.1420	OG0001381.24	OG0001498.1
1.504575	1.936179	nan	nan	nan
OG0001014.26	OG0000032.252	OG0000539.1	OG0010616.4	OG0001849.0
nan	4.128303	4.342931	1.973475	1.23143
OG0014743.1	OG0000010.475	OG0002252.0	OG0002133.0	OG0002236.0
8.169446	nan	nan	nan	nan
OG0002011.0	OG0002006.0	OG0010656.0	OG0000001.1420	OG0001224.24
nan	nan	1.54613	nan	nan
OG0001491.1	OG0013497.4	OG0001886.0	OG0000056.0	OG0001189.24
nan	7.974448	nan	nan	nan
OG0001001.1	OG0000165.172	OG0007936.6	OG0000636.1	OG0000012.918
2.502421	nan	5.25096	0.8620441999999999	nan
OG0001382.24	OG0000004.33	OG0018930.0	OG0000006.561	OG0000850.12
nan	nan	1.700351	1.587581	3.754032
OG0000054.0	OG0002067.0	OG0000368.201	OG0002225.0	OG0001943.0
1.5484149999999999	nan	8.083919999999999	nan	nan
OG0001301.24	OG0000097.1	OG0002005.0	OG0016453.4	OG0000006.561
nan	nan	nan	1.6876779999999998	1.587581
OG0000010.475	OG0001292.1	OG0000562.7	OG0007847.3	OG0001392.24
nan	nan	nan	1.099361	nan
OG0000979.1	OG0001075.1	OG0006962.4	OG0001266.28	OG0000001.1420
3.2457700000000003	nan	4.644451	nan	nan
OG0020733.0	OG0001956.0	OG0001635.0	OG0001823.24	OG0000056.0
1.596437	nan	3.3762559999999997	nan	nan
OG0000011.1	OG0001485.24	OG0017837.0	OG0002141.0	OG0002223.0
nan	nan	1.837794	nan	nan
OG0001869.2	OG0020465.0	OG0001054.1	OG0001959.2	OG0000056.0
1.878787	3.3451589999999998	nan	nan	nan
OG0002164.0	OG0002062.0	OG0000101.90	OG0000026.45	OG0016900.2
nan	nan	nan	nan	2.6302659999999998
OG0000729.25	OG0000556.30	OG0000018.289	OG0001498.1	OG0009229.0
3.7984430000000002	3.3278839999999996	nan	nan	5.324028
OG0000011.1	OG0002085.0	OG0001082.24	OG0022278.0	OG0001507.1
nan	nan	nan	1.691913	nan
OG0002053.0	OG0000894.25	OG0012398.0	OG0000001.1420	OG0001070.26
nan	nan	1.7525970000000002	nan	nan
OG0001227.24	OG0014660.0	OG0001324.24	OG0000018.289	OG0001302.24
nan	8.084052	nan	nan	nan
OG0009148.0	OG0000609.44	OG0000032.252	OG0000518.24	OG0002167.0
1.411718	nan	4.128303	217.4425	nan
OG0002059.0	OG0008699.6	OG0000026.45	OG0001291.1	OG0001154.24
nan	4.649036	nan	nan	nan
OG0000054.0	OG0001453.1	OG0000596.47	OG0005637.0	OG0001287.24
1.5484149999999999	nan	2.817554	1.775139	nan
OG0012920.2	OG0000001.1420	OG0000270.2	OG0000518.24	OG0000455.62
227.38099999999997	nan	nan	217.4425	3.229433
OG0000011.1	OG0001396.24	OG0007279.0	OG0002086.0	OG0001880.0
nan	nan	220.1811	nan	nan
OG0000011.1	OG0001933.0	OG0000975.0	OG0020750.0	OG0000724.26
nan	nan	215.9063	2.392674	8.063195
OG0001666.14	OG0000026.45	OG0010991.0	OG0000976.24	OG0001182.24
nan	nan	5.333946	3.811548	nan
OG0020885.0	OG0000002.1788	OG0001637.1	OG0000946.1	OG0002037.0
1.515896	nan	nan	nan	nan
OG0001150.24	OG0000789.1	OG0007090.1	OG0000038.0	OG0000831.11
nan	3.338764	1.501955	1.9685840000000001	nan
OG0001000.24	OG0000892.1	OG0001156.1	OG0000006.561	OG0008345.6
nan	3.3837879999999996	nan	1.587581	4.586208999999999
OG0007968.4	OG0000231.0	OG0001198.26	OG0000001.1420	OG0000758.2
4.576392	nan	nan	nan	0.9171321
OG0000664.3	OG0000378.2	OG0000032.252	OG0000415.0	OG0007073.12
4.474808	2.673983	4.128303	0.7545826999999999	5.329236
OG0002248.0	OG0002165.0	OG0011530.4	OG0000012.918	OG0000706.25
nan	nan	4.593731	nan	nan
OG0000054.0	OG0000847.24	OG0000615.1	OG0001046.24	OG0015204.0
1.5484149999999999	2.5429459999999997	1.3976540000000002	nan	3.497492
OG0002015.0	OG0001297.24	OG0015826.2	OG0000664.3	OG0000032.252
nan	nan	1.7025970000000001	4.474808	4.128303
OG0001196.1	OG0001471.24	OG0000010.475	OG0018398.0	OG0001356.24
nan	nan	nan	1.681625	nan
OG0000054.0	OG0001456.24	OG0001357.24	OG0020565.0	OG0000962.24
1.5484149999999999	nan	nan	1.635685	3.284852
OG0000010.475	OG0001845.2	OG0000512.25	OG0000592.34	OG0021965.0
nan	nan	nan	2.96387	1.002672
OG0000010.475	OG0007641.2	OG0001269.1	OG0000995.5	OG0001172.24
nan	4.651973	nan	nan	nan
OG0022184.0	OG0002084.0	OG0001370.24	OG0000001.1420	OG0000510.30
2.117354	nan	nan	nan	1.444669
OG0016013.0	OG0001344.0	OG0000299.1	OG0000317.0	OG0000056.0
1.617764	nan	nan	1.9911580000000002	nan
OG0000007.976	OG0001071.1	OG0005767.0	OG0001293.1	OG0000780.24
nan	nan	5.564827999999999	nan	2.986732
OG0016197.0	OG0000038.0	OG0002123.0	OG0000645.36	OG0000609.44
1.529878	1.9685840000000001	nan	2.975854	nan
OG0001001.1	OG0001027.24	OG0020860.0	OG0000056.0	OG0000323.43
2.502421	nan	1.291331	nan	1.0958
OG0000931.1	OG0000026.45	OG0011896.1	OG0001045.24	OG0001320.26
nan	nan	2.304541	1.458703	nan
OG0000736.0	OG0012822.8	OG0001331.24	OG0000001.1420	OG0000986.24
1.729948	1.7154459999999998	nan	nan	nan
OG0000764.26	OG0001488.22	OG0001038.1	OG0007613.14	OG0000018.289
1.487135	nan	nan	5.567355	nan
OG0012744.4	OG0000886.24	OG0000730.24	OG0001203.24	OG0000012.918
8.208263	nan	3.7803449999999996	nan	nan
OG0002094.0	OG0014488.0	OG0001128.24	OG0000018.289	OG0000850.12
nan	0.8198645	nan	nan	3.754032
OG0000054.0	OG0001286.24	OG0002013.0	OG0013467.4	OG0002089.0
1.5484149999999999	nan	nan	7.9984720000000005	nan
OG0017993.2	OG0000010.475	OG0001832.1	OG0002169.0	OG0001636.12
8.143161	nan	2.1106700000000003	nan	261.4398
OG0000054.0	OG0001214.2	OG0020438.0	OG0001410.24	OG0001987.0
1.5484149999999999	1.590956	3.382998	nan	nan
OG0002059.0	OG0007862.0	OG0000985.26	OG0001351.24	OG0000056.0
nan	5.338628	nan	nan	nan
OG0000011.1	OG0002102.0	OG0001181.24	OG0018930.0	OG0000675.1
nan	nan	nan	1.700351	1.3994879999999998
OG0000405.0	OG0013646.0	OG0001027.24	OG0001688.16	OG0000012.918
220.9414	3.1449	nan	nan	nan
OG0000054.0	OG0002068.0	OG0001232.24	OG0012077.2	OG0000809.2
1.5484149999999999	nan	nan	3.456608	nan
OG0000982.24	OG0007957.0	OG0000985.26	OG0000056.0	OG0000369.1
nan	5.313781	nan	nan	nan
OG0001001.1	OG0001813.8	OG0000742.132	OG0000006.561	OG0001074.2
2.502421	nan	1.694993	1.587581	2.6492139999999997
OG0000007.976	OG0001143.26	OG0000775.24	OG0015019.0	OG0001823.24
nan	nan	263.2808	2.103234	nan
OG0000054.0	OG0000732.24	OG0000684.0	OG0020474.0	OG0002039.0
1.5484149999999999	1.2710540000000001	2.623744	2.121091	nan
OG0000797.20	OG0001149.24	OG0000002.1788	OG0002014.0	OG0013480.7
1.4949940000000002	nan	nan	nan	1.8498330000000003
OG0001395.1	OG0001279.24	OG0002252.0	OG0000752.25	OG0000018.289
nan	nan	nan	41.23675	nan
OG0000776.26	OG0001208.24	OG0001516.22	OG0005180.0	OG0000056.0
2.619523	nan	nan	4.621698	nan
OG0000460.47	OG0020565.0	OG0002141.0	OG0000032.252	OG0001156.1
nan	1.635685	nan	4.128303	nan
OG0001129.24	OG0000026.45	OG0011407.4	OG0000453.2	OG0001028.24
nan	nan	0.9590679	2.199106	nan
OG0013452.0	OG0001228.1	OG0000812.32	OG0001132.24	OG0000001.1420
2.16412	nan	nan	nan	nan
OG0001087.24	OG0001012.4	OG0007060.8	OG0000018.289	OG0001893.0
nan	1.486713	4.605075	nan	nan
OG0000054.0	OG0001417.24	OG0000152.31	OG0011358.12	OG0001387.26
1.5484149999999999	nan	nan	8.043821000000001	nan
OG0000011.1	OG0001058.26	OG0002027.0	OG0001332.24	OG0010562.0
nan	nan	nan	nan	3.500025
OG0010504.6	OG0001293.1	OG0000026.45	OG0002148.0	OG0000737.40
1.199429	nan	nan	nan	nan
OG0001413.1	OG0010691.4	OG0000001.1420	OG0001137.24	OG0001168.24
nan	0.8117251	nan	nan	nan
OG0000011.1	OG0001095.25	OG0001991.0	OG0001425.1	OG0016919.0
nan	nan	nan	nan	0.970406
OG0000054.0	OG0000727.24	OG0001352.26	OG0011558.1	OG0000811.34
1.5484149999999999	3.764414	nan	1.427563	nan
OG0000011.1	OG0001453.1	OG0000867.24	OG0020462.0	OG0000699.1
nan	nan	1.9427349999999999	3.389412	3.796767
OG0002004.0	OG0000698.19	OG0000011.1	OG0006966.4	OG0001064.24
nan	nan	nan	4.5941279999999995	nan
OG0000054.0	OG0000620.56	OG0000002.1059	OG0001857.4	OG0000616.40
1.5484149999999999	nan	nan	nan	1.3947100000000001
OG0000011.1	OG0001292.1	OG0001518.24	OG0001425.1	OG0012905.4
nan	nan	nan	nan	2.0361830000000003
OG0001042.5	OG0000165.172	OG0017929.0	OG0000615.1	OG0000032.252
nan	nan	0.9614195	1.3976540000000002	4.128303
OG0001245.24	OG0002152.0	OG0018416.0	OG0000056.0	OG0001047.26
nan	nan	1.8089560000000002	nan	nan
OG0001999.0	OG0020429.0	OG0001036.24	OG0000012.918	OG0001289.1
nan	3.3801919999999996	nan	nan	nan
OG0000054.0	OG0001374.1	OG0006222.23	OG0001102.24	OG0000801.24
1.5484149999999999	nan	4.627668	nan	7.852777000000001
OG0001870.2	OG0000026.45	OG0016230.0	OG0000700.36	OG0001483.24
nan	nan	5.721793	6.385463	nan
OG0004801.15	OG0001541.1	OG0000980.1	OG0002041.0	OG0000018.289
2.2268630000000003	nan	nan	nan	nan
OG0011929.8	OG0000371.2	OG0001340.24	OG0001066.26	OG0000001.1420
8.070892	3.135684	nan	nan	nan
OG0014008.0	OG0001397.24	OG0000001.1420	OG0001083.26	OG0001135.4
1.7445650000000001	nan	nan	nan	232.7951
OG0020626.0	OG0001935.0	OG0001384.1	OG0000032.252	OG0000802.1
8.020408999999999	nan	nan	4.128303	nan
OG0000054.0	OG0001497.24	OG0001451.24	OG0015331.0	OG0000425.53
1.5484149999999999	nan	nan	1.7282279999999999	nan
OG0000004.888	OG0001314.1	OG0001004.1	OG0000026.45	OG0007591.0
nan	nan	3.26043	nan	1.177533
OG0000010.475	OG0014745.2	OG0000684.0	OG0000812.32	OG0001328.24
nan	8.125753999999999	2.623744	nan	nan
OG0013928.0	OG0000011.1	OG0002063.0	OG0000529.60	OG0000911.3
1.052676	nan	nan	nan	nan
OG0001363.24	OG0000038.0	OG0018477.0	OG0002155.0	OG0001384.1
nan	1.9685840000000001	1.457362	nan	nan
OG0001451.24	OG0001326.24	OG0000032.252	OG0001422.30	OG0010865.0
nan	nan	4.128303	nan	5.330291000000001
OG0001562.24	OG0000002.1788	OG0012398.0	OG0002125.0	OG0002225.0
nan	nan	1.7525970000000002	nan	nan
OG0002068.0	OG0006903.2	OG0000918.1	OG0000038.0	OG0001427.24
nan	5.628564	nan	1.9685840000000001	nan
OG0008059.4	OG0000038.0	OG0001178.24	OG0001141.24	OG0001294.24
8.081258	1.9685840000000001	nan	nan	nan
OG0001962.0	OG0012035.0	OG0002001.0	OG0000006.561	OG0000928.30
2.597024	2.771084	nan	1.587581	nan
OG0006927.0	OG0001066.26	OG0002103.0	OG0001885.0	OG0000082.1
5.594558	nan	nan	nan	1.609501
OG0007243.4	OG0001348.24	OG0000617.25	OG0001823.24	OG0000006.561
5.3136019999999995	nan	1.7805630000000001	nan	1.587581
OG0001561.0	OG0001661.0	OG0000018.289	OG0014755.1	OG0000537.8
2.52285	5.385722	nan	8.043833	2.071132
OG0002083.0	OG0001803.6	OG0001374.1	OG0000006.561	OG0016816.0
nan	2.219364	nan	1.587581	3.528803
OG0000054.0	OG0013739.2	OG0001812.2	OG0001132.24	OG0000995.5
1.5484149999999999	2.7841	1.870528	nan	nan
OG0001772.0	OG0001866.0	OG0000056.0	OG0007559.0	OG0000993.25
nan	nan	nan	4.6558269999999995	nan
OG0000007.976	OG0001212.24	OG0017988.2	OG0001370.24	OG0001425.1
nan	nan	8.009072999999999	nan	nan
OG0005778.0	OG0001228.1	OG0001239.26	OG0000026.45	OG0002321.0
17.07402	nan	nan	nan	nan
OG0004760.1	OG0001152.24	OG0000032.252	OG0002097.0	OG0001374.1
3.00596	nan	4.128303	nan	nan
OG0017933.2	OG0002102.0	OG0001340.24	OG0000082.1	OG0000828.16
1.744998	nan	nan	1.609501	4.595071
OG0001330.24	OG0000404.58	OG0000026.45	OG0000853.1	OG0008062.2
nan	5.600258999999999	nan	2.515475	8.115515
OG0001049.26	OG0001938.0	OG0001516.22	OG0000001.1420	OG0011913.0
nan	nan	nan	nan	2.839744
OG0002018.0	OG0001000.24	OG0017998.0	OG0000006.561	OG0001074.2
nan	nan	8.121283	1.587581	2.6492139999999997
OG0000382.41	OG0016202.4	OG0001795.0	OG0000026.45	OG0000524.1
nan	8.068043	3.288567	nan	212.9155
