OG0001643.24	OG0001566.2	OG0001698.26	OG0000027.457
nan	nan	nan	nan
OG0000011.1	OG0001960.2	OG0001348.24	OG0014643.4	OG0002120.0
nan	nan	nan	7.948929	nan
OG0000007.976	OG0001962.0	OG0000908.24	OG0018072.2	OG0000911.3
nan	nan	nan	8.01726	nan
OG0000026.45	OG0000473.17	OG0000724.26	OG0001324.24	OG0014172.0
nan	nan	nan	nan	1.1890610000000001
OG0000010.475	OG0003341.0	OG0001723.0	OG0001450.26	OG0001766.6
nan	4.6414919999999995	nan	nan	nan
OG0015186.2	OG0001488.22	OG0001567.1	OG0000853.1	OG0000056.0
2.459654	nan	nan	nan	nan
OG0008707.0	OG0000698.19	OG0000931.1	OG0001286.24	OG0000038.0
5.371479	nan	nan	nan	nan
OG0001315.24	OG0001292.1	OG0018076.2	OG0000459.0	OG0000056.0
nan	nan	8.211955999999999	nan	nan
OG0000886.24	OG0000001.1420	OG0000042.23	OG0002007.0
nan	nan	nan	nan
OG0000010.475	OG0002252.0	OG0001032.24	OG0001573.24
nan	nan	nan	nan
OG0001226.24	OG0000678.1	OG0002123.0	OG0000082.1	OG0014722.4
nan	nan	nan	nan	7.995628
OG0002077.0	OG0000032.252	OG0000854.30	OG0000677.1
nan	nan	nan	nan
OG0002079.0	OG0006927.0	OG0000780.24	OG0000001.1420	OG0001958.0
nan	5.526052	nan	nan	nan
OG0001061.24	OG0001157.1	OG0000018.289	OG0015279.0	OG0002094.0
nan	nan	nan	2.597114	nan
OG0001819.6	OG0000026.45	OG0001942.0	OG0001361.1
nan	nan	nan	nan
OG0014816.4	OG0001870.2	OG0000038.0	OG0002145.0	OG0001355.24
0.9637954	nan	nan	nan	nan
OG0000010.475	OG0000396.79	OG0001093.24	OG0001993.0
nan	nan	nan	nan
OG0000010.475	OG0000501.29	OG0001886.0	OG0001172.24
nan	nan	nan	nan
OG0000054.0	OG0008252.2	OG0000441.96	OG0001351.24	OG0001912.0
nan	4.633401	nan	nan	nan
OG0001228.1	OG0001150.24	OG0000892.1	OG0000082.1
nan	nan	nan	nan
OG0002066.0	OG0001162.22	OG0000082.1	OG0001102.24
nan	nan	nan	nan
OG0002186.0	OG0001090.26	OG0008230.0	OG0000082.1	OG0001073.24
nan	nan	5.495636	nan	nan
OG0000620.56	OG0001546.1	OG0001519.24	OG0000012.918
nan	nan	nan	nan
OG0000010.475	OG0001023.7	OG0014661.1	OG0001236.24	OG0001156.1
nan	nan	8.084931	nan	nan
OG0001299.24	OG0000002.1788	OG0000704.0	OG0017978.2	OG0001959.2
nan	nan	nan	8.105549	nan
OG0000011.1	OG0001303.26	OG0001408.24	OG0001434.24
nan	nan	nan	nan
OG0000479.1	OG0000038.0	OG0000728.24	OG0001235.24	OG0014687.1
nan	nan	nan	nan	8.030384
OG0001061.24	OG0002128.0	OG0000964.2	OG0000006.561
nan	nan	nan	nan
OG0000797.20	OG0000038.0	OG0000954.24	OG0013173.1	OG0002153.0
nan	nan	nan	nan	nan
OG0000007.976	OG0000830.1	OG0015387.0	OG0002087.0	OG0001123.1
nan	nan	1.705211	nan	nan
OG0001408.24	OG0000038.0	OG0001737.0	OG0001180.24
nan	nan	nan	nan
OG0001334.24	OG0001935.0	OG0000038.0	OG0001866.0	OG0007320.10
nan	nan	nan	nan	4.603475
OG0000372.92	OG0001937.2	OG0000026.45	OG0001335.24
nan	nan	nan	nan
OG0002211.0	OG0002048.0	OG0001593.20	OG0010676.1	OG0000006.561
nan	nan	nan	1.641961	nan
OG0000007.976	OG0001921.0	OG0000149.1	OG0001423.30	OG0002023.0
nan	nan	1.185	nan	nan
OG0009269.4	OG0001256.24	OG0000082.1	OG0002082.0	OG0001849.0
3.4583809999999997	nan	nan	nan	nan
OG0001363.24	OG0008282.0	OG0000428.54	OG0000038.0	OG0002243.0
nan	4.617126	nan	nan	nan
OG0000011.1	OG0001216.24	OG0001221.1	OG0001878.2
nan	nan	nan	nan
OG0000007.976	OG0001214.2	OG0002054.0	OG0002039.0	OG0015982.2
nan	nan	nan	nan	1.70311
OG0000007.976	OG0001238.24	OG0001062.24	OG0001849.0
nan	nan	nan	nan
OG0000002.1788	OG0001078.24	OG0001832.1	OG0001428.1
nan	nan	nan	nan
OG0007301.2	OG0001870.2	OG0001082.24	OG0000617.25	OG0000018.289
4.644246	nan	nan	nan	nan
OG0001345.24	OG0000886.24	OG0002158.0	OG0000026.45
nan	nan	nan	nan
OG0000704.0	OG0001166.24	OG0008079.18	OG0001450.26	OG0000056.0
nan	nan	5.540357	nan	nan
OG0000713.24	OG0000522.0	OG0000018.289	OG0002321.0
nan	nan	nan	nan
OG0002121.0	OG0001330.24	OG0000615.1	OG0000006.561	OG0014747.1
nan	nan	nan	nan	8.063079
OG0000847.24	OG0001382.24	OG0000010.475	OG0016099.0	OG0001290.24
nan	nan	nan	1.507011	nan
OG0002146.0	OG0008756.0	OG0001080.1	OG0001880.0	OG0000032.252
nan	5.765754	nan	nan	nan
OG0000007.976	OG0007857.4	OG0002129.0	OG0001182.24	OG0002218.0
nan	4.608901	nan	nan	nan
OG0000165.172	OG0014175.6	OG0001298.24	OG0000018.289	OG0001253.24
nan	3.4112480000000005	nan	nan	nan
OG0002035.0	OG0011970.0	OG0000834.30	OG0000082.1	OG0000925.1
nan	3.5669720000000003	nan	nan	nan
OG0001079.1	OG0020461.0	OG0002243.0	OG0000082.1	OG0001304.24
nan	3.369041	nan	nan	nan
OG0002150.0	OG0001403.24	OG0000846.25	OG0000032.252
nan	nan	nan	nan
OG0002045.0	OG0005270.34	OG0000848.32	OG0000026.45	OG0001629.5
nan	2.0741709999999998	nan	nan	nan
OG0001413.1	OG0000010.475	OG0001403.24	OG0001492.24	OG0008059.4
nan	nan	nan	nan	8.120225
OG0001386.24	OG0000038.0	OG0002116.0	OG0000661.3
nan	nan	nan	nan
OG0000007.976	OG0001176.24	OG0000236.122	OG0012651.6	OG0001180.24
nan	nan	nan	1.705177	nan
OG0001059.24	OG0000977.1	OG0000032.252	OG0001164.24
nan	nan	nan	nan
OG0001278.2	OG0000011.1	OG0000863.32	OG0002037.0
nan	nan	nan	nan
OG0001546.1	OG0001495.2	OG0000026.45	OG0002013.0	OG0018965.0
nan	nan	nan	nan	1.6854619999999998
OG0000732.24	OG0000983.28	OG0013872.4	OG0001271.1	OG0000018.289
nan	nan	2.045411	nan	nan
OG0001292.1	OG0000002.1788	OG0001853.0	OG0001132.24	OG0013603.0
nan	nan	nan	nan	1.916936
OG0000292.93	OG0006965.6	OG0000975.0	OG0000675.1	OG0000012.918
nan	4.586575	nan	nan	nan
OG0001921.0	OG0000011.1	OG0001303.26	OG0002176.0
nan	nan	nan	nan
OG0000983.28	OG0001241.24	OG0000936.24	OG0000006.561	OG0014742.1
nan	nan	nan	nan	7.969417999999999
OG0001246.24	OG0020706.0	OG0000559.30	OG0000056.0	OG0000801.24
nan	8.044336	nan	nan	nan
OG0001357.24	OG0001328.24	OG0000006.561	OG0000901.0
nan	nan	nan	nan
OG0000615.1	OG0001000.24	OG0001593.20	OG0014780.4	OG0000056.0
nan	nan	nan	8.017549	nan
OG0000002.1788	OG0001432.24	OG0001536.0	OG0002000.0	OG0016933.0
nan	nan	nan	nan	2.611069
OG0000054.0	OG0000026.628	OG0000019.257	OG0001861.0
nan	nan	nan	nan
OG0001486.1	OG0000010.475	OG0001830.6	OG0000925.1
nan	nan	nan	nan
OG0001051.24	OG0000636.1	OG0000932.26	OG0000032.252	OG0007851.2
nan	nan	nan	nan	2.006179
OG0001307.24	OG0013103.0	OG0000001.1420	OG0001245.24	OG0001346.24
nan	nan	nan	nan	nan
OG0000425.53	OG0014713.1	OG0000735.1	OG0001379.1	OG0000056.0
nan	8.073953999999999	nan	nan	nan
OG0001815.3	OG0000018.289	OG0001111.22	OG0001883.0
nan	nan	nan	nan
OG0000011.1	OG0007922.2	OG0000664.3	OG0001472.0	OG0000543.45
nan	4.5237739999999995	nan	nan	nan
OG0012745.4	OG0001212.24	OG0002043.0	OG0001040.1	OG0000032.252
8.075024	nan	nan	nan	nan
OG0001550.0	OG0001038.1	OG0002028.0	OG0000006.561
nan	nan	nan	nan
OG0001082.24	OG0000242.29	OG0000018.289	OG0001425.1
nan	nan	nan	nan
OG0001366.26	OG0001418.30	OG0002053.0	OG0012936.4	OG0000082.1
nan	nan	nan	1.440628	nan
OG0001357.24	OG0001238.24	OG0000056.0	OG0001861.0	OG0020746.0
nan	nan	nan	nan	nan
OG0000479.1	OG0000809.2	OG0000018.289	OG0016128.4	OG0000850.12
nan	nan	nan	8.029926	nan
OG0001218.24	OG0000367.3	OG0000038.0	OG0000577.45	OG0002168.0
nan	nan	nan	2.6238479999999997	nan
OG0000097.1	OG0000026.45	OG0002032.0	OG0001205.24
nan	nan	nan	nan
OG0001315.24	OG0001169.24	OG0002126.0	OG0006968.0	OG0000001.1420
nan	nan	nan	5.511661	nan
OG0000002.1788	OG0002109.0	OG0016681.4	OG0001267.24	OG0001180.24
nan	nan	1.694725	nan	nan
OG0007066.10	OG0001390.24	OG0002319.0	OG0000032.252	OG0001180.24
5.361494	nan	nan	nan	nan
OG0014506.6	OG0001146.1	OG0001461.24	OG0000278.126	OG0000012.918
1.637723	nan	nan	nan	nan
OG0000010.475	OG0000561.24	OG0000770.1	OG0001297.24
nan	nan	nan	nan
OG0000010.475	OG0000627.52	OG0001416.0	OG0001289.1
nan	nan	nan	nan
OG0000953.26	OG0001165.26	OG0001288.1	OG0000026.45
nan	nan	nan	nan
OG0000007.976	OG0001778.24	OG0002036.0	OG0002233.0	OG0007270.0
nan	nan	nan	nan	3.133293
OG0002035.0	OG0001488.22	OG0002085.0	OG0000018.289
nan	nan	nan	nan
OG0000011.1	OG0011328.4	OG0000941.24	OG0001456.24	OG0000737.40
nan	2.379511	nan	nan	nan
OG0007588.4	OG0001331.24	OG0001236.24	OG0000082.1	OG0001934.0
4.626233999999999	nan	nan	nan	nan
OG0000007.976	OG0001090.26	OG0002334.0	OG0000901.0
nan	nan	nan	nan
OG0006878.0	OG0001933.0	OG0000685.33	OG0000082.1	OG0001050.0
1.748304	nan	nan	nan	nan
OG0001330.24	OG0010953.4	OG0001947.0	OG0002090.0	OG0000006.561
nan	4.642728	nan	nan	nan
OG0001360.24	OG0000011.1	OG0007933.0	OG0001277.24	OG0000369.1
nan	nan	4.611834	nan	nan
OG0000010.475	OG0017987.0	OG0000902.24	OG0001260.24	OG0001849.0
nan	8.104894	nan	nan	nan
OG0000002.1788	OG0002123.0	OG0002019.0	OG0000896.1
nan	nan	nan	nan
OG0001810.0	OG0000987.19	OG0001512.12	OG0000012.918
nan	nan	nan	nan
OG0000948.24	OG0001247.24	OG0002086.0	OG0000082.1	OG0007626.0
nan	nan	nan	nan	4.62061
OG0000769.0	OG0001275.26	OG0001298.24	OG0000018.289	OG0007931.1
nan	nan	nan	nan	4.6085139999999996
OG0001542.3	OG0000547.0	OG0001145.3	OG0000038.0	OG0008712.0
nan	nan	nan	nan	4.670691000000001
OG0000007.976	OG0014555.2	OG0001460.24	OG0002231.0	OG0001584.0
nan	8.136033	nan	nan	nan
OG0000945.1	OG0014808.4	OG0002106.0	OG0000738.19	OG0000006.561
nan	8.08933	nan	nan	nan
OG0000832.1	OG0002077.0	OG0001132.24	OG0000082.1	OG0000706.25
5.261181	nan	nan	nan	nan
OG0000627.52	OG0001870.2	OG0000001.1420	OG0001160.24
nan	nan	nan	nan
OG0015363.2	OG0001228.1	OG0002163.0	OG0000360.67	OG0000001.1420
1.314725	nan	nan	nan	nan
OG0002088.0	OG0001666.14	OG0002319.0	OG0000012.918
nan	nan	nan	nan
OG0001301.24	OG0000010.475	OG0000929.1	OG0007932.0	OG0000900.25
nan	nan	nan	4.656426000000001	nan
OG0001996.0	OG0001256.24	OG0008990.2	OG0001068.1	OG0000018.289
nan	nan	2.786053	nan	nan
OG0001264.24	OG0000026.45	OG0011132.2	OG0000378.2	OG0002065.0
nan	nan	4.593535	nan	nan
OG0001961.2	OG0016177.4	OG0002080.0	OG0000082.1	OG0001100.24
nan	8.07815	nan	nan	nan
OG0000627.52	OG0001157.1	OG0000038.0	OG0002334.0	OG0014659.1
nan	nan	nan	nan	8.048446
OG0002006.0	OG0000378.2	OG0007008.1	OG0000006.561	OG0002052.0
nan	nan	4.598698000000001	nan	nan
OG0018050.0	OG0002078.0	OG0000834.30	OG0001480.22	OG0000018.289
7.964906	nan	nan	nan	nan
OG0001455.24	OG0002065.0	OG0008224.0	OG0000056.0	OG0001320.26
nan	nan	2.875614	nan	nan
OG0001228.1	OG0000002.1788	OG0000367.3	OG0000755.4
nan	nan	nan	nan
OG0014752.4	OG0000018.289	OG0001073.24	OG0000803.36	OG0002009.0
8.056242999999998	nan	nan	nan	nan
OG0000054.0	OG0001735.3	OG0000592.34	OG0004634.3	OG0001273.24
nan	nan	nan	4.572321	nan
OG0001401.24	OG0001292.1	OG0000242.29	OG0000082.1
nan	nan	nan	nan
OG0001453.1	OG0005637.0	OG0000512.25	OG0001097.24	OG0000082.1
nan	1.588219	nan	nan	nan
OG0001003.24	OG0000000.3448	OG0000941.24	OG0001394.24	OG0000056.0
nan	1.096178	nan	nan	nan
OG0001863.0	OG0000002.1788	OG0001313.24	OG0007346.4	OG0001321.26
nan	nan	nan	nan	nan
OG0001303.26	OG0000283.91	OG0001468.24	OG0000977.1	OG0000082.1
nan	8.141210000000001	nan	nan	nan
OG0001915.0	OG0002097.0	OG0000001.1420	OG0000828.16	OG0014341.0
nan	nan	nan	nan	5.353468
OG0001055.24	OG0001259.24	OG0016178.1	OG0000038.0	OG0001186.24
nan	nan	8.146922	nan	nan
OG0000935.24	OG0001798.0	OG0000018.289	OG0001346.24
nan	nan	nan	nan
OG0000007.976	OG0016144.4	OG0001460.24	OG0000948.24	OG0001820.0
nan	8.007269	nan	nan	nan
OG0001169.24	OG0005772.1	OG0002104.0	OG0000018.289	OG0001402.24
nan	4.670669	nan	nan	nan
OG0001234.24	OG0001339.1	OG0001329.24	OG0000026.45
nan	nan	nan	nan
OG0000010.475	OG0012731.2	OG0000600.26	OG0001000.24	OG0001063.0
nan	8.089136	nan	nan	nan
OG0002024.0	OG0001998.0	OG0001629.5	OG0000001.1420
nan	nan	nan	nan
OG0000054.0	OG0000637.34	OG0001399.24	OG0000906.25
nan	nan	nan	nan
OG0001508.1	OG0001076.24	OG0002054.0	OG0000032.252
nan	nan	nan	nan
OG0000002.1788	OG0000948.24	OG0014691.1	OG0000834.30	OG0001252.1
nan	nan	8.099857	nan	nan
OG0000054.0	OG0000860.24	OG0002055.0	OG0001335.24
nan	nan	nan	nan
OG0002174.0	OG0000038.0	OG0001313.24	OG0001139.24	OG0001617.1
nan	nan	nan	nan	4.640629
OG0007307.2	OG0001122.1	OG0001859.0	OG0001364.24	OG0000012.918
4.710037000000001	nan	nan	nan	nan
OG0000054.0	OG0001394.24	OG0000822.0	OG0002080.0	OG0019409.0
nan	nan	nan	nan	1.238919
OG0001307.24	OG0000026.45	OG0001247.24	OG0016180.0	OG0002058.0
nan	nan	nan	1.447015	nan
OG0000054.0	OG0002051.0	OG0000976.24	OG0006508.0	OG0001553.14
nan	nan	nan	219.8878	nan
OG0000011.1	OG0001246.24	OG0002027.0	OG0001309.24
nan	nan	nan	nan
OG0001085.24	OG0018011.0	OG0002138.0	OG0000830.1	OG0000032.252
nan	nan	nan	nan	nan
OG0012729.10	OG0002252.0	OG0001460.24	OG0000038.0	OG0001649.0
nan	nan	nan	nan	nan
OG0002122.0	OG0008678.1	OG0000002.1788	OG0001456.24	OG0001070.26
nan	4.609723000000001	nan	nan	nan
OG0001246.24	OG0014555.2	OG0002128.0	OG0000001.1420	OG0001184.24
nan	8.136033	nan	nan	nan
OG0001996.0	OG0002096.0	OG0001162.22	OG0000001.1420
nan	nan	nan	nan
OG0002063.0	OG0010970.0	OG0000056.0	OG0001249.1	OG0001263.26
nan	5.381343	nan	nan	nan
OG0002134.0	OG0000861.24	OG0008758.2	OG0000038.0	OG0000853.1
nan	nan	4.638947	nan	nan
OG0000397.30	OG0001244.24	OG0000082.1	OG0012951.0	OG0000415.0
nan	nan	nan	2.041546	nan
OG0000915.28	OG0001584.0	OG0000082.1	OG0001137.24
nan	nan	nan	nan
OG0000816.36	OG0001226.24	OG0001167.24	OG0000082.1
nan	nan	nan	nan
OG0000007.976	OG0002151.0	OG0001382.24	OG0010981.0	OG0001954.0
nan	nan	nan	5.233726	nan
OG0001226.24	OG0000820.2	OG0000678.1	OG0000032.252	OG0011573.0
nan	nan	nan	nan	2.852618
OG0001996.0	OG0001095.25	OG0000615.1	OG0020744.0	OG0000056.0
nan	nan	nan	2.390052	nan
OG0007618.0	OG0000026.45	OG0002036.0	OG0001162.22	OG0001271.1
4.586007	nan	nan	nan	nan
OG0000054.0	OG0002159.0	OG0002174.0	OG0002214.0
nan	nan	nan	nan
OG0000011.1	OG0002083.0	OG0002070.0	OG0001172.24
nan	nan	nan	nan
OG0001149.24	OG0001999.0	OG0000936.24	OG0000056.0
nan	nan	nan	nan
OG0000919.32	OG0000002.1788	OG0001000.24	OG0001319.1
nan	nan	nan	nan
OG0002102.0	OG0001245.24	OG0013173.1	OG0000001.1420	OG0000803.36
nan	nan	nan	nan	nan
OG0000007.976	OG0002102.0	OG0002003.1	OG0001637.1
nan	nan	nan	nan
OG0000002.1788	OG0011000.0	OG0001030.26	OG0002003.1	OG0002070.0
nan	nan	nan	nan	nan
OG0009195.0	OG0000975.0	OG0000002.1788	OG0000860.24	OG0001029.24
5.368678	nan	nan	nan	nan
OG0002050.0	OG0000347.80	OG0001142.24	OG0007932.0	OG0000006.561
nan	nan	nan	4.656426000000001	nan
OG0010628.2	OG0000002.1788	OG0001455.24	OG0000909.26	OG0000518.24
2.4727330000000003	nan	nan	nan	nan
OG0000002.1788	OG0001431.24	OG0018140.2	OG0001801.0	OG0001249.1
nan	nan	1.226525	nan	nan
OG0002130.0	OG0000460.47	OG0016814.0	OG0000700.36	OG0000032.252
nan	nan	3.523428	nan	nan
OG0000007.976	OG0001043.2	OG0001297.24	OG0001859.0
nan	nan	nan	nan
OG0002102.0	OG0016916.0	OG0001247.24	OG0001540.26	OG0000018.289
nan	2.631032	nan	nan	nan
OG0013928.0	OG0002102.0	OG0002244.0	OG0002013.0	OG0000006.561
1.051775	nan	nan	nan	nan
OG0010089.0	OG0001445.24	OG0002252.0	OG0001190.24	OG0000038.0
nan	nan	nan	nan	nan
OG0002067.0	OG0000987.19	OG0001803.6	OG0000012.918
nan	nan	nan	nan
OG0000007.976	OG0001194.24	OG0014802.1	OG0002077.0	OG0000700.36
nan	nan	8.062949	nan	nan
OG0001292.1	OG0001512.12	OG0001397.24	OG0016983.0	OG0000056.0
nan	nan	nan	1.644481	nan
OG0000011.1	OG0002060.0	OG0001364.24	OG0001379.1
nan	nan	nan	nan
OG0001435.1	OG0016127.4	OG0000101.90	OG0000038.0	OG0000976.24
nan	8.051609	nan	nan	nan
OG0001855.4	OG0001553.14	OG0000026.45	OG0020641.0	OG0002233.0
nan	nan	nan	8.164633	nan
OG0001071.1	OG0000011.1	OG0001303.26	OG0001353.24	OG0014675.4
nan	nan	nan	nan	8.098794
OG0020616.0	OG0002225.0	OG0001963.0	OG0000001.1420	OG0000339.0
1.6928159999999999	nan	nan	nan	nan
OG0015777.0	OG0001764.0	OG0000038.0	OG0001865.0	OG0001092.1
1.760548	nan	nan	nan	nan
OG0000000.626	OG0000367.3	OG0000894.25	OG0000001.1420	OG0011934.2
nan	nan	nan	nan	1.8626610000000001
OG0001661.0	OG0002123.0	OG0015368.2	OG0001457.24	OG0000082.1
nan	nan	0.9455804	nan	nan
OG0001772.0	OG0001667.0	OG0000026.45	OG0002097.0
nan	nan	nan	nan
OG0000054.0	OG0001855.4	OG0000588.0	OG0000767.24	OG0016979.0
nan	nan	nan	nan	1.722382
OG0000007.976	OG0001562.24	OG0001235.24	OG0001674.0
nan	nan	nan	nan
OG0001961.2	OG0001418.30	OG0000032.252	OG0001511.22
nan	nan	nan	nan
OG0000054.0	OG0000577.45	OG0001093.24	OG0001480.22	OG0001008.28
nan	2.6238479999999997	nan	nan	nan
OG0001129.24	OG0000026.45	OG0001847.4	OG0014717.1	OG0002057.0
nan	nan	nan	8.189287	nan
OG0007566.10	OG0001409.1	OG0001442.1	OG0002233.0	OG0000012.918
4.535983	nan	nan	nan	nan
OG0001821.4	OG0001516.22	OG0000032.252	OG0000925.1
nan	nan	nan	nan
OG0000054.0	OG0000101.90	OG0002053.0	OG0001078.24
nan	nan	nan	nan
OG0002164.0	OG0020422.0	OG0000865.1	OG0001384.1	OG0000006.561
nan	3.3864589999999994	nan	nan	nan
OG0001502.26	OG0002140.0	OG0000918.1	OG0000276.63	OG0000056.0
nan	nan	nan	4.599342	nan
OG0000054.0	OG0001125.24	OG0002110.0	OG0005497.18	OG0001144.24
nan	nan	nan	2.496177	nan
OG0001937.2	OG0000829.5	OG0001311.5	OG0000012.918	OG0019389.0
nan	nan	nan	nan	1.704636
OG0000054.0	OG0000101.90	OG0001492.24	OG0001210.24	OG0016111.4
nan	nan	nan	nan	8.080962
OG0000529.60	OG0001938.0	OG0001000.24	OG0000018.289	OG0018395.0
nan	nan	nan	nan	1.693604
OG0002222.0	OG0000056.0	OG0002114.0	OG0000453.2
nan	nan	nan	nan
OG0001274.24	OG0002154.0	OG0000181.164	OG0000006.561
nan	nan	nan	nan
OG0002175.0	OG0001032.24	OG0000026.45	OG0000453.2
nan	nan	nan	nan
OG0000909.26	OG0001132.24	OG0017889.0	OG0000675.1	OG0000012.918
nan	nan	nan	nan	nan
OG0000010.475	OG0001447.24	OG0001300.1	OG0000853.1
nan	nan	nan	nan
OG0000054.0	OG0013890.2	OG0002103.0	OG0001885.0	OG0002170.0
nan	2.012912	nan	nan	nan
OG0001936.0	OG0000984.24	OG0000012.918	OG0001063.0
nan	nan	nan	nan
OG0001067.24	OG0000026.45	OG0002236.0	OG0002073.0
nan	nan	nan	nan
OG0000002.1788	OG0017873.2	OG0002053.0	OG0000709.10	OG0001801.0
nan	3.354571	nan	nan	nan
OG0000011.1	OG0001414.24	OG0000377.2	OG0000383.2
nan	nan	nan	nan
OG0001222.24	OG0001352.26	OG0020688.0	OG0000026.45	OG0000833.0
nan	nan	8.055308	nan	nan
OG0016142.4	OG0001661.0	OG0001853.0	OG0001438.24	OG0000082.1
8.087672999999999	nan	nan	nan	nan
OG0016097.1	OG0000638.38	OG0002154.0	OG0001280.24	OG0000006.561
2.1857130000000002	nan	nan	nan	nan
OG0001209.1	OG0001398.24	OG0010533.4	OG0000038.0	OG0001688.16
nan	nan	8.028433999999999	nan	nan
OG0000011.1	OG0001453.1	OG0001859.0	OG0001147.24
nan	nan	nan	nan
OG0000405.0	OG0020586.0	OG0000770.1	OG0000038.0	OG0001305.24
nan	2.180383	nan	nan	nan
OG0001699.1	OG0001218.24	OG0000038.0	OG0012945.3	OG0000270.2
nan	nan	nan	3.3517989999999998	nan
OG0016176.0	OG0002088.0	OG0000011.1	OG0001423.30	OG0001189.24
8.036002	nan	nan	nan	nan
OG0001049.26	OG0000865.1	OG0000367.3	OG0000012.918	OG0004480.1
nan	nan	nan	nan	1.2198209999999998
OG0001439.24	OG0001080.1	OG0019425.0	OG0001674.0	OG0000006.561
nan	nan	1.689923	nan	nan
OG0000007.976	OG0000894.25	OG0001186.24	OG0001304.24
nan	nan	nan	nan
OG0000007.976	OG0000816.36	OG0014752.4	OG0000834.30	OG0000383.2
nan	nan	8.056242999999998	nan	nan
OG0000007.976	OG0001274.24	OG0007024.2	OG0001457.24	OG0000004.33
nan	nan	4.7056260000000005	nan	nan
OG0000007.976	OG0001332.24	OG0001057.24	OG0001462.24	OG0007883.4
nan	nan	nan	nan	4.6395290000000005
OG0002079.0	OG0001082.24	OG0000056.0	OG0000453.2
nan	nan	nan	nan
OG0000054.0	OG0001084.24	OG0001253.24	OG0001387.26
nan	nan	nan	nan
OG0001191.24	OG0001352.26	OG0011357.4	OG0000082.1	OG0000916.24
nan	nan	2.4711849999999997	nan	nan
OG0000011.1	OG0002056.0	OG0000984.24	OG0002038.0
nan	nan	nan	nan
OG0001218.24	OG0002014.0	OG0001764.0	OG0011338.3	OG0000056.0
nan	nan	nan	1.701382	nan
OG0000482.64	OG0001430.24	OG0001332.24	OG0008287.4	OG0000012.918
nan	nan	nan	4.604225	nan
OG0000054.0	OG0001279.24	OG0012087.2	OG0000885.24	OG0001324.24
nan	nan	2.472648	nan	nan
OG0001265.24	OG0008756.0	OG0000010.475	OG0001181.24	OG0001189.24
nan	5.765754	nan	nan	nan
OG0001067.24	OG0002035.0	OG0007613.14	OG0000082.1	OG0001920.0
nan	nan	5.510568	nan	nan
OG0001173.24	OG0001583.18	OG0000278.126	OG0000056.0
nan	nan	nan	nan
OG0002186.0	OG0006903.2	OG0001956.0	OG0000026.45	OG0000946.1
nan	5.521274	nan	nan	nan
OG0000007.976	OG0001813.8	OG0009951.0	OG0000489.0	OG0000738.19
nan	nan	1.553336	nan	nan
OG0001435.1	OG0008040.2	OG0001572.24	OG0000001.1420	OG0001934.0
nan	1.6838240000000002	nan	nan	nan
OG0001173.24	OG0000367.174	OG0001215.24	OG0002089.0	OG0000032.252
nan	1.224104	nan	nan	nan
OG0000010.475	OG0013467.4	OG0000559.30	OG0000453.2	OG0001598.16
nan	8.104643	nan	nan	nan
OG0000007.976	OG0001436.24	OG0000728.24	OG0001291.1
nan	nan	nan	nan
OG0000011.1	OG0002102.0	OG0001130.24	OG0001287.24	OG0009299.6
nan	nan	nan	nan	2.840157
OG0000007.976	OG0000741.0	OG0001635.0	OG0001247.24	OG0011708.0
nan	nan	nan	nan	5.279304
OG0000026.45	OG0000615.1	OG0009296.0	OG0001198.26	OG0001686.0
nan	nan	2.7304209999999998	nan	nan
OG0001953.2	OG0000038.0	OG0002086.0	OG0001637.1	OG0016187.1
nan	nan	nan	nan	8.019223
OG0000982.24	OG0001120.26	OG0001208.24	OG0008266.0	OG0000012.918
nan	nan	nan	5.357007	nan
OG0000002.1788	OG0010043.0	OG0000735.1	OG0001926.0	OG0000543.45
nan	3.469158	nan	nan	nan
OG0001258.24	OG0001735.3	OG0000082.1	OG0000543.45
nan	nan	nan	nan
OG0000007.976	OG0001497.24	OG0001254.24	OG0011653.12	OG0001238.24
nan	nan	nan	nan	nan
OG0000979.1	OG0000002.1788	OG0001270.1	OG0007333.0	OG0000803.36
nan	nan	nan	4.604064	nan
OG0001060.26	OG0000002.1788	OG0001942.0	OG0000504.24	OG0000747.125
nan	nan	nan	nan	3.465622
OG0013945.4	OG0000931.1	OG0001536.0	OG0001324.24	OG0000018.289
1.632409	nan	nan	nan	nan
OG0000002.1788	OG0000578.0	OG0001051.24	OG0001322.24	OG0017883.2
nan	nan	nan	nan	2.51662
OG0000026.45	OG0002005.0	OG0002128.0	OG0001189.24
nan	nan	nan	nan
OG0001581.24	OG0001075.1	OG0008680.0	OG0002141.0	OG0000056.0
nan	nan	4.63709	nan	nan
OG0000730.24	OG0000001.1420	OG0000895.1	OG0001028.24
nan	nan	nan	nan
OG0000497.40	OG0000713.24	OG0007424.1	OG0001086.0	OG0000018.289
nan	nan	2.04623	nan	nan
OG0001340.24	OG0009284.2	OG0002097.0	OG0001235.24	OG0000006.561
nan	3.477324	nan	nan	nan
OG0009303.0	OG0000456.0	OG0001377.24	OG0000056.0	OG0000803.36
5.348112	nan	nan	nan	nan
OG0009195.0	OG0000371.2	OG0000406.0	OG0000018.289	OG0000828.16
5.368678	nan	nan	nan	nan
OG0000011.1	OG0001292.1	OG0001191.24	OG0020606.0	OG0001886.0
nan	nan	nan	2.463885	nan
OG0000741.0	OG0001132.24	OG0000056.0	OG0002153.0
nan	nan	nan	nan
OG0000054.0	OG0000678.1	OG0000562.7	OG0001283.1
nan	nan	nan	nan
OG0000816.36	OG0000011.1	OG0001261.1	OG0000726.25
nan	nan	nan	nan
OG0002211.0	OG0000018.289	OG0000895.1	OG0006983.0	OG0000706.25
nan	nan	nan	5.497029	nan
OG0006878.0	OG0000591.2	OG0001274.24	OG0000299.1	OG0000012.918
1.748304	nan	nan	nan	nan
OG0000847.24	OG0002100.0	OG0000002.1788	OG0015189.0	OG0001422.30
nan	nan	nan	3.512576	nan
OG0002248.0	OG0001403.24	OG0000078.263	OG0020500.0	OG0000018.289
nan	nan	nan	nan	nan
OG0002059.0	OG0020456.0	OG0001584.0	OG0000018.289	OG0001257.24
nan	3.3859519999999996	nan	nan	nan
OG0000002.1788	OG0000032.86	OG0001371.24	OG0012912.2	OG0000884.25
nan	nan	nan	2.507589	nan
OG0000007.976	OG0001357.24	OG0009165.0	OG0002089.0	OG0001567.1
nan	nan	3.1599470000000003	nan	nan
OG0002186.0	OG0001230.26	OG0002103.0	OG0007643.2	OG0000012.918
nan	nan	nan	4.559356	nan
OG0000926.24	OG0001292.1	OG0020430.0	OG0000038.0	OG0000995.5
nan	nan	nan	nan	nan
OG0001933.0	OG0014725.1	OG0001190.24	OG0000056.0	OG0001257.24
nan	8.108008	nan	nan	nan
OG0000054.0	OG0001935.0	OG0002104.0	OG0001275.26	OG0009207.3
nan	nan	nan	nan	4.553766
OG0001343.24	OG0012124.4	OG0001397.24	OG0000032.252	OG0000754.0
nan	1.817023	nan	nan	nan
OG0001399.24	OG0011907.0	OG0001291.1	OG0000001.1420	OG0001934.0
nan	2.484556	nan	nan	nan
OG0001421.30	OG0001278.2	OG0000232.19	OG0020750.0	OG0000012.918
nan	nan	nan	2.41547	nan
OG0001666.14	OG0000011.1	OG0000547.0	OG0000667.13	OG0019409.0
nan	nan	nan	nan	1.238919
OG0000010.475	OG0020528.0	OG0000078.263	OG0001011.1	OG0000863.32
nan	3.3917059999999997	nan	nan	nan
OG0000010.475	OG0001305.24	OG0011391.12	OG0001943.0	OG0001028.24
nan	nan	3.4082550000000005	nan	nan
OG0001087.24	OG0000038.0	OG0001094.26	OG0001321.26	OG0016122.4
nan	nan	nan	nan	8.094818
OG0001376.24	OG0000006.561	OG0001335.24	OG0000828.16	OG0011645.0
nan	nan	nan	nan	2.203836
OG0000011.1	OG0000812.32	OG0020478.0	OG0001636.12	OG0001229.1
nan	nan	3.3972660000000006	nan	nan
OG0001572.24	OG0001078.24	OG0000032.86	OG0000006.561
nan	nan	nan	nan
OG0015166.0	OG0001182.24	OG0000012.918	OG0002038.0	OG0001028.24
2.502569	nan	nan	nan	nan
OG0002002.0	OG0001235.24	OG0010963.0	OG0000012.918	OG0001219.24
nan	nan	4.643413	nan	nan
OG0002056.0	OG0000026.45	OG0001536.0	OG0001880.0
nan	nan	nan	nan
OG0000010.475	OG0001295.24	OG0009886.7	OG0001252.1	OG0002105.0
nan	nan	nan	nan	nan
OG0001395.1	OG0000010.475	OG0000405.0	OG0010904.1	OG0000299.1
nan	nan	nan	2.971269	nan
OG0001430.24	OG0016200.2	OG0002145.0	OG0000863.32	OG0000032.252
nan	nan	nan	nan	nan
OG0000578.0	OG0013582.0	OG0001066.26	OG0002019.0	OG0000012.918
nan	3.4070440000000004	nan	nan	nan
OG0001360.24	OG0002213.0	OG0001583.18	OG0000001.1420
nan	nan	nan	nan
OG0000054.0	OG0000382.41	OG0002099.0	OG0001500.24	OG0014772.1
nan	nan	nan	nan	8.044633000000001
OG0000011.1	OG0001956.0	OG0008679.1	OG0001686.0	OG0001050.0
nan	nan	4.637298	nan	nan
OG0001432.24	OG0002176.0	OG0014693.4	OG0000082.1	OG0001133.24
nan	nan	8.108292	nan	nan
OG0014635.1	OG0002092.0	OG0002133.0	OG0000026.45	OG0000559.30
8.080014	nan	nan	nan	nan
OG0001409.1	OG0002244.0	OG0012909.2	OG0000504.24	OG0000056.0
nan	nan	3.5017160000000005	nan	nan
OG0002211.0	OG0000010.475	OG0001259.24	OG0001959.2
nan	nan	nan	nan
OG0000010.475	OG0013578.4	OG0001030.26	OG0001361.1	OG0000625.28
nan	8.022545	nan	nan	nan
OG0001049.26	OG0000979.1	OG0007268.0	OG0000494.1	OG0000012.918
nan	nan	5.563769000000001	nan	nan
OG0020724.0	OG0002002.0	OG0000002.1788	OG0001442.1	OG0001696.0
8.071155000000001	nan	nan	nan	nan
OG0000010.475	OG0001145.3	OG0001069.28	OG0014717.1	OG0001387.26
nan	nan	nan	8.189287	nan
OG0014735.4	OG0001418.30	OG0002024.0	OG0000001.1420	OG0001736.4
8.105722	nan	nan	nan	nan
OG0020480.0	OG0001699.1	OG0000001.1420	OG0001199.24	OG0002105.0
nan	nan	nan	nan	nan
OG0000010.475	OG0001299.24	OG0001023.7	OG0001236.24	OG0006508.0
nan	nan	nan	nan	219.8878
OG0001416.0	OG0000675.1	OG0000504.24	OG0000056.0
nan	nan	nan	nan
OG0012938.1	OG0000038.0	OG0001130.24	OG0001325.24	OG0000854.30
1.759912	nan	nan	nan	nan
OG0002113.0	OG0001438.24	OG0000001.1420	OG0000858.32
nan	nan	nan	nan
OG0002004.0	OG0000867.24	OG0001244.24	OG0000082.1	OG0014673.4
nan	nan	nan	nan	8.133556
OG0002159.0	OG0000002.1788	OG0011530.4	OG0000809.2	OG0001175.1
nan	nan	4.572351	nan	nan
OG0001032.24	OG0000038.0	OG0000538.0	OG0011686.0	OG0001454.24
nan	nan	nan	5.2942599999999995	nan
OG0000010.475	OG0007334.0	OG0001233.24	OG0000755.4	OG0002105.0
nan	4.591787999999999	nan	nan	nan
OG0000007.976	OG0000347.80	OG0002005.0	OG0000392.72	OG0020529.0
nan	nan	nan	nan	3.380093
OG0001348.24	OG0000953.26	OG0010018.0	OG0000038.0	OG0002103.0
nan	nan	4.647885	nan	nan
OG0001869.2	OG0002210.0	OG0000056.0	OG0010128.0	OG0002321.0
nan	nan	nan	nan	nan
OG0000007.976	OG0002025.0	OG0001011.1	OG0001512.12	OG0014741.4
nan	nan	nan	nan	8.029778
OG0000011.1	OG0000463.51	OG0001235.24	OG0000995.5	OG0011885.0
nan	nan	nan	nan	nan
OG0000011.1	OG0000405.0	OG0001409.1	OG0012760.0	OG0001686.0
nan	nan	nan	1.639386	nan
OG0001148.24	OG0000026.45	OG0000932.26	OG0018435.0	OG0001164.24
nan	nan	nan	nan	nan
OG0009161.0	OG0002027.0	OG0000032.252	OG0001260.24	OG0001070.26
5.298202	nan	nan	nan	nan
OG0000054.0	OG0006968.0	OG0001224.24	OG0001047.26	OG0000884.25
nan	5.511661	nan	nan	nan
OG0000007.976	OG0001039.1	OG0002036.0	OG0000278.126	OG0015185.2
nan	nan	nan	nan	2.013614
OG0000011.1	OG0000926.24	OG0002093.0	OG0010691.4	OG0001132.24
nan	nan	nan	0.8212578000000001	nan
OG0002147.0	OG0000524.1	OG0000012.918	OG0001428.1
nan	nan	nan	nan
OG0000007.976	OG0001479.24	OG0002124.0	OG0001304.24	OG0014806.4
nan	nan	nan	nan	8.055617999999999
OG0000011.1	OG0002109.0	OG0012705.1	OG0001458.24	OG0000621.39
nan	nan	3.0687919999999997	nan	nan
OG0001143.26	OG0001155.24	OG0011133.0	OG0000999.14	OG0000001.1420
nan	nan	0.9545386	nan	nan
OG0000011.1	OG0015161.0	OG0001246.24	OG0001423.30	OG0002033.0
nan	nan	nan	nan	nan
OG0001435.1	OG0000032.252	OG0000828.16	OG0000412.76
nan	nan	nan	nan
OG0000010.475	OG0002085.0	OG0008781.6	OG0001121.24	OG0001883.0
nan	nan	2.187376	nan	nan
OG0000510.30	OG0000006.561	OG0001160.24	OG0001527.7
nan	nan	nan	nan
OG0001463.24	OG0019040.0	OG0001130.24	OG0000018.289	OG0002081.0
nan	2.872809	nan	nan	nan
OG0000765.3	OG0014678.1	OG0001778.24	OG0000006.561	OG0000780.24
nan	8.051665	nan	nan	nan
OG0001243.24	OG0006922.0	OG0001669.0	OG0000006.561	OG0001801.0
nan	5.611993	nan	nan	nan
OG0001077.24	OG0001230.26	OG0000038.0	OG0001066.26
nan	nan	nan	nan
OG0000010.475	OG0001391.24	OG0001434.24	OG0001938.0	OG0013973.0
nan	nan	nan	nan	2.313739
OG0002015.0	OG0001429.24	OG0016916.0	OG0000038.0	OG0001219.24
nan	nan	2.631032	nan	nan
OG0001403.24	OG0000479.1	OG0000002.1788	OG0000548.29
nan	nan	nan	nan
OG0020885.0	OG0002006.0	OG0000082.1	OG0001886.0	OG0001028.24
1.64042	nan	nan	nan	nan
OG0000405.0	OG0008289.10	OG0001541.1	OG0000038.0	OG0001289.1
nan	nan	nan	nan	nan
OG0002050.0	OG0000010.475	OG0001330.24	OG0001963.0	OG0019409.0
nan	nan	nan	nan	1.238919
OG0000010.475	OG0001418.30	OG0006939.0	OG0001051.24	OG0002114.0
nan	nan	5.57748	nan	nan
OG0000054.0	OG0000775.24	OG0000396.79	OG0000993.25	OG0000104.85
nan	nan	nan	nan	1.108009
OG0001103.24	OG0000018.289	OG0001074.2	OG0000609.44
nan	nan	nan	nan
OG0000862.34	OG0001277.24	OG0000032.252	OG0000377.2
nan	nan	nan	nan
OG0012317.2	OG0002332.0	OG0000018.289	OG0001311.5	OG0001141.24
1.740344	nan	nan	nan	nan
OG0007561.6	OG0001096.1	OG0000683.0	OG0000056.0	OG0001422.30
nan	nan	nan	nan	nan
OG0000941.24	OG0001735.3	OG0000513.32	OG0000018.289
nan	nan	nan	nan
OG0001087.24	OG0006926.0	OG0001410.24	OG0000006.561	OG0002071.0
nan	5.258093	nan	nan	nan
OG0000101.90	OG0011986.10	OG0002155.0	OG0000006.561	OG0000826.25
nan	1.273881	nan	nan	nan
OG0000010.475	OG0001540.26	OG0001457.24	OG0000677.1	OG0017954.0
nan	nan	nan	nan	1.923501
OG0000097.1	OG0002154.0	OG0000082.1	OG0014817.2	OG0001674.0
nan	nan	nan	1.933075	nan
OG0000010.475	OG0000776.26	OG0000019.257	OG0001411.26	OG0014669.4
nan	nan	nan	nan	7.980732000000001
OG0001382.24	OG0006199.1	OG0001126.24	OG0002141.0	OG0000001.1420
nan	4.657424	nan	nan	nan
OG0000054.0	OG0001071.1	OG0001231.24	OG0015219.0	OG0002075.0
nan	nan	nan	2.50671	nan
OG0001666.14	OG0002136.0	OG0001538.6	OG0000001.1420	OG0007883.4
nan	nan	nan	nan	4.6395290000000005
OG0000004.888	OG0000002.1788	OG0002006.0	OG0001861.0
nan	nan	nan	nan
OG0001367.24	OG0000002.1788	OG0001661.0	OG0001172.24
nan	nan	nan	nan
OG0001042.5	OG0000010.475	OG0000101.90	OG0017903.2	OG0001462.24
nan	nan	nan	1.725481	nan
OG0001915.0	OG0020747.0	OG0000781.28	OG0000018.289	OG0000609.44
nan	2.389189	nan	nan	nan
OG0020424.0	OG0000018.289	OG0001723.0	OG0000739.15	OG0001172.24
3.3987220000000002	nan	nan	nan	nan
OG0000002.1788	OG0000830.1	OG0001139.24	OG0000894.25
nan	nan	nan	nan
OG0002152.0	OG0001410.24	OG0000018.289	OG0005053.13	OG0000803.36
nan	nan	nan	4.4444300000000005	nan
OG0000405.0	OG0013999.2	OG0002056.0	OG0001636.12	OG0000006.561
nan	2.651924	nan	nan	nan
OG0000007.976	OG0001296.24	OG0001314.1	OG0010657.2	OG0002161.0
nan	nan	nan	nan	nan
OG0011327.4	OG0002135.0	OG0000577.54	OG0001371.24	OG0000056.0
2.3867580000000004	nan	nan	nan	nan
OG0001550.0	OG0001081.24	OG0000056.0	OG0000369.1	OG0011934.2
nan	nan	nan	nan	1.8626610000000001
OG0000054.0	OG0000765.3	OG0000441.96	OG0000704.0
nan	nan	nan	nan
OG0016059.0	OG0002083.0	OG0001420.22	OG0000082.1	OG0001483.24
0.9474553	nan	nan	nan	nan
OG0002252.0	OG0014676.4	OG0001885.0	OG0000032.252	OG0000518.24
nan	8.103572	nan	nan	nan
OG0011248.0	OG0000010.475	OG0001086.0	OG0001870.2	OG0000323.43
2.81338	nan	nan	nan	nan
OG0001301.24	OG0018394.0	OG0000026.45	OG0001512.12	OG0001384.1
nan	1.69655	nan	nan	nan
OG0001179.24	OG0000011.1	OG0013542.6	OG0001374.1	OG0001943.0
nan	nan	2.19697	nan	nan
OG0000054.0	OG0001947.0	OG0013565.5	OG0001132.24	OG0002141.0
nan	nan	8.071701	nan	nan
OG0001471.24	OG0001043.2	OG0001429.24	OG0000026.45
nan	nan	nan	nan
OG0000002.1788	OG0001405.24	OG0001069.28	OG0006911.3	OG0001210.24
nan	nan	nan	4.625182	nan
OG0001486.1	OG0002042.0	OG0000082.1	OG0002007.0
nan	nan	nan	nan
OG0007651.0	OG0000678.1	OG0000441.96	OG0001997.0	OG0000056.0
5.284628	nan	nan	nan	nan
OG0001367.24	OG0000026.45	OG0002098.0	OG0002058.0
nan	nan	nan	nan
OG0010847.0	OG0001859.0	OG0000889.0	OG0000018.289	OG0001118.24
5.3349779999999996	nan	nan	nan	nan
OG0011914.6	OG0000941.24	OG0001122.1	OG0001009.24	OG0000001.1420
8.139536999999999	nan	nan	nan	nan
OG0000002.1788	OG0002124.0	OG0001275.26	OG0001242.28	OG0013599.5
nan	nan	nan	nan	8.209369
OG0007940.2	OG0000664.3	OG0002017.0	OG0000863.32	OG0000082.1
4.575556	nan	nan	nan	nan
OG0020750.0	OG0001140.24	OG0001057.24	OG0000056.0	OG0001180.24
2.41547	nan	nan	nan	nan
OG0001921.0	OG0001375.24	OG0016273.0	OG0002080.0	OG0000012.918
nan	nan	2.6434849999999996	nan	nan
OG0001191.24	OG0000724.26	OG0000056.0	OG0002108.0	OG0013887.2
nan	nan	nan	nan	2.0679060000000002
OG0001819.6	OG0014638.1	OG0000038.0	OG0001160.24	OG0001135.4
nan	8.151494999999999	nan	nan	nan
OG0001142.24	OG0001914.4	OG0001452.24	OG0006678.4	OG0000082.1
nan	nan	nan	4.61372	nan
OG0000011.1	OG0001938.0	OG0007621.8	OG0001372.24	OG0000165.49
nan	nan	4.663476	nan	nan
OG0000007.976	OG0000846.25	OG0010045.0	OG0000920.27	OG0002082.0
nan	nan	5.315638	nan	nan
OG0001196.1	OG0000236.122	OG0000038.0	OG0002061.0
nan	nan	nan	nan
OG0001417.24	OG0000816.36	OG0000038.0	OG0002073.0	OG0008268.0
nan	nan	nan	nan	5.31757
OG0002040.0	OG0001054.1	OG0001371.24	OG0000032.252	OG0013887.2
nan	nan	nan	nan	2.0679060000000002
OG0012660.2	OG0002231.0	OG0002129.0	OG0002086.0	OG0000018.289
8.060410000000001	nan	nan	nan	nan
OG0000372.92	OG0000152.31	OG0005476.18	OG0000018.289	OG0000986.24
nan	nan	8.009817	nan	nan
OG0001429.24	OG0001953.2	OG0001462.24	OG0000056.0	OG0020468.0
nan	nan	nan	nan	3.3668169999999997
OG0000684.0	OG0000012.918	OG0001958.0	OG0001028.24
nan	nan	nan	nan
OG0001234.24	OG0002066.0	OG0012660.2	OG0000038.0	OG0001336.24
nan	nan	8.060410000000001	nan	nan
OG0000054.0	OG0017078.2	OG0002008.0	OG0000735.1	OG0001244.24
nan	1.57149	nan	nan	nan
OG0000002.1788	OG0017978.2	OG0001233.24	OG0000563.47	OG0001028.24
nan	8.105549	nan	nan	nan
OG0001071.1	OG0001373.1	OG0001081.24	OG0004634.3	OG0000082.1
nan	nan	nan	4.572321	nan
OG0010149.0	OG0001870.2	OG0001087.24	OG0000438.1	OG0000018.289
2.0889759999999997	nan	nan	nan	nan
OG0000054.0	OG0000501.29	OG0000209.146	OG0000369.1
nan	nan	nan	nan
OG0000002.1788	OG0015151.0	OG0001452.24	OG0000833.0	OG0001419.3
nan	nan	nan	nan	nan
OG0002124.0	OG0002041.0	OG0001993.0	OG0014718.0	OG0000056.0
nan	nan	nan	8.161831	nan
OG0000007.976	OG0002172.0	OG0001096.1	OG0002041.0	OG0014720.2
nan	nan	nan	nan	nan
OG0001586.3	OG0016066.0	OG0001082.24	OG0001462.24	OG0000012.918
nan	1.624584	nan	nan	nan
OG0000054.0	OG0002130.0	OG0000933.24	OG0001512.12
nan	nan	nan	nan
OG0000007.976	OG0001408.24	OG0007658.2	OG0001053.24	OG0001118.24
nan	nan	4.607003	nan	nan
OG0001067.24	OG0000010.475	OG0002107.0	OG0009193.0	OG0002081.0
nan	nan	nan	5.271819	nan
OG0002165.0	OG0000082.1	OG0000339.0	OG0001063.0
nan	nan	nan	nan
OG0002035.0	OG0000010.475	OG0001134.24	OG0017888.0	OG0000709.10
nan	nan	nan	1.170895	nan
OG0000097.1	OG0001868.2	OG0015224.0	OG0000018.289	OG0000455.62
nan	nan	3.468168	nan	nan
OG0000931.1	OG0000639.0	OG0000056.0	OG0014747.1	OG0001100.24
nan	nan	nan	8.063079	nan
OG0000011.1	OG0001340.24	OG0001008.28	OG0002167.0
nan	nan	nan	nan
OG0001179.24	OG0000097.1	OG0006062.24	OG0001186.24	OG0000006.561
nan	nan	2.503961	nan	nan
OG0001516.22	OG0000815.24	OG0012950.0	OG0000082.1	OG0002292.0
nan	nan	2.075132	nan	nan
OG0002075.0	OG0001865.0	OG0000831.11	OG0000012.918	OG0000000.585
nan	nan	nan	nan	5.9765489999999994
OG0000482.64	OG0001447.24	OG0001038.1	OG0000032.252
nan	nan	nan	nan
OG0000929.1	OG0000861.24	OG0000936.24	OG0000006.561
nan	nan	nan	nan
OG0000591.2	OG0015411.0	OG0001162.22	OG0000006.561	OG0000974.2
nan	2.012089	nan	nan	nan
OG0000413.2	OG0008678.1	OG0000012.918	OG0001255.26	OG0000537.8
nan	4.609723000000001	nan	nan	nan
OG0001453.1	OG0017933.2	OG0001101.24	OG0002176.0	OG0000032.252
nan	1.655411	nan	nan	nan
OG0000026.45	OG0001128.24	OG0000900.25	OG0000360.67	OG0016180.0
nan	nan	nan	nan	1.447015
OG0002084.0	OG0000026.45	OG0000863.32	OG0001167.24
nan	nan	nan	nan
OG0001868.2	OG0001452.24	OG0000001.1420	OG0015246.3	OG0000850.12
nan	nan	nan	2.644419	nan
OG0000847.24	OG0001795.0	OG0000001.1420	OG0000699.1
nan	nan	nan	nan
OG0014636.1	OG0000479.1	OG0002097.0	OG0000082.1	OG0001926.0
8.077577999999999	nan	nan	nan	nan
OG0000004.888	OG0001937.2	OG0000026.45	OG0015224.0	OG0002236.0
nan	nan	nan	3.468168	nan
OG0002146.0	OG0001996.0	OG0008680.0	OG0000012.918	OG0001448.24
nan	nan	4.63709	nan	nan
OG0000567.0	OG0001080.1	OG0016206.4	OG0000082.1	OG0000992.0
nan	nan	8.111765	nan	nan
OG0000945.1	OG0001666.14	OG0008781.6	OG0000577.54	OG0000001.1420
nan	nan	2.187376	nan	nan
OG0008680.0	OG0000789.1	OG0001175.1	OG0001302.24	OG0000012.918
4.63709	nan	nan	nan	nan
OG0002031.0	OG0000562.130	OG0001517.22	OG0000592.34	OG0000006.561
nan	3.4147019999999997	nan	nan	nan
OG0000702.24	OG0001145.3	OG0001129.24	OG0000001.1420	OG0020435.0
nan	nan	nan	nan	3.3800730000000003
OG0001299.24	OG0002210.0	OG0013860.0	OG0000012.918	OG0000706.25
nan	nan	1.9536790000000002	nan	nan
OG0010131.2	OG0001085.24	OG0000018.289	OG0001849.0	OG0000962.24
4.583208	nan	nan	nan	nan
OG0000054.0	OG0006950.4	OG0001853.0	OG0001305.24	OG0000247.29
nan	4.677226	nan	nan	nan
OG0000797.20	OG0001148.24	OG0006933.0	OG0001057.24	OG0000006.561
nan	nan	5.468687	nan	nan
OG0000010.475	OG0000820.2	OG0000397.30	OG0000831.11	OG0012725.2
nan	nan	nan	nan	8.099346
OG0000007.976	OG0001666.14	OG0001368.24	OG0009139.0	OG0002203.0
nan	nan	nan	5.278424	nan
OG0000698.19	OG0015323.0	OG0001181.24	OG0001283.1	OG0000001.1420
nan	2.60449	nan	nan	nan
OG0001403.24	OG0001414.24	OG0001723.0	OG0000006.561	OG0000624.160
nan	nan	nan	nan	0.9536329
OG0013491.2	OG0001288.1	OG0001480.22	OG0001174.24	OG0000006.561
nan	nan	nan	nan	nan
OG0013549.2	OG0001845.2	OG0001943.0	OG0000056.0	OG0001257.24
3.3708980000000004	nan	nan	nan	nan
OG0001413.1	OG0001120.26	OG0001054.1	OG0000056.0
nan	nan	nan	nan
OG0000736.0	OG0005332.0	OG0002123.0	OG0000001.1420	OG0002081.0
nan	3.158189	nan	nan	nan
OG0001061.24	OG0001495.2	OG0009987.2	OG0000735.1	OG0000018.289
nan	nan	4.63932	nan	nan
OG0001386.24	OG0000026.45	OG0001124.24	OG0001723.0	OG0020756.0
nan	nan	nan	nan	nan
OG0000010.475	OG0000914.30	OG0001051.24	OG0000814.1
nan	nan	nan	nan
OG0001228.1	OG0001868.2	OG0002110.0	OG0000082.1	OG0008725.7
nan	nan	nan	nan	3.4004870000000005
OG0001961.2	OG0000704.0	OG0000026.45	OG0000278.126	OG0013483.4
nan	nan	nan	nan	8.17417
OG0001169.24	OG0000002.1788	OG0000386.0	OG0001184.24
nan	nan	nan	nan
OG0001921.0	OG0002158.0	OG0008246.0	OG0000018.289	OG0000990.0
nan	nan	5.338203	nan	nan
OG0001550.0	OG0007327.2	OG0001331.24	OG0000889.0	OG0000001.1420
nan	4.631814	nan	nan	nan
OG0002045.0	OG0000635.48	OG0000082.1	OG0000592.34	OG0013450.0
nan	nan	nan	nan	nan
OG0001299.24	OG0001292.1	OG0000026.45	OG0002161.0
nan	nan	nan	nan
OG0001936.0	OG0006972.4	OG0000784.0	OG0000010.475	OG0000730.24
nan	4.597605000000001	nan	nan	nan
OG0013553.2	OG0001538.6	OG0001414.24	OG0001066.26	OG0000032.252
3.417828	nan	nan	nan	nan
OG0000002.1788	OG0001583.18	OG0000538.0	OG0012638.0	OG0001050.0
nan	nan	nan	nan	nan
OG0001445.24	OG0015411.0	OG0001880.0	OG0000006.561	OG0001160.24
nan	2.012089	nan	nan	nan
OG0001039.1	OG0001878.2	OG0000032.252	OG0001184.24	OG0014016.2
nan	nan	nan	nan	1.694446
OG0000010.475	OG0000371.2	OG0001125.24	OG0001227.24
nan	nan	nan	nan
OG0000011.1	OG0016916.0	OG0001161.24	OG0000738.19	OG0000828.16
nan	2.631032	nan	nan	nan
OG0001337.24	OG0001129.24	OG0007601.0	OG0000018.289	OG0001883.0
nan	nan	4.610297	nan	nan
OG0000007.976	OG0015247.2	OG0000813.1	OG0001154.24	OG0000611.0
nan	2.60508	nan	nan	nan
OG0001068.1	OG0007094.3	OG0000038.0	OG0001669.0	OG0001387.26
nan	8.141758	nan	nan	nan
OG0000054.0	OG0000632.24	OG0013036.2	OG0001231.24	OG0001059.24
nan	nan	2.0360400000000003	nan	nan
OG0000547.0	OG0000124.2	OG0001943.0	OG0000012.918	OG0010956.0
nan	nan	nan	nan	5.299005
OG0001297.24	OG0016215.0	OG0000001.1420	OG0001539.22	OG0001263.26
nan	2.383107	nan	nan	nan
OG0002012.0	OG0000011.1	OG0001216.24	OG0018042.2	OG0002087.0
nan	nan	nan	8.006369	nan
OG0000011.1	OG0002244.0	OG0000726.25	OG0002041.0	OG0012760.0
nan	nan	nan	nan	1.639386
OG0001846.4	OG0000427.25	OG0000018.289	OG0001111.22	OG0001617.1
nan	nan	nan	nan	4.640629
OG0002248.0	OG0002018.0	OG0000026.45	OG0002103.0
nan	nan	nan	nan
OG0017078.2	OG0001420.22	OG0001412.1	OG0002051.0	OG0000056.0
1.57149	nan	nan	nan	nan
OG0000010.475	OG0001956.0	OG0002158.0	OG0001031.24
nan	nan	nan	nan
OG0000054.0	OG0001001.1	OG0001169.24	OG0002015.0	OG0009229.0
nan	nan	nan	nan	5.322604
OG0000010.475	OG0002084.0	OG0002027.0	OG0001028.24
nan	nan	nan	nan
OG0014745.2	OG0000861.24	OG0002120.0	OG0000012.918	OG0000739.15
8.062392	nan	nan	nan	nan
OG0001129.24	OG0013582.0	OG0000728.24	OG0001865.0	OG0000056.0
nan	3.4070440000000004	nan	nan	nan
OG0009098.2	OG0001086.0	OG0002148.0	OG0000001.1420	OG0001287.24
1.734304	nan	nan	nan	nan
OG0000011.1	OG0001363.24	OG0010996.0	OG0001517.22	OG0000747.2
nan	nan	5.324085	nan	nan
OG0001421.30	OG0010159.0	OG0002147.0	OG0000026.45	OG0001210.24
nan	5.261341000000001	nan	nan	nan
OG0000000.3	OG0001963.0	OG0000001.1420	OG0001052.26
nan	nan	nan	nan
OG0000393.0	OG0001280.24	OG0000245.1	OG0000056.0	OG0000683.0
nan	nan	2.06806	nan	nan
OG0001432.24	OG0001434.24	OG0000421.80	OG0000012.918
nan	nan	nan	nan
OG0001412.1	OG0000038.0	OG0006933.0	OG0000559.30	OG0001454.24
nan	nan	5.468687	nan	nan
OG0014636.1	OG0001363.24	OG0000038.0	OG0001423.30	OG0001156.1
8.077577999999999	nan	nan	nan	nan
OG0000010.475	OG0013485.8	OG0001384.1	OG0000539.1	OG0002170.0
nan	2.516715	nan	nan	nan
OG0001447.24	OG0001082.24	OG0000392.72	OG0010656.0	OG0000001.1420
nan	nan	nan	1.551305	nan
OG0001080.1	OG0001046.24	OG0000082.1	OG0001141.24
nan	nan	nan	nan
OG0001043.2	OG0001150.24	OG0002086.0	OG0000082.1
nan	nan	nan	nan
OG0001933.0	OG0001403.24	OG0013479.7	OG0001183.1	OG0000006.561
nan	nan	1.837422	nan	nan
OG0010847.0	OG0000002.1788	OG0001269.1	OG0001594.1	OG0002167.0
5.3349779999999996	nan	nan	nan	nan
OG0012152.6	OG0001764.0	OG0000026.45	OG0000556.30	OG0002145.0
2.142994	nan	nan	nan	nan
OG0000011.1	OG0001322.24	OG0002036.0	OG0001507.1	OG0014806.4
nan	nan	nan	nan	8.055617999999999
OG0002066.0	OG0017880.2	OG0000002.1788	OG0001848.0	OG0001947.0
nan	2.512236	nan	nan	nan
OG0000054.0	OG0001077.24	OG0001429.24	OG0000396.25	OG0001381.24
nan	nan	nan	4.549869	nan
OG0000428.54	OG0000662.1	OG0001325.24	OG0000018.289	OG0009137.2
nan	nan	nan	nan	1.5099
OG0001208.24	OG0001045.24	OG0000863.32	OG0000056.0	OG0009229.0
nan	nan	nan	nan	5.322604
OG0002146.0	OG0001386.24	OG0001427.24	OG0013942.2	OG0000056.0
nan	nan	nan	0.9598327	nan
OG0001460.24	OG0001122.1	OG0001331.24	OG0000038.0	OG0008689.8
nan	nan	nan	nan	4.668872
OG0001049.26	OG0001124.24	OG0000001.1420	OG0011710.0	OG0001628.0
nan	nan	nan	5.333591	nan
OG0000620.56	OG0017947.0	OG0000994.2	OG0001956.0	OG0000056.0
nan	2.169734	nan	nan	nan
OG0000054.0	OG0001445.24	OG0002166.0	OG0001183.1
nan	nan	nan	nan
OG0010159.0	OG0001246.24	OG0001138.24	OG0000018.289	OG0001180.24
5.261341000000001	nan	nan	nan	nan
OG0000010.475	OG0000516.6	OG0001355.24	OG0001336.24	OG0012908.0
nan	nan	nan	nan	2.085582
OG0000002.1788	OG0001128.24	OG0015285.2	OG0002070.0	OG0001321.26
nan	nan	2.646719	nan	nan
OG0020626.0	OG0001081.24	OG0002319.0	OG0001182.24	OG0000006.561
8.071608	nan	nan	nan	nan
OG0015995.2	OG0000026.45	OG0001011.1	OG0001718.1	OG0000510.30
nan	nan	nan	nan	nan
OG0001417.24	OG0000038.0	OG0006999.0	OG0001379.1	OG0002312.0
nan	nan	5.552825	nan	nan
OG0001853.0	OG0000933.24	OG0008077.22	OG0000056.0	OG0002038.0
nan	nan	5.4461260000000005	nan	nan
OG0001869.2	OG0001865.0	OG0000032.252	OG0000580.32
nan	nan	nan	nan
OG0001261.1	OG0002091.0	OG0000026.45	OG0001125.24
nan	nan	nan	nan
OG0002067.0	OG0000011.1	OG0001441.1	OG0016000.4	OG0000995.5
nan	nan	nan	2.405585	nan
OG0000002.1788	OG0002163.0	OG0000562.130	OG0001311.5	OG0000993.25
nan	nan	3.4147019999999997	nan	nan
OG0000054.0	OG0012214.4	OG0001274.24	OG0002085.0	OG0001917.0
nan	0.9369254000000001	nan	nan	nan
OG0000101.90	OG0015224.0	OG0001457.24	OG0000056.0	OG0000928.30
nan	3.468168	nan	nan	nan
OG0002035.0	OG0001312.1	OG0017887.0	OG0000427.25	OG0000006.561
nan	nan	1.185786	nan	nan
OG0000010.475	OG0002063.0	OG0002031.0	OG0014001.2	OG0000152.31
nan	nan	nan	nan	nan
OG0001352.26	OG0001203.24	OG0001324.24	OG0000001.1420
nan	nan	nan	nan
OG0001513.24	OG0001186.24	OG0000082.1	OG0001959.2	OG0020435.0
nan	nan	nan	nan	3.3800730000000003
OG0016199.2	OG0000938.24	OG0001272.24	OG0002034.0	OG0000082.1
7.9918759999999995	nan	nan	nan	nan
OG0000054.0	OG0001927.0	OG0001349.1	OG0001383.24	OG0014653.1
nan	nan	nan	nan	8.117696
OG0000054.0	OG0002072.0	OG0013576.5	OG0002000.0	OG0001016.1
nan	nan	8.084611	nan	nan
OG0000236.122	OG0002118.0	OG0002332.0	OG0009165.0	OG0000012.918
nan	nan	nan	3.1599470000000003	nan
OG0015220.0	OG0001001.1	OG0000002.1788	OG0001132.24	OG0001210.24
2.087699	nan	nan	nan	nan
OG0001409.1	OG0000026.45	OG0001178.24	OG0006761.1	OG0002009.0
nan	nan	nan	4.625821	nan
OG0002042.0	OG0002041.0	OG0000619.52	OG0000032.252
nan	nan	nan	nan
OG0001376.24	OG0001427.24	OG0000946.1	OG0000012.918	OG0017855.2
nan	nan	nan	nan	3.3714169999999997
OG0000010.475	OG0002041.0	OG0001629.5	OG0001427.24
nan	nan	nan	nan
OG0002066.0	OG0001440.24	OG0001151.26	OG0000082.1	OG0018478.0
nan	nan	nan	nan	1.442575
OG0000011.1	OG0002074.0	OG0001239.26	OG0001210.24
nan	nan	nan	nan
OG0001406.24	OG0000026.45	OG0001397.24	OG0001392.24
nan	nan	nan	nan
OG0001367.24	OG0001194.24	OG0002174.0	OG0014816.4	OG0000056.0
nan	nan	nan	0.9637954	nan
OG0014676.4	OG0002106.0	OG0002087.0	OG0000032.252	OG0001943.0
8.103572	nan	nan	nan	nan
OG0001173.24	OG0000082.1	OG0001945.2	OG0002094.0
nan	nan	nan	nan
OG0000130.3	OG0001218.24	OG0000983.28	OG0001154.24	OG0000006.561
3.4382629999999996	nan	nan	nan	nan
OG0000482.64	OG0000714.29	OG0001224.24	OG0000006.561	OG0014742.1
nan	nan	nan	nan	7.969417999999999
OG0002164.0	OG0001863.0	OG0000038.0	OG0020744.0	OG0002203.0
nan	nan	nan	2.390052	nan
OG0001439.24	OG0001376.24	OG0000038.0	OG0000794.20
nan	nan	nan	nan
OG0001421.30	OG0002091.0	OG0000082.1	OG0001016.1
nan	nan	nan	nan
OG0001258.24	OG0000082.1	OG0001105.24	OG0000930.24
nan	nan	nan	nan
OG0002069.0	OG0002139.0	OG0000026.45	OG0002109.0
nan	nan	nan	nan
OG0000007.976	OG0000994.2	OG0002119.0	OG0001951.0
nan	nan	nan	nan
OG0002135.0	OG0001269.1	OG0001124.24	OG0000082.1
nan	nan	nan	nan
OG0001562.24	OG0013542.6	OG0001271.1	OG0000056.0	OG0001263.26
nan	2.19697	nan	nan	nan
OG0020586.0	OG0001247.24	OG0000001.1420	OG0001567.1	OG0002023.0
2.180383	nan	nan	nan	nan
OG0014637.1	OG0002031.0	OG0001292.1	OG0002118.0	OG0000006.561
7.9795110000000005	nan	nan	nan	nan
OG0000497.40	OG0002162.0	OG0004775.6	OG0000082.1	OG0001877.0
nan	nan	4.637613	nan	nan
OG0000867.24	OG0002174.0	OG0001246.24	OG0000012.918
nan	nan	nan	nan
OG0000026.45	OG0001215.24	OG0002169.0	OG0001419.3	OG0004541.9
nan	nan	nan	nan	4.6436209999999996
OG0000011.1	OG0007266.2	OG0000983.28	OG0000993.25	OG0002167.0
nan	4.641717	nan	nan	nan
OG0000010.475	OG0000931.1	OG0000738.19	OG0001636.12	OG0012908.0
nan	nan	nan	nan	2.085582
OG0016983.0	OG0000908.24	OG0001820.0	OG0000006.561	OG0001392.24
1.644481	nan	nan	nan	nan
OG0001495.2	OG0002048.0	OG0000771.24	OG0000018.289
nan	nan	nan	nan
OG0001082.24	OG0000032.252	OG0000645.36	OG0002023.0
nan	nan	nan	nan
OG0001037.26	OG0001128.24	OG0000018.289	OG0001883.0	OG0019374.0
nan	nan	nan	nan	nan
OG0000054.0	OG0000862.34	OG0002233.0	OG0002010.0
nan	nan	nan	nan
OG0001003.24	OG0002051.0	OG0001942.0	OG0013291.0	OG0000001.1420
nan	nan	nan	4.620391000000001	nan
OG0000562.7	OG0001512.12	OG0000038.0	OG0006575.1	OG0002065.0
nan	nan	nan	3.269247	nan
OG0015363.2	OG0000919.32	OG0000512.25	OG0000738.19	OG0000006.561
1.314725	nan	nan	nan	nan
OG0000935.24	OG0000000.3	OG0000038.0	OG0001331.24
nan	nan	nan	nan
OG0001278.2	OG0001732.10	OG0000001.1420	OG0014672.2	OG0000930.24
nan	nan	nan	8.135032	nan
OG0001996.0	OG0000002.1788	OG0010665.0	OG0000983.28	OG0001273.24
nan	nan	43.98301	nan	nan
OG0000010.475	OG0001149.24	OG0001995.0	OG0000411.0
nan	nan	nan	nan
OG0000011.1	OG0002027.0	OG0001285.1	OG0001516.22	OG0006914.0
nan	nan	nan	nan	5.61953
OG0001586.3	OG0001235.24	OG0001182.24	OG0000056.0
nan	nan	nan	nan
OG0000054.0	OG0000000.503	OG0000032.86	OG0001926.0	OG0000906.25
nan	4.580119	nan	nan	nan
OG0001505.24	OG0001472.0	OG0000006.561	OG0002057.0
nan	nan	nan	nan
OG0000054.0	OG0001054.1	OG0000906.25	OG0001649.0
nan	nan	nan	nan
OG0001376.24	OG0001407.24	OG0020460.0	OG0000082.1	OG0001252.1
nan	nan	nan	nan	nan
OG0000002.1788	OG0000860.24	OG0001412.1	OG0001737.0
nan	nan	nan	nan
OG0000002.1788	OG0000902.24	OG0009181.4	OG0001252.1	OG0002120.0
nan	nan	4.587891	nan	nan
OG0002004.0	OG0001360.24	OG0006670.0	OG0001868.2	OG0000001.1420
nan	nan	215.5374	nan	nan
OG0000026.45	OG0002051.0	OG0001457.24	OG0002292.0
nan	nan	nan	nan
OG0000919.32	OG0001124.24	OG0000018.289	OG0002009.0
nan	nan	nan	nan
OG0001514.22	OG0005735.1	OG0001373.1	OG0000032.252	OG0001846.4
nan	2.827127	nan	nan	nan
OG0000010.475	OG0002130.0	OG0002162.0	OG0001381.24	OG0010160.0
nan	nan	nan	nan	5.363630000000001
OG0000011.1	OG0002072.0	OG0001480.22	OG0014751.4	OG0000780.24
nan	nan	nan	7.978978	nan
OG0000765.3	OG0001220.24	OG0007922.2	OG0000018.289	OG0001734.7
nan	nan	4.5237739999999995	nan	nan
OG0000011.1	OG0001491.1	OG0002222.0	OG0002003.1	OG0007320.10
nan	nan	nan	nan	4.603475
OG0000097.1	OG0001444.1	OG0001161.24	OG0000018.289	OG0020848.0
nan	nan	nan	nan	1.244426
OG0000663.26	OG0000002.1788	OG0000741.0	OG0001239.26	OG0017888.0
nan	nan	nan	nan	1.170895
OG0000007.976	OG0011248.0	OG0001461.24	OG0001916.0	OG0001943.0
nan	2.81338	nan	nan	nan
OG0000007.976	OG0001397.24	OG0012725.2	OG0001189.24	OG0000004.33
nan	nan	8.099346	nan	nan
OG0011327.4	OG0001798.0	OG0000925.1	OG0000012.918	OG0002073.0
2.3867580000000004	nan	nan	nan	nan
OG0001491.1	OG0000026.45	OG0000885.24	OG0014660.0	OG0000913.30
nan	nan	nan	nan	nan
OG0000501.29	OG0001380.24	OG0000038.0	OG0001553.14
nan	nan	nan	nan
OG0000007.976	OG0001453.1	OG0001170.24	OG0018069.2	OG0002105.0
nan	nan	nan	7.99523	nan
OG0000002.1788	OG0010144.0	OG0002044.0	OG0000900.25	OG0001271.1
nan	5.678082	nan	nan	nan
OG0001150.24	OG0000000.3	OG0000002.1788	OG0000019.257	OG0007253.14
nan	nan	nan	nan	5.330247
OG0001329.24	OG0001507.1	OG0016998.2	OG0000001.1420	OG0001284.24
nan	nan	3.335638	nan	nan
OG0001352.26	OG0010904.1	OG0001331.24	OG0000082.1	OG0001289.1
nan	2.971269	nan	nan	nan
OG0013491.2	OG0001376.24	OG0000242.29	OG0000018.289	OG0001446.24
nan	nan	nan	nan	nan
OG0000007.976	OG0000603.1	OG0002034.0	OG0000803.36
nan	nan	nan	nan
OG0000165.172	OG0000011.1	OG0001349.1	OG0001502.26
nan	nan	nan	nan
OG0000054.0	OG0000847.24	OG0001312.1	OG0000427.25
nan	nan	nan	nan
OG0000054.0	OG0001996.0	OG0000727.24	OG0000684.0
nan	nan	nan	nan
OG0017010.0	OG0001111.22	OG0001224.24	OG0000006.561	OG0000609.44
0.9715067	nan	nan	nan	nan
OG0001012.4	OG0000026.45	OG0013543.0	OG0000985.26	OG0000728.24
nan	nan	1.250175	nan	nan
OG0000007.976	OG0001550.0	OG0000941.24	OG0016020.3	OG0001450.26
nan	nan	nan	3.3458330000000003	nan
OG0002175.0	OG0014794.1	OG0001261.1	OG0000038.0	OG0001737.0
nan	8.088898	nan	nan	nan
OG0000010.475	OG0001040.1	OG0002078.0	OG0001886.0	OG0009278.2
nan	nan	nan	nan	1.103198
OG0001417.24	OG0000026.45	OG0017957.0	OG0001404.24	OG0001257.24
nan	nan	1.955887	nan	nan
OG0001315.24	OG0000018.289	OG0001628.0	OG0001205.24
nan	nan	nan	nan
OG0001085.24	OG0000002.1788	OG0013549.2	OG0000524.1	OG0000893.3
nan	nan	3.3708980000000004	nan	nan
OG0002059.0	OG0001338.24	OG0002047.0	OG0000032.252
nan	nan	nan	nan
OG0006905.0	OG0001586.3	OG0001209.1	OG0000006.561	OG0001100.24
5.624974	nan	nan	nan	nan
OG0000007.976	OG0000867.24	OG0001431.24	OG0013483.4	OG0001224.24
nan	nan	nan	8.17417	nan
OG0000002.1788	OG0001230.26	OG0000824.24	OG0000494.1
nan	nan	nan	nan
OG0002100.0	OG0001151.26	OG0001941.0	OG0000032.252
nan	nan	nan	nan
OG0000054.0	OG0002040.0	OG0001820.0	OG0001723.0
nan	nan	nan	nan
OG0001278.2	OG0000579.24	OG0000082.1	OG0000709.10
nan	nan	nan	nan
OG0001996.0	OG0012096.4	OG0001288.1	OG0000038.0	OG0000917.1
nan	1.61676	nan	nan	nan
OG0007675.0	OG0001143.26	OG0001069.28	OG0000001.1420	OG0001257.24
nan	nan	nan	nan	nan
OG0011328.4	OG0000002.1788	OG0002115.0	OG0000886.24	OG0000942.24
2.379511	nan	nan	nan	nan
OG0000000.503	OG0000637.34	OG0000948.24	OG0000001.1420	OG0000004.33
4.580119	nan	nan	nan	nan
OG0002022.0	OG0002214.0	OG0001381.24	OG0000012.918
nan	nan	nan	nan
OG0000007.976	OG0001415.1	OG0001915.0	OG0000901.0
nan	nan	nan	nan
OG0000011.1	OG0000643.24	OG0001754.102	OG0000635.48	OG0001629.5
nan	nan	4.560313	nan	nan
OG0001994.0	OG0013452.0	OG0000588.0	OG0002032.0	OG0000012.918
nan	2.192516	nan	nan	nan
OG0001961.2	OG0001157.1	OG0000700.36	OG0000001.1420
nan	nan	nan	nan
OG0001994.0	OG0000011.1	OG0000935.24	OG0000769.0	OG0011984.6
nan	nan	nan	nan	8.109716
OG0000054.0	OG0002085.0	OG0001959.2	OG0001801.0
nan	nan	nan	nan
OG0000054.0	OG0000591.2	OG0001442.1	OG0001100.24
nan	nan	nan	nan
OG0000007.976	OG0016156.0	OG0001301.24	OG0000427.25	OG0002169.0
nan	8.119765	nan	nan	nan
OG0001463.24	OG0000082.1	OG0001336.24	OG0000543.45
nan	nan	nan	nan
OG0001001.1	OG0001697.2	OG0000010.475	OG0016941.0	OG0001253.24
nan	nan	nan	1.573109	nan
OG0002159.0	OG0000026.45	OG0002086.0	OG0001311.5	OG0010616.4
nan	nan	nan	nan	nan
OG0000010.475	OG0002156.0	OG0001287.24	OG0001327.26
nan	nan	nan	nan
OG0000038.0	OG0001156.1	OG0000675.1	OG0000377.2
nan	nan	nan	nan
OG0000982.24	OG0007924.0	OG0001495.2	OG0000001.1420	OG0002094.0
nan	4.5352	nan	nan	nan
OG0000007.976	OG0001546.1	OG0001157.1	OG0002141.0	OG0014751.4
nan	nan	nan	nan	7.978978
OG0001143.26	OG0000010.475	OG0000634.26	OG0018083.0	OG0001103.24
nan	nan	nan	2.816282	nan
OG0001234.24	OG0001391.24	OG0001636.12	OG0000006.561
nan	nan	nan	nan
OG0001149.24	OG0002074.0	OG0000704.0	OG0004775.6	OG0000001.1420
nan	nan	nan	4.637613	nan
OG0000054.0	OG0001239.26	OG0001429.24	OG0001232.24	OG0020459.0
nan	nan	nan	nan	3.3420970000000003
OG0001318.1	OG0001309.24	OG0000038.0	OG0001092.1
nan	nan	nan	nan
OG0001179.24	OG0001441.1	OG0000513.32	OG0000012.918	OG0001617.1
nan	nan	nan	nan	4.640629
OG0001519.24	OG0001772.0	OG0000438.1	OG0000001.1420
nan	nan	nan	nan
OG0000371.2	OG0015331.0	OG0002210.0	OG0000001.1420	OG0000165.49
nan	1.7165709999999998	nan	nan	nan
OG0000818.1	OG0008328.4	OG0001181.24	OG0000082.1	OG0001425.1
nan	nan	nan	nan	nan
OG0001278.2	OG0000011.1	OG0001336.24	OG0001527.7
nan	nan	nan	nan
OG0002113.0	OG0001081.24	OG0005382.20	OG0001355.24	OG0000006.561
nan	nan	5.326801000000001	nan	nan
OG0001697.2	OG0001550.0	OG0002002.0	OG0000018.289	OG0008268.0
nan	nan	nan	nan	5.31757
OG0000007.976	OG0015995.2	OG0001166.24	OG0001233.24	OG0000559.30
nan	nan	nan	nan	nan
OG0001169.24	OG0001458.24	OG0001427.24	OG0000082.1	OG0005811.32
nan	nan	nan	nan	nan
OG0000007.976	OG0000615.1	OG0000771.24	OG0001333.24
nan	nan	nan	nan
OG0013720.4	OG0000562.7	OG0000026.45	OG0001313.24	OG0001991.0
1.6880389999999998	nan	nan	nan	nan
OG0001429.24	OG0000513.32	OG0016123.1	OG0001036.24	OG0000082.1
nan	nan	8.047642999999999	nan	nan
OG0001001.1	OG0008701.2	OG0000026.45	OG0001223.1	OG0001517.22
nan	4.645035	nan	nan	nan
OG0001000.24	OG0001991.0	OG0013312.8	OG0000018.289	OG0001379.1
nan	nan	1.463309	nan	nan
OG0002002.0	OG0001089.2	OG0008652.9	OG0001798.0	OG0000082.1
nan	nan	5.268774	nan	nan
OG0000007.976	OG0001269.1	OG0001124.24	OG0001267.24
nan	nan	nan	nan
OG0002036.0	OG0000018.289	OG0000986.24	OG0001189.24
nan	nan	nan	nan
OG0000914.30	OG0001516.22	OG0000001.1420	OG0000853.1	OG0006915.0
nan	nan	nan	nan	5.63437
OG0000038.0	OG0001236.24	OG0001426.2	OG0001100.24
nan	nan	nan	nan
OG0000011.1	OG0000000.3	OG0001038.1	OG0007573.6	OG0001945.2
nan	nan	nan	4.649611	nan
OG0002034.0	OG0020460.0	OG0001584.0	OG0000082.1	OG0001028.24
nan	nan	nan	nan	nan
OG0000054.0	OG0000975.0	OG0001848.0	OG0000473.17
nan	nan	nan	nan
OG0001258.24	OG0000494.1	OG0014670.4	OG0001253.24	OG0000006.561
nan	nan	nan	nan	nan
OG0000054.0	OG0000935.24	OG0001583.18	OG0001436.24	OG0016210.4
nan	nan	nan	nan	nan
OG0000007.976	OG0001101.24	OG0001492.24	OG0001371.24
nan	nan	nan	nan
OG0015380.0	OG0000822.0	OG0000032.252	OG0001945.2	OG0000677.1
1.724825	nan	nan	nan	nan
OG0000054.0	OG0002095.0	OG0007631.4	OG0001057.24	OG0001724.10
nan	nan	4.597373999999999	nan	nan
OG0001514.22	OG0001292.1	OG0002036.0	OG0012409.0	OG0000006.561
nan	nan	nan	1.21244	nan
OG0000054.0	OG0002143.0	OG0000004.888	OG0014942.0	OG0002043.0
nan	nan	nan	17.183410000000002	nan
OG0000007.976	OG0002121.0	OG0001737.0	OG0000621.39
nan	nan	nan	nan
OG0000010.475	OG0008282.0	OG0000902.24	OG0002168.0	OG0001210.24
nan	4.617126	nan	nan	nan
OG0002121.0	OG0000209.2	OG0000011.1	OG0002055.0
nan	nan	nan	nan
OG0001337.24	OG0001735.3	OG0014750.4	OG0000795.40	OG0000056.0
nan	nan	8.073981	nan	nan
OG0001845.2	OG0001452.24	OG0000001.1420	OG0001050.0
nan	nan	nan	nan
OG0001027.24	OG0016154.2	OG0001410.24	OG0000056.0	OG0001958.0
nan	8.120289999999999	nan	nan	nan
OG0000002.1788	OG0001059.24	OG0001166.24	OG0002086.0	OG0019409.0
nan	nan	nan	nan	1.238919
OG0000038.0	OG0002011.0	OG0000894.25	OG0001016.1
nan	nan	nan	nan
OG0001586.3	OG0016099.0	OG0000082.1	OG0001064.24	OG0001249.1
nan	1.507011	nan	nan	nan
OG0000002.1788	OG0001261.1	OG0001275.26	OG0000317.0
nan	nan	nan	nan
OG0001079.1	OG0002005.0	OG0000032.252	OG0001263.26
nan	nan	nan	nan
OG0001360.24	OG0000038.0	OG0001159.0	OG0001846.4
nan	nan	nan	nan
OG0002100.0	OG0000209.146	OG0000032.252	OG0007306.8	OG0002233.0
nan	nan	nan	4.535097	nan
OG0000010.475	OG0001096.1	OG0000929.1	OG0002042.0	OG0011960.4
nan	nan	nan	nan	1.7584080000000002
OG0002050.0	OG0000596.47	OG0016814.0	OG0000026.45	OG0000930.24
nan	nan	3.523428	nan	nan
OG0000007.976	OG0001234.24	OG0000919.32	OG0015826.2	OG0001255.26
nan	nan	nan	1.698841	nan
OG0002248.0	OG0001256.24	OG0000082.1	OG0001857.4
nan	nan	nan	nan
OG0001821.4	OG0002005.0	OG0001241.24	OG0000032.252
nan	nan	nan	nan
OG0000292.93	OG0000011.1	OG0001239.26	OG0001540.26	OG0013471.0
nan	nan	nan	nan	nan
OG0001277.24	OG0000001.1420	OG0002312.0	OG0000124.174
nan	nan	nan	nan
OG0000010.475	OG0001227.24	OG0001276.24	OG0002108.0
nan	nan	nan	nan
OG0001312.1	OG0000038.0	OG0000480.64	OG0002051.0
nan	nan	nan	nan
OG0000007.976	OG0000578.0	OG0000636.1	OG0002141.0
nan	nan	nan	nan
OG0001439.24	OG0000010.475	OG0000603.1	OG0002292.0
nan	nan	nan	nan
OG0000010.475	OG0000578.0	OG0001937.2	OG0001492.24
nan	nan	nan	nan
OG0000054.0	OG0000382.41	OG0000581.0	OG0001160.24
nan	nan	nan	nan
OG0000010.475	OG0001354.22	OG0001000.24	OG0000985.26	OG0007346.4
nan	nan	nan	nan	nan
OG0002124.0	OG0000012.918	OG0000974.2	OG0000537.8
nan	nan	nan	nan
OG0020616.0	OG0000516.6	OG0000056.0	OG0000124.174	OG0001448.24
1.6928159999999999	nan	nan	nan	nan
OG0001542.3	OG0001237.24	OG0014708.6	OG0000853.1	OG0000056.0
nan	nan	8.085707000000001	nan	nan
OG0000482.64	OG0006239.4	OG0001247.24	OG0000001.1420	OG0001102.24
nan	4.575419	nan	nan	nan
OG0001367.24	OG0000001.1420	OG0001920.0	OG0014358.0	OG0001084.24
nan	nan	nan	2.534877	nan
OG0000010.475	OG0001444.1	OG0001254.24	OG0001282.24
nan	nan	nan	nan
OG0000010.475	OG0001095.25	OG0002053.0	OG0012950.0	OG0001958.0
nan	nan	nan	2.075132	nan
OG0002171.0	OG0007907.0	OG0001379.1	OG0001346.24	OG0000006.561
nan	5.359323000000001	nan	nan	nan
OG0002104.0	OG0000026.45	OG0015341.1	OG0000809.2	OG0001880.0
nan	nan	1.227479	nan	nan
OG0000002.1788	OG0001694.12	OG0010691.4	OG0000078.263	OG0000759.38
nan	nan	0.8212578000000001	nan	nan
OG0015100.0	OG0001941.0	OG0000207.117	OG0000012.918	OG0000677.1
2.3236220000000003	nan	nan	nan	nan
OG0000007.976	OG0002054.0	OG0001880.0	OG0001696.0
nan	nan	nan	nan
OG0002050.0	OG0001451.24	OG0005382.20	OG0001009.24	OG0000032.252
nan	nan	5.326801000000001	nan	nan
OG0007001.0	OG0002048.0	OG0001437.24	OG0000001.1420	OG0000592.34
5.649414	nan	nan	nan	nan
OG0000519.26	OG0016131.1	OG0000752.42	OG0000001.1420	OG0001450.26
nan	8.194699	nan	nan	nan
OG0001915.0	OG0001865.0	OG0000001.1420	OG0001154.24
nan	nan	nan	nan
OG0016177.4	OG0001309.24	OG0002119.0	OG0000082.1	OG0000928.30
8.07815	nan	nan	nan	nan
OG0000054.0	OG0001101.24	OG0001361.1	OG0001336.24
nan	nan	nan	nan
OG0000038.0	OG0000863.32	OG0001718.1	OG0001229.1	OG0020858.0
nan	nan	nan	nan	1.0944049999999999
OG0000054.0	OG0002135.0	OG0002118.0	OG0001163.24	OG0007320.10
nan	nan	nan	nan	4.603475
OG0011309.6	OG0001863.0	OG0002056.0	OG0000026.45	OG0000609.44
3.470442	nan	nan	nan	nan
OG0002042.0	OG0000885.24	OG0001374.1	OG0000763.123	OG0000056.0
nan	nan	nan	4.618069	nan
OG0002158.0	OG0000207.117	OG0001943.0	OG0000056.0	OG0003303.67
nan	nan	nan	nan	8.112335
OG0001514.22	OG0000919.32	OG0010829.4	OG0000032.252	OG0001064.24
nan	nan	4.646017	nan	nan
OG0002130.0	OG0001363.24	OG0002005.0	OG0013582.0	OG0000006.561
nan	nan	nan	3.4070440000000004	nan
OG0020449.0	OG0001004.1	OG0000026.45	OG0000679.1	OG0001913.2
3.411174	nan	nan	nan	nan
OG0001666.14	OG0001947.0	OG0015152.0	OG0001914.4	OG0000038.0
nan	nan	1.574378	nan	nan
OG0002211.0	OG0000002.1788	OG0000735.1	OG0014727.4	OG0001084.24
nan	nan	nan	8.144900999999999	nan
OG0001927.0	OG0001962.0	OG0020429.0	OG0001311.5	OG0000006.561
nan	nan	3.417645	nan	nan
OG0001921.0	OG0001098.1	OG0000010.475	OG0016059.0	OG0001070.26
nan	nan	nan	0.9474553	nan
OG0001001.1	OG0020463.0	OG0000026.45	OG0002116.0	OG0001206.1
nan	3.3970309999999997	nan	nan	nan
OG0012726.8	OG0002098.0	OG0001914.4	OG0000032.252	OG0001083.26
8.050866000000001	nan	nan	nan	nan
OG0001417.24	OG0005791.10	OG0001154.24	OG0000811.34	OG0000012.918
nan	5.565229	nan	nan	nan
OG0000038.0	OG0001217.1	OG0020749.0	OG0001137.24	OG0001766.6
nan	nan	2.428074	nan	nan
OG0000054.0	OG0001000.24	OG0008304.2	OG0001103.24	OG0000826.25
nan	nan	4.636526	nan	nan
OG0000026.45	OG0001500.24	OG0001995.0	OG0001766.6
nan	nan	nan	nan
OG0001307.24	OG0016858.0	OG0001594.1	OG0000082.1	OG0001255.26
nan	nan	nan	nan	nan
OG0002012.0	OG0000165.172	OG0000002.1788	OG0001803.6	OG0014796.4
nan	nan	nan	nan	8.054889999999999
OG0000002.1788	OG0000846.25	OG0001086.0	OG0002041.0	OG0013480.7
nan	nan	nan	nan	1.8366639999999999
OG0001067.24	OG0002216.0	OG0000026.45	OG0000985.26
nan	nan	nan	nan
OG0000054.0	OG0001502.26	OG0001414.24	OG0001832.1
nan	nan	nan	nan
OG0000054.0	OG0016901.0	OG0002129.0	OG0001263.26	OG0002057.0
nan	2.646743	nan	nan	nan
OG0000026.45	OG0000697.0	OG0001991.0	OG0001423.30	OG0012951.0
nan	nan	nan	nan	2.041546
OG0001226.24	OG0001915.0	OG0002047.0	OG0000026.45
nan	nan	nan	nan
OG0000007.976	OG0001264.24	OG0000769.0	OG0001217.1	OG0018017.0
nan	nan	nan	nan	8.231786
OG0000054.0	OG0022268.0	OG0000697.0	OG0001912.0	OG0001724.10
nan	1.635958	nan	nan	nan
OG0002059.0	OG0000002.1788	OG0000619.52	OG0001958.0
nan	nan	nan	nan
OG0001166.24	OG0001414.24	OG0000018.289	OG0014672.2	OG0001724.10
nan	nan	nan	8.135032	nan
OG0001921.0	OG0000002.1788	OG0001198.26	OG0001823.24	OG0013957.4
nan	nan	nan	nan	2.648879
OG0000054.0	OG0001666.14	OG0010847.0	OG0001095.25	OG0000901.0
nan	nan	5.3349779999999996	nan	nan
OG0000558.24	OG0001045.24	OG0000038.0	OG0001377.24
nan	nan	nan	nan
OG0000054.0	OG0001401.24	OG0001332.24	OG0000876.20	OG0008257.0
nan	nan	nan	nan	5.290966
OG0020471.0	OG0002056.0	OG0001305.24	OG0001224.24	OG0000056.0
3.405819	nan	nan	nan	nan
OG0001243.24	OG0002334.0	OG0002161.0	OG0000056.0	OG0000021.823
nan	nan	nan	nan	1.7292150000000002
OG0000865.1	OG0001295.24	OG0000038.0	OG0010179.0	OG0001180.24
nan	nan	nan	2.257415	nan
OG0001071.1	OG0000914.30	OG0002091.0	OG0020446.0	OG0000012.918
nan	nan	nan	3.371198	nan
OG0001819.6	OG0000938.24	OG0000018.289	OG0000543.45
nan	nan	nan	nan
OG0000667.13	OG0000392.72	OG0000893.3	OG0000056.0	OG0006307.4
nan	nan	nan	nan	nan
OG0000010.475	OG0000209.146	OG0000022.5	OG0016146.4	OG0000764.26
nan	nan	nan	8.181694	nan
OG0010628.2	OG0002131.0	OG0001281.24	OG0001066.26	OG0000056.0
2.4727330000000003	nan	nan	nan	nan
OG0011912.1	OG0002133.0	OG0001998.0	OG0001325.24	OG0000006.561
7.979317999999999	nan	nan	nan	nan
OG0001399.24	OG0000002.1788	OG0001029.24	OG0000270.2
nan	nan	nan	nan
OG0001345.24	OG0000042.23	OG0000018.289	OG0000675.1
nan	nan	nan	nan
OG0001370.24	OG0012920.2	OG0001942.0	OG0000032.86	OG0000032.252
nan	231.8491	nan	nan	nan
OG0002045.0	OG0002074.0	OG0001304.24	OG0000056.0	OG0014790.4
nan	nan	nan	nan	8.060547999999999
OG0010829.4	OG0001357.24	OG0001354.22	OG0001319.1	OG0000018.289
4.646017	nan	nan	nan	nan
OG0001996.0	OG0013549.2	OG0000730.24	OG0000006.561	OG0002009.0
nan	3.3708980000000004	nan	nan	nan
OG0001003.24	OG0000002.1788	OG0007932.0	OG0000532.9	OG0002203.0
nan	nan	4.656426000000001	nan	nan
OG0001288.1	OG0001086.0	OG0017886.0	OG0000056.0	OG0000973.2
nan	nan	1.172687	nan	nan
OG0002186.0	OG0000002.1788	OG0001884.0	OG0001184.24
nan	nan	nan	nan
OG0000007.976	OG0011248.0	OG0001915.0	OG0000995.5	OG0002167.0
nan	2.81338	nan	nan	nan
OG0001935.0	OG0001313.24	OG0001300.1	OG0000012.918
nan	nan	nan	nan
OG0001916.0	OG0000018.289	OG0001766.6	OG0000913.30
nan	nan	nan	nan
OG0001308.24	OG0000010.475	OG0000764.26	OG0001527.7
nan	nan	nan	nan
OG0000011.1	OG0001190.24	OG0000700.36	OG0001137.24	OG0016239.0
nan	nan	nan	nan	5.074833
OG0001550.0	OG0001431.24	OG0001371.24	OG0000056.0
nan	nan	nan	nan
OG0000054.0	OG0002217.0	OG0001536.0	OG0013576.5	OG0002061.0
nan	nan	nan	8.084611	nan
OG0002096.0	OG0001306.1	OG0000026.45	OG0005342.24	OG0001290.24
nan	nan	nan	1.676612	nan
OG0000054.0	OG0001863.0	OG0001661.0	OG0011143.10	OG0000802.1
nan	nan	nan	2.977264	nan
OG0000010.475	OG0000929.1	OG0002079.0	OG0014724.4	OG0002169.0
nan	nan	nan	8.081977	nan
OG0002045.0	OG0000026.45	OG0001635.0	OG0001624.8	OG0001172.24
nan	nan	nan	nan	nan
OG0001090.26	OG0001161.24	OG0000038.0	OG0002127.0
nan	nan	nan	nan
OG0002150.0	OG0000002.1788	OG0002095.0	OG0001419.3	OG0016804.0
nan	nan	nan	nan	3.5279540000000003
OG0000864.26	OG0001332.24	OG0001412.1	OG0000038.0	OG0009214.0
nan	nan	nan	nan	2.7662709999999997
OG0000054.0	OG0001502.26	OG0008059.4	OG0001178.24	OG0001327.26
nan	nan	8.120225	nan	nan
OG0001413.1	OG0001154.24	OG0000012.918	OG0001766.6
nan	nan	nan	nan
OG0007279.0	OG0001397.24	OG0000082.1	OG0002169.0	OG0000675.1
219.8253	nan	nan	nan	nan
OG0001067.24	OG0000010.475	OG0000392.72	OG0001410.24	OG0012763.0
nan	nan	nan	nan	1.701927
OG0000007.976	OG0006674.0	OG0001463.24	OG0000834.30	OG0001102.24
nan	214.3184	nan	nan	nan
OG0001881.0	OG0000011.1	OG0001027.24	OG0002152.0	OG0015100.0
nan	nan	nan	nan	2.3236220000000003
OG0014690.4	OG0001401.24	OG0002097.0	OG0000056.0	OG0001294.24
nan	nan	nan	nan	nan
OG0001868.2	OG0001885.0	OG0001823.24	OG0000006.561
nan	nan	nan	nan
OG0000010.475	OG0002115.0	OG0001068.1	OG0014175.6	OG0001255.26
nan	nan	nan	3.4112480000000005	nan
OG0002060.0	OG0001635.0	OG0000038.0	OG0001040.1
nan	nan	nan	nan
OG0000010.475	OG0002133.0	OG0000592.34	OG0001377.24
nan	nan	nan	nan
OG0000010.475	OG0014712.4	OG0001917.0	OG0000771.24	OG0000802.1
nan	7.975592999999999	nan	nan	nan
OG0002066.0	OG0000032.252	OG0009145.0	OG0002218.0	OG0001893.0
nan	nan	5.332808	nan	nan
OG0000011.1	OG0001479.24	OG0000501.29	OG0001285.1	OG0013291.0
nan	nan	nan	nan	4.620391000000001
OG0001067.24	OG0001368.24	OG0000984.24	OG0000012.918
nan	nan	nan	nan
OG0000002.1788	OG0001764.0	OG0001630.0	OG0001724.10
nan	nan	nan	nan
OG0001395.1	OG0002225.0	OG0000006.561	OG0001205.24
nan	nan	nan	nan
OG0000054.0	OG0000766.0	OG0000697.0	OG0017980.2	OG0001168.24
nan	nan	nan	8.115758	nan
OG0001666.14	OG0002067.0	OG0001536.0	OG0000038.0	OG0010955.0
nan	nan	nan	nan	5.356261
OG0001179.24	OG0000933.24	OG0019040.0	OG0001302.24	OG0000006.561
nan	nan	2.872809	nan	nan
OG0007083.0	OG0002036.0	OG0000814.1	OG0000056.0	OG0002081.0
nan	nan	nan	nan	nan
OG0000620.56	OG0000002.1788	OG0002139.0	OG0011648.5	OG0001335.24
nan	nan	nan	1.688611	nan
OG0001343.24	OG0015984.2	OG0002008.0	OG0000018.289	OG0001527.7
nan	0.9656306999999998	nan	nan	nan
OG0011912.1	OG0001367.24	OG0000371.2	OG0002074.0	OG0000032.252
7.979317999999999	nan	nan	nan	nan
OG0000010.475	OG0002077.0	OG0000915.28	OG0000299.1	OG0016919.0
nan	nan	nan	nan	0.9722483000000001
OG0000002.1788	OG0001857.4	OG0000814.1	OG0016111.4	OG0002057.0
nan	nan	nan	8.080962	nan
OG0001299.24	OG0000369.1	OG0000018.289	OG0001048.24
nan	nan	nan	nan
OG0020449.0	OG0001058.26	OG0001230.26	OG0000082.1	OG0002058.0
3.411174	nan	nan	nan	nan
OG0001299.24	OG0000663.26	OG0000026.45	OG0001309.24	OG0020903.0
nan	nan	nan	nan	nan
OG0001228.1	OG0000865.1	OG0000954.24	OG0000018.289	OG0003869.1
nan	nan	nan	nan	0.9764589
OG0000011.1	OG0001432.24	OG0002214.0	OG0001846.4
nan	nan	nan	nan
OG0000004.816	OG0000865.1	OG0001380.24	OG0000615.1	OG0000018.289
3.152888	nan	nan	nan	nan
OG0000994.2	OG0008293.1	OG0000038.0	OG0000181.164	OG0000625.28
nan	4.616746	nan	nan	nan
OG0001988.0	OG0000032.252	OG0001414.24	OG0014866.0	OG0002233.0
nan	nan	nan	1.9871299999999998	nan
OG0001296.24	OG0007847.3	OG0000026.45	OG0001388.12	OG0001057.24
nan	nan	nan	nan	nan
OG0000054.0	OG0000519.26	OG0009894.3	OG0001938.0	OG0000480.64
nan	nan	8.011303999999999	nan	nan
OG0020752.0	OG0000002.1788	OG0001848.0	OG0002006.0	OG0000962.24
2.410099	nan	nan	nan	nan
OG0002079.0	OG0001356.24	OG0000032.252	OG0001527.7
nan	nan	nan	nan
OG0000054.0	OG0002043.0	OG0000456.0	OG0000616.40	OG0012952.5
nan	nan	nan	nan	3.421045
OG0019340.0	OG0000011.1	OG0001357.24	OG0002013.0	OG0002225.0
1.661664	nan	nan	nan	nan
OG0000054.0	OG0002077.0	OG0001491.1	OG0001741.1
nan	nan	nan	nan
OG0000002.1788	OG0002110.0	OG0001364.24	OG0002218.0	OG0014790.4
nan	nan	nan	nan	8.060547999999999
OG0011977.7	OG0002043.0	OG0002070.0	OG0000018.289	OG0000611.0
8.115848	nan	nan	nan	nan
OG0000054.0	OG0001202.24	OG0004893.24	OG0000854.30	OG0002073.0
nan	nan	5.361756	nan	nan
OG0001278.2	OG0000919.32	OG0008257.0	OG0001416.0	OG0000056.0
nan	nan	5.290966	nan	nan
OG0001640.7	OG0000038.0	OG0001282.24	OG0001372.24
nan	nan	nan	nan
OG0013603.0	OG0001065.24	OG0001240.26	OG0000006.561	OG0001598.16
1.916936	nan	nan	nan	nan
OG0001406.24	OG0015176.2	OG0000006.561	OG0002236.0	OG0000563.47
nan	3.461879	nan	nan	nan
OG0000011.1	OG0001191.24	OG0001342.24	OG0014761.4	OG0001422.30
nan	nan	nan	8.232614	nan
OG0001407.24	OG0000231.0	OG0000038.0	OG0000592.34
nan	nan	nan	nan
OG0000002.1788	OG0008059.4	OG0001082.24	OG0002017.0	OG0001686.0
nan	8.120225	nan	nan	nan
OG0000010.475	OG0002139.0	OG0008281.2	OG0001951.0	OG0002225.0
nan	nan	4.581734	nan	nan
OG0000007.976	OG0001366.26	OG0001519.24	OG0002124.0	OG0020619.0
nan	nan	nan	nan	2.410505
OG0001265.24	OG0000730.24	OG0001820.0	OG0007679.2	OG0000006.561
nan	nan	nan	8.120532	nan
OG0000382.41	OG0000809.2	OG0001093.24	OG0000032.252	OG0013494.3
nan	nan	nan	nan	8.159616
OG0000026.45	OG0002006.0	OG0001913.2	OG0001669.0	OG0014722.4
nan	nan	nan	nan	7.995628
OG0000653.1	OG0020467.0	OG0000538.0	OG0000858.32	OG0000056.0
nan	3.3340870000000002	nan	nan	nan
OG0000097.1	OG0000011.1	OG0001451.24	OG0001161.24	OG0007616.2
nan	nan	nan	nan	4.662939
OG0000007.976	OG0002252.0	OG0001815.3	OG0018416.0	OG0001320.26
nan	nan	nan	1.810572	nan
OG0000010.475	OG0000516.6	OG0000933.24	OG0013019.4	OG0000932.26
nan	nan	nan	nan	nan
OG0000467.0	OG0014783.4	OG0000441.96	OG0000056.0	OG0000677.1
nan	8.04969	nan	nan	nan
OG0000978.1	OG0000010.475	OG0002166.0	OG0001381.24
nan	nan	nan	nan
OG0002066.0	OG0001230.26	OG0000026.45	OG0001166.24	OG0020499.0
nan	nan	nan	nan	3.3593379999999997
OG0001296.24	OG0001183.1	OG0000018.289	OG0001912.0
nan	nan	nan	nan
OG0000054.0	OG0001014.26	OG0000347.80	OG0012986.3	OG0001724.10
nan	nan	nan	2.6462529999999997	nan
OG0001917.0	OG0001238.24	OG0001438.24	OG0000018.289
nan	nan	nan	nan
OG0000920.27	OG0000367.3	OG0009303.0	OG0000038.0	OG0001202.24
nan	nan	5.348112	nan	nan
OG0001251.24	OG0001460.24	OG0000018.289	OG0000683.0	OG0014016.2
nan	nan	nan	nan	1.694446
OG0000797.20	OG0001078.24	OG0001378.24	OG0000018.289	OG0014672.2
nan	nan	nan	nan	8.135032
OG0000931.1	OG0000519.26	OG0000664.3	OG0000038.0	OG0020742.0
nan	nan	nan	nan	2.4218330000000003
OG0000011.1	OG0008689.8	OG0000767.24	OG0001300.1	OG0000270.2
nan	4.668872	nan	nan	nan
OG0000010.475	OG0002124.0	OG0001269.1	OG0000562.7	OG0020750.0
nan	nan	nan	nan	2.41547
OG0001312.1	OG0000038.0	OG0001857.4	OG0007994.1	OG0000616.40
nan	nan	nan	0.9220586	nan
OG0000977.1	OG0000917.1	OG0000032.252	OG0001945.2
nan	nan	nan	nan
OG0000547.0	OG0016950.0	OG0000038.0	OG0001326.24	OG0001724.10
nan	1.7121380000000002	nan	nan	nan
OG0002134.0	OG0001406.24	OG0009220.12	OG0000489.0	OG0000056.0
nan	nan	nan	nan	nan
OG0000007.976	OG0001314.1	OG0002055.0	OG0001182.24
nan	nan	nan	nan
OG0001286.24	OG0000938.24	OG0001008.28	OG0000001.1420	OG0012928.2
nan	nan	nan	nan	3.462245
OG0008655.4	OG0001258.24	OG0000018.289	OG0001210.24	OG0002292.0
4.591362999999999	nan	nan	nan	nan
OG0012144.4	OG0000011.1	OG0001915.0	OG0001039.1	OG0001388.12
232.5815	nan	nan	nan	nan
OG0000007.976	OG0014001.2	OG0002075.0	OG0001223.1	OG0002070.0
nan	nan	nan	nan	nan
OG0000007.976	OG0001352.26	OG0000802.1	OG0000616.40	OG0007256.0
nan	nan	nan	nan	5.492806
OG0001142.24	OG0000812.32	OG0000082.1	OG0000895.1
nan	nan	nan	nan
OG0000002.1788	OG0001390.24	OG0010078.3	OG0000980.1	OG0000247.29
nan	nan	nan	nan	nan
OG0000002.1788	OG0001938.0	OG0000510.30	OG0001009.24	OG0020431.0
nan	nan	nan	nan	1.6328129999999998
OG0002068.0	OG0000002.1788	OG0013860.0	OG0001186.24	OG0001057.24
nan	nan	1.9536790000000002	nan	nan
OG0000847.24	OG0000011.1	OG0000815.24	OG0002019.0	OG0014647.1
nan	nan	nan	nan	8.035736
OG0001815.3	OG0001406.24	OG0000275.1	OG0000006.561	OG0000004.33
nan	nan	4.61379	nan	nan
OG0000011.1	OG0006966.4	OG0001309.24	OG0002003.1	OG0000709.10
nan	4.574269	nan	nan	nan
OG0001014.26	OG0000002.1788	OG0000019.257	OG0007930.0	OG0001459.24
nan	nan	nan	2.537462	nan
OG0001222.24	OG0001214.2	OG0001127.28	OG0000012.918
nan	nan	nan	nan
OG0001855.4	OG0014716.0	OG0000082.1	OG0000888.24	OG0002007.0
nan	7.908894999999999	nan	nan	nan
OG0002146.0	OG0001173.24	OG0002158.0	OG0016975.0	OG0000012.918
nan	nan	nan	1.484233	nan
OG0001216.24	OG0013454.0	OG0000078.263	OG0001356.24	OG0000001.1420
nan	1.587727	nan	nan	nan
OG0001401.24	OG0000926.24	OG0000038.0	OG0001062.24	OG0017950.0
nan	nan	nan	nan	2.166224
OG0014816.4	OG0000615.1	OG0002116.0	OG0001062.24	OG0000018.289
0.9637954	nan	nan	nan	nan
OG0000596.47	OG0002084.0	OG0000001.1420	OG0001062.24
nan	nan	nan	nan
OG0001218.24	OG0001455.24	OG0001157.1	OG0000001.1420
nan	nan	nan	nan
OG0002218.0	OG0001258.24	OG0014749.1	OG0001304.24	OG0000006.561
nan	nan	nan	nan	nan
OG0000007.976	OG0014802.1	OG0001149.24	OG0001167.24	OG0000616.40
nan	8.062949	nan	nan	nan
OG0000292.93	OG0002123.0	OG0000082.1	OG0000901.0
nan	nan	nan	nan
OG0000467.0	OG0001881.0	OG0001261.1	OG0000001.1420
nan	nan	nan	nan
OG0001892.0	OG0000011.1	OG0006637.5	OG0001354.22	OG0000917.1
nan	nan	4.562401	nan	nan
OG0008654.0	OG0001414.24	OG0001718.1	OG0000001.1420	OG0001255.26
nan	nan	nan	nan	nan
OG0001413.1	OG0010149.0	OG0002031.0	OG0000026.45	OG0001509.22
nan	2.0889759999999997	nan	nan	nan
OG0000002.1788	OG0001237.24	OG0001429.24	OG0000853.1
nan	nan	nan	nan
OG0001988.0	OG0012669.7	OG0002033.0	OG0000012.918	OG0000323.43
nan	8.204235	nan	nan	nan
OG0000684.0	OG0000002.1788	OG0002104.0	OG0000459.0	OG0013596.4
nan	nan	nan	nan	8.031224
OG0000007.976	OG0002186.0	OG0008282.0	OG0001254.24	OG0002038.0
nan	nan	4.617126	nan	nan
OG0001071.1	OG0000002.1788	OG0001630.0	OG0000990.0
nan	nan	nan	nan
OG0001546.1	OG0000010.475	OG0000944.28	OG0001370.24	OG0014714.4
nan	nan	nan	nan	8.064135
OG0000054.0	OG0002145.0	OG0017889.0	OG0001164.24	OG0001147.24
nan	nan	nan	nan	nan
OG0020851.0	OG0001674.0	OG0000001.1420	OG0001381.24	OG0001498.1
1.493698	nan	nan	nan	nan
OG0001014.26	OG0000032.252	OG0000539.1	OG0010616.4	OG0001849.0
nan	nan	nan	nan	nan
OG0014743.1	OG0000010.475	OG0002252.0	OG0002133.0	OG0002236.0
8.086678	nan	nan	nan	nan
OG0002011.0	OG0002006.0	OG0010656.0	OG0000001.1420	OG0001224.24
nan	nan	1.551305	nan	nan
OG0001491.1	OG0013497.4	OG0001886.0	OG0000056.0	OG0001189.24
nan	8.160279	nan	nan	nan
OG0001001.1	OG0000165.172	OG0007936.6	OG0000636.1	OG0000012.918
nan	nan	5.247397	nan	nan
OG0001382.24	OG0000004.33	OG0000006.561	OG0000850.12
nan	nan	nan	nan
OG0000054.0	OG0002067.0	OG0000368.201	OG0002225.0	OG0001943.0
nan	nan	8.206588	nan	nan
OG0001301.24	OG0000097.1	OG0002005.0	OG0016453.4	OG0000006.561
nan	nan	nan	1.7267849999999998	nan
OG0000010.475	OG0001292.1	OG0000562.7	OG0007847.3	OG0001392.24
nan	nan	nan	nan	nan
OG0000979.1	OG0001075.1	OG0006962.4	OG0001266.28	OG0000001.1420
nan	nan	4.616035	nan	nan
OG0001956.0	OG0001635.0	OG0001823.24	OG0000056.0
nan	nan	nan	nan
OG0000011.1	OG0001485.24	OG0017837.0	OG0002141.0	OG0002223.0
nan	nan	1.831451	nan	nan
OG0001869.2	OG0020465.0	OG0001054.1	OG0001959.2	OG0000056.0
nan	3.3532870000000004	nan	nan	nan
OG0002164.0	OG0002062.0	OG0000101.90	OG0000026.45	OG0016900.2
nan	nan	nan	nan	2.622608
OG0000729.25	OG0000556.30	OG0000018.289	OG0001498.1	OG0009229.0
nan	nan	nan	nan	5.322604
OG0000011.1	OG0002085.0	OG0001082.24	OG0022278.0	OG0001507.1
nan	nan	nan	1.7063259999999998	nan
OG0002053.0	OG0000894.25	OG0000001.1420	OG0001070.26
nan	nan	nan	nan
OG0001227.24	OG0014660.0	OG0001324.24	OG0000018.289	OG0001302.24
nan	nan	nan	nan	nan
OG0000609.44	OG0000032.252	OG0000518.24	OG0002167.0
nan	nan	nan	nan
OG0002059.0	OG0008699.6	OG0000026.45	OG0001291.1	OG0001154.24
nan	4.601373000000001	nan	nan	nan
OG0000054.0	OG0001453.1	OG0000596.47	OG0005637.0	OG0001287.24
nan	nan	nan	1.588219	nan
OG0012920.2	OG0000001.1420	OG0000270.2	OG0000518.24	OG0000455.62
231.8491	nan	nan	nan	nan
OG0000011.1	OG0001396.24	OG0007279.0	OG0002086.0	OG0001880.0
nan	nan	219.8253	nan	nan
OG0000011.1	OG0001933.0	OG0000975.0	OG0020750.0	OG0000724.26
nan	nan	nan	2.41547	nan
OG0001666.14	OG0000026.45	OG0010991.0	OG0000976.24	OG0001182.24
nan	nan	5.289893	nan	nan
OG0020885.0	OG0000002.1788	OG0001637.1	OG0000946.1	OG0002037.0
1.64042	nan	nan	nan	nan
OG0001150.24	OG0000789.1	OG0000038.0	OG0000831.11
nan	nan	nan	nan
OG0001000.24	OG0000892.1	OG0001156.1	OG0000006.561	OG0008345.6
nan	nan	nan	nan	4.640134
OG0007968.4	OG0000231.0	OG0001198.26	OG0000001.1420	OG0000758.2
4.626536	nan	nan	nan	nan
OG0000664.3	OG0000378.2	OG0000032.252	OG0000415.0	OG0007073.12
nan	nan	nan	nan	nan
OG0002248.0	OG0002165.0	OG0011530.4	OG0000012.918	OG0000706.25
nan	nan	4.572351	nan	nan
OG0000054.0	OG0000847.24	OG0000615.1	OG0001046.24	OG0015204.0
nan	nan	nan	nan	3.4466949999999996
OG0002015.0	OG0001297.24	OG0015826.2	OG0000664.3	OG0000032.252
nan	nan	1.698841	nan	nan
OG0001196.1	OG0001471.24	OG0000010.475	OG0018398.0	OG0001356.24
nan	nan	nan	1.698468	nan
OG0000054.0	OG0001456.24	OG0001357.24	OG0000962.24
nan	nan	nan	nan
OG0000010.475	OG0001845.2	OG0000512.25	OG0000592.34
nan	nan	nan	nan
OG0000010.475	OG0007641.2	OG0001269.1	OG0000995.5	OG0001172.24
nan	4.624598000000001	nan	nan	nan
OG0022184.0	OG0002084.0	OG0001370.24	OG0000001.1420	OG0000510.30
2.102662	nan	nan	nan	nan
OG0016013.0	OG0001344.0	OG0000299.1	OG0000317.0	OG0000056.0
1.684923	nan	nan	nan	nan
OG0000007.976	OG0001071.1	OG0005767.0	OG0001293.1	OG0000780.24
nan	nan	5.541114	nan	nan
OG0016197.0	OG0000038.0	OG0002123.0	OG0000645.36	OG0000609.44
1.527303	nan	nan	nan	nan
OG0001001.1	OG0001027.24	OG0000056.0	OG0000323.43
nan	nan	nan	nan
OG0000931.1	OG0000026.45	OG0011896.1	OG0001045.24	OG0001320.26
nan	nan	2.295232	nan	nan
OG0000736.0	OG0012822.8	OG0001331.24	OG0000001.1420	OG0000986.24
nan	1.676425	nan	nan	nan
OG0000764.26	OG0001488.22	OG0001038.1	OG0007613.14	OG0000018.289
nan	nan	nan	5.510568	nan
OG0012744.4	OG0000886.24	OG0000730.24	OG0001203.24	OG0000012.918
8.126508	nan	nan	nan	nan
OG0002094.0	OG0001128.24	OG0000018.289	OG0000850.12
nan	nan	nan	nan
OG0000054.0	OG0001286.24	OG0002013.0	OG0013467.4	OG0002089.0
nan	nan	nan	8.104643	nan
OG0017993.2	OG0000010.475	OG0001832.1	OG0002169.0	OG0001636.12
8.254461000000001	nan	nan	nan	nan
OG0000054.0	OG0001214.2	OG0020438.0	OG0001410.24	OG0001987.0
nan	nan	3.367471	nan	nan
OG0002059.0	OG0007862.0	OG0000985.26	OG0001351.24	OG0000056.0
nan	5.347745	nan	nan	nan
OG0000011.1	OG0002102.0	OG0001181.24	OG0000675.1
nan	nan	nan	nan
OG0000405.0	OG0013646.0	OG0001027.24	OG0001688.16	OG0000012.918
nan	3.129302	nan	nan	nan
OG0000054.0	OG0002068.0	OG0001232.24	OG0012077.2	OG0000809.2
nan	nan	nan	3.4721889999999997	nan
OG0000982.24	OG0007957.0	OG0000985.26	OG0000056.0	OG0000369.1
nan	5.275354	nan	nan	nan
OG0001001.1	OG0001813.8	OG0000742.132	OG0000006.561	OG0001074.2
nan	nan	1.723021	nan	nan
OG0000007.976	OG0001143.26	OG0000775.24	OG0001823.24
nan	nan	nan	nan
OG0000054.0	OG0000732.24	OG0000684.0	OG0002039.0
nan	nan	nan	nan
OG0000797.20	OG0001149.24	OG0000002.1788	OG0002014.0	OG0013480.7
nan	nan	nan	nan	1.8366639999999999
OG0001395.1	OG0001279.24	OG0002252.0	OG0000752.25	OG0000018.289
nan	nan	nan	nan	nan
OG0000776.26	OG0001208.24	OG0001516.22	OG0005180.0	OG0000056.0
nan	nan	nan	4.616521	nan
OG0000460.47	OG0002141.0	OG0000032.252	OG0001156.1
nan	nan	nan	nan
OG0001129.24	OG0000026.45	OG0000453.2	OG0001028.24
nan	nan	nan	nan
OG0013452.0	OG0001228.1	OG0000812.32	OG0001132.24	OG0000001.1420
2.192516	nan	nan	nan	nan
OG0001087.24	OG0001012.4	OG0007060.8	OG0000018.289	OG0001893.0
nan	nan	4.553807	nan	nan
OG0000054.0	OG0001417.24	OG0000152.31	OG0011358.12	OG0001387.26
nan	nan	nan	8.041586	nan
OG0000011.1	OG0001058.26	OG0002027.0	OG0001332.24
nan	nan	nan	nan
OG0010504.6	OG0001293.1	OG0000026.45	OG0002148.0	OG0000737.40
1.185389	nan	nan	nan	nan
OG0001413.1	OG0010691.4	OG0000001.1420	OG0001137.24	OG0001168.24
nan	0.8212578000000001	nan	nan	nan
OG0000011.1	OG0001095.25	OG0001991.0	OG0001425.1	OG0016919.0
nan	nan	nan	nan	0.9722483000000001
OG0000054.0	OG0000727.24	OG0001352.26	OG0000811.34
nan	nan	nan	nan
OG0000011.1	OG0001453.1	OG0000867.24	OG0020462.0	OG0000699.1
nan	nan	nan	3.356075	nan
OG0002004.0	OG0000698.19	OG0000011.1	OG0006966.4	OG0001064.24
nan	nan	nan	4.574269	nan
OG0000054.0	OG0000620.56	OG0001857.4	OG0000616.40
nan	nan	nan	nan
OG0000011.1	OG0001292.1	OG0001518.24	OG0001425.1	OG0012905.4
nan	nan	nan	nan	2.038139
OG0001042.5	OG0000165.172	OG0017929.0	OG0000615.1	OG0000032.252
nan	nan	0.9621774	nan	nan
OG0001245.24	OG0002152.0	OG0018416.0	OG0000056.0	OG0001047.26
nan	nan	1.810572	nan	nan
OG0001999.0	OG0020429.0	OG0001036.24	OG0000012.918	OG0001289.1
nan	3.417645	nan	nan	nan
OG0000054.0	OG0001374.1	OG0001102.24	OG0000801.24
nan	nan	nan	nan
OG0001870.2	OG0000026.45	OG0000700.36	OG0001483.24
nan	nan	nan	nan
OG0001541.1	OG0000980.1	OG0002041.0	OG0000018.289
nan	nan	nan	nan
OG0011929.8	OG0000371.2	OG0001340.24	OG0001066.26	OG0000001.1420
nan	nan	nan	nan	nan
OG0001397.24	OG0000001.1420	OG0001083.26	OG0001135.4
nan	nan	nan	nan
OG0020626.0	OG0001935.0	OG0001384.1	OG0000032.252	OG0000802.1
8.071608	nan	nan	nan	nan
OG0000054.0	OG0001497.24	OG0001451.24	OG0015331.0	OG0000425.53
nan	nan	nan	1.7165709999999998	nan
OG0000004.888	OG0001314.1	OG0001004.1	OG0000026.45	OG0007591.0
nan	nan	nan	nan	1.198575
OG0000010.475	OG0014745.2	OG0000684.0	OG0000812.32	OG0001328.24
nan	8.062392	nan	nan	nan
OG0013928.0	OG0000011.1	OG0002063.0	OG0000529.60	OG0000911.3
1.051775	nan	nan	nan	nan
OG0001363.24	OG0000038.0	OG0002155.0	OG0001384.1
nan	nan	nan	nan
OG0001451.24	OG0001326.24	OG0000032.252	OG0001422.30	OG0010865.0
nan	nan	nan	nan	nan
OG0001562.24	OG0000002.1788	OG0002125.0	OG0002225.0
nan	nan	nan	nan
OG0002068.0	OG0006903.2	OG0000918.1	OG0000038.0	OG0001427.24
nan	5.521274	nan	nan	nan
OG0008059.4	OG0000038.0	OG0001178.24	OG0001141.24	OG0001294.24
8.120225	nan	nan	nan	nan
OG0001962.0	OG0012035.0	OG0002001.0	OG0000006.561	OG0000928.30
nan	2.76815	nan	nan	nan
OG0006927.0	OG0001066.26	OG0002103.0	OG0001885.0	OG0000082.1
5.526052	nan	nan	nan	nan
OG0007243.4	OG0001348.24	OG0000617.25	OG0001823.24	OG0000006.561
5.3084050000000005	nan	nan	nan	nan
OG0001561.0	OG0001661.0	OG0000018.289	OG0014755.1	OG0000537.8
nan	nan	nan	8.082336	nan
OG0002083.0	OG0001803.6	OG0001374.1	OG0000006.561	OG0016816.0
nan	nan	nan	nan	3.543133
OG0000054.0	OG0001812.2	OG0001132.24	OG0000995.5
nan	nan	nan	nan
OG0001772.0	OG0001866.0	OG0000056.0	OG0000993.25
nan	nan	nan	nan
OG0000007.976	OG0001212.24	OG0017988.2	OG0001370.24	OG0001425.1
nan	nan	8.203512	nan	nan
OG0001228.1	OG0001239.26	OG0000026.45	OG0002321.0
nan	nan	nan	nan
OG0001152.24	OG0000032.252	OG0002097.0	OG0001374.1
nan	nan	nan	nan
OG0017933.2	OG0002102.0	OG0001340.24	OG0000082.1	OG0000828.16
1.655411	nan	nan	nan	nan
OG0001330.24	OG0000404.58	OG0000026.45	OG0000853.1	OG0008062.2
nan	nan	nan	nan	7.974156
OG0001049.26	OG0001938.0	OG0001516.22	OG0000001.1420
nan	nan	nan	nan
OG0002018.0	OG0001000.24	OG0017998.0	OG0000006.561	OG0001074.2
nan	nan	8.181463	nan	nan
OG0000382.41	OG0016202.4	OG0001795.0	OG0000026.45	OG0000524.1
nan	7.991878	nan	nan	nan
