OG0004710.2	OG0001698.26	OG0000027.457	OG0001643.24	OG0001566.2	OG0012896.0	OG0000471.2
0.15399549999999998	nan	nan	nan	nan	1.1306889999999998	nan
OG0004741.0	OG0022182.0	OG0004669.1
16.66169	1.485211	1.421918
OG0009947.2
nan
OG0004297.2	OG0000478.2	OG0005167.4	OG0005347.11	OG0000706.25
118.2196	1.8638139999999999	nan	4.642393	nan
OG0004762.1	OG0000313.0	OG0000452.0
45.2797	3.444993	3.786457
OG0000441.1	OG0004371.2
nan	0.5269508
OG0005602.8	OG0003869.12	OG0002210.0
4.429239	115.9501	nan
OG0011221.2	OG0004536.0
2.839809	1.498107
OG0007888.4	OG0006016.4	OG0003620.0	OG0002403.0	OG0004519.0
nan	220.8625	nan	2.124291	119.0038
OG0015308.0	OG0014637.1	OG0001066.26	OG0002730.20	OG0005860.0
2.630066	7.9795110000000005	nan	45.734609999999996	nan


OG0000539.1	OG0002358.24	OG0001853.0
nan	nan	nan
OG0000789.1	OG0005430.1	OG0005391.2	OG0003042.54	OG0010589.8
nan	3.760185	4.059165	3.961267	223.8356
OG0002437.4	OG0006965.6	OG0006407.1	OG0002100.0	OG0005727.0
11.35545	4.586575	1.963657	nan	215.2466
OG0000092.1	OG0006521.0	OG0001407.24
nan	214.8604	nan
OG0000838.0	OG0004799.0
3.3543730000000003	3.923964
OG0005794.2	OG0013568.4	OG0006444.0	OG0007356.0	OG0003707.0	OG0013530.0
2.674187	7.993705	5.5504050000000005	4.045864	7.963651	1.162827
OG0001762.24	OG0008995.2	OG0008670.2
6.341988	0.5310395	4.5320089999999995
OG0014787.0	OG0006823.4	OG0009133.1	OG0001397.24
1.267276	0.6182908	1.810543	nan
OG0020465.0	OG0010658.0	OG0001604.2	OG0013047.0	OG0006546.0	OG0006014.0
3.3532870000000004	2.246474	13.83036	1.711211	4.251530000000001	26.418590000000002
OG0008354.0	OG0002629.7
3.7439760000000004	26.27157
OG0007142.4	OG0006967.13	OG0014659.1	OG0006304.2
7.433261	nan	8.048446	217.9933
OG0011300.1	OG0003801.0	OG0005439.4
225.1679	nan	9.776226
OG0002688.0	OG0006421.0
4.5339	2.329615
OG0001156.1	OG0005083.0	OG0006574.0
nan	8.40816	219.4391
OG0008553.0	OG0001447.24	OG0000501.29	OG0009269.4	OG0000251.0
167.66299999999998	nan	nan	3.4583809999999997	1.5115610000000002
OG0001619.0	OG0004006.0	OG0000569.0	OG0014845.2	OG0007477.8
2.739417	21.61156	1.4328450000000001	2.786153	3.199934
OG0004344.0	OG0006965.6	OG0007766.0	OG0003459.2
2.261588	4.586575	1.867157	nan
OG0000129.29	OG0004049.8	OG0014809.3	OG0000728.24
3.9428339999999995	1.2807549999999999	nan	nan
OG0003201.2	OG0001216.24
26.34345	nan
OG0000381.0	OG0006761.1
3.8080800000000004	4.625821
OG0003484.0	OG0011910.0	OG0009220.12	OG0020455.0	OG0002823.0
45.77101	0.9715872	nan	3.356246	nan
OG0004842.6	OG0002645.26	OG0007119.0	OG0002344.12	OG0004219.22
9.5442	26.798009999999998	1.614462	0.5580598000000001	116.1961
OG0007430.2	OG0003909.0	OG0004532.24	OG0004002.0
1.83217	7.864497999999999	45.36288	16.32912
OG0002574.1	OG0011408.2	OG0007190.6	OG0005926.0	OG0014769.1
22.93204	2.417721	1.199846	1.073356	nan
OG0005514.0	OG0008362.10	OG0008678.1	OG0009171.0
173.4892	5.419847	4.609723000000001	220.9565
OG0006977.0	OG0006379.10	OG0004815.0
nan	1.9305830000000002	2.3205150000000003
OG0004720.0	OG0010701.0	OG0002602.6
10.01198	4.659463	2.53346
OG0003320.8	OG0020523.0	OG0007901.0	OG0018067.2	OG0000306.0
0.04123234	3.092764	5.25725	8.098258999999999	2.973932
OG0010073.0	OG0005324.1	OG0006055.0	OG0001407.24
5.268186	nan	nan	nan
OG0013644.0	OG0000726.25	OG0012247.0	OG0008451.4
1.253272	nan	nan	1.069972
OG0010723.0	OG0001239.26	OG0007333.0	OG0006891.4	OG0014746.1
4.584441	nan	4.604064	216.3866	8.176875
OG0006285.0	OG0011304.4	OG0005536.1	OG0001362.22
193.2857	228.8475	4.811829	nan
OG0003657.0	OG0001954.0	OG0006562.0	OG0002368.0	OG0009076.4	OG0007155.6
1.297491	nan	215.0692	nan	4.5850610000000005	213.3194
OG0005645.0	OG0002647.6	OG0008252.2	OG0000884.25	OG0000397.3
3.664338	2.551668	4.633401	nan	2.377341
OG0000102.0	OG0000186.266	OG0022268.0	OG0006162.4	OG0010530.0	OG0008748.2
nan	3.280649	1.635958	nan	4.4333540000000005	4.302084
OG0002540.1	OG0009169.4	OG0007035.0	OG0012671.4	OG0000836.25
1.4484	4.62385	nan	8.161782	3.257464
OG0009181.4	OG0002598.22	OG0006196.0
4.587891	14.093110000000001	27.10554
OG0013522.0	OG0013474.2	OG0012998.2	OG0003518.0	OG0001415.1
2.218985	8.138143	1.3696700000000002	45.65067	nan
OG0007116.0	OG0000048.382	OG0005651.0	OG0004696.0	OG0002109.0	OG0020440.0
2.6700180000000002	57.28925	27.967290000000002	8.368085	nan	nan
OG0009132.4	OG0001281.24	OG0001578.0
1.095753	nan	4.196662
OG0002339.2	OG0005652.0	OG0000576.0
4.036109	3.927219	nan
OG0008627.0	OG0001120.26	OG0000988.1	OG0003983.0	OG0000157.23	OG0012254.0
0.7116595	nan	nan	0.9902593000000001	0.41315150000000006	3.04367
OG0006074.0	OG0013996.0	OG0013900.0	OG0014833.0
1.07764	2.973026	226.1819	2.842915
OG0003906.0	OG0001838.42
12.393930000000001	nan
OG0002473.24	OG0004747.10	OG0000931.1	OG0001209.1
213.81599999999997	12.2654	nan	nan
OG0006930.8	OG0001124.24	OG0010685.0	OG0002680.0	OG0011388.0	OG0010865.0
19.9691	nan	4.599751	21.84253	4.426753	nan
OG0003239.9	OG0007187.0	OG0007436.0	OG0001285.1
14.970089999999999	3.9188419999999997	2.602032	nan
OG0007060.8	OG0007018.0	OG0005719.2	OG0004327.0	OG0005765.0	OG0008046.22
4.553807	213.7589	14.443320000000002	0.4813362	187.1061	2.713189
OG0000898.1	OG0003929.0	OG0002553.2	OG0006146.0
261.6117	1.3405639999999999	nan	117.4423
OG0008594.0	OG0015233.0	OG0000698.19
2.517162	2.545122	nan
OG0005029.0	OG0012101.2	OG0015186.2
44.4008	226.9859	2.459654
OG0000701.0	OG0002863.0	OG0006931.8	OG0000438.1
5.844054	nan	20.11157	nan
OG0000315.0	OG0009855.6	OG0007733.0	OG0005373.2
1.474826	225.2024	0.4975866	6.297358999999999
OG0008219.0	OG0009860.0	OG0007617.0	OG0004520.2	OG0008301.3
1.5099690000000001	0.8763491	1.642585	4.950328	4.5713099999999995
OG0006209.0
212.8446
OG0016998.2	OG0009089.0	OG0000964.2	OG0000688.0
3.335638	2.9751849999999997	nan	nan
OG0013569.4	OG0001658.27
8.185448	45.771190000000004
OG0001091.2	OG0006049.4
nan	3.186077
OG0004270.24	OG0002959.32	OG0013515.0	OG0005935.0	OG0002799.0	OG0006651.0
26.33275	1.261211	0.914083	3.895483	3.4285910000000004	213.1251
OG0002474.0	OG0014849.0	OG0002757.0	OG0009811.0	OG0009169.4	OG0020848.0	OG0007483.0
3.779009	3.20692	0.21553670000000003	nan	4.62385	1.244426	nan
OG0008067.0	OG0009840.2	OG0011338.3
1.7438240000000003	4.438791	1.701382
OG0006530.0
212.6387
OG0000723.1	OG0007116.0	OG0003107.0
45.30285	2.6700180000000002	1.045762
OG0016672.0	OG0009961.0	OG0003917.6
1.293795	1.443247	4.620947
OG0014753.1	OG0007747.5	OG0007885.1	OG0002163.0	OG0007478.0
8.092364	4.703329	2.858651	nan	145.6948
OG0013114.0	OG0000991.0	OG0006822.8	OG0003845.0	OG0005918.2	OG0001515.28
1.944869	3.296413	1.9247310000000002	2.0687130000000002	5.085091	3.771233
OG0008293.1	OG0002027.0	OG0006514.0
4.616746	nan	nan
OG0010744.4	OG0007282.8	OG0001048.24	OG0001009.24	OG0007079.10
1.218304	14.039639999999999	nan	nan	6.026415
OG0004570.1	OG0008082.0	OG0006862.8	OG0003750.8
0.45437029999999995	0.7196667	1.218359	4.030341
OG0002064.12	OG0009836.1	OG0003846.1
20.200670000000002	261.2405	45.96982
OG0013642.0	OG0000808.24	OG0010948.6	OG0005202.0	OG0010506.0	OG0003880.0
2.6783770000000002	3.780697	nan	2.71057	11.97418	nan
OG0009115.0	OG0001141.24	OG0001849.0	OG0014794.1	OG0008602.0
3.275534	nan	nan	8.088898	2.845302
OG0000843.0	OG0007357.4	OG0001461.24	OG0005542.0	OG0007284.0
4.980702	nan	nan	3.394289	19.19884
OG0003654.1	OG0012089.2	OG0000009.835	OG0012138.0
4.970727	231.5247	1.7379099999999998	2.703595
OG0003611.2	OG0000539.1	OG0003739.4	OG0004910.0
nan	nan	3.627556	184.1852
OG0002596.28	OG0008738.4
67.67255	nan
OG0019340.0	OG0001215.24	OG0006185.0
1.661664	nan	217.3387
OG0005557.0	OG0007822.0	OG0015388.2
45.51155	10.91375	1.609126
OG0009866.0	OG0005172.33	OG0008175.0	OG0004663.20	OG0005487.0	OG0004950.0	OG0001758.4
0.49579670000000003	3.277431	1.449343	216.533	1.7122549999999999	9.564928	1.361443
OG0002389.10	OG0011148.0	OG0007345.0	OG0011188.0	OG0010547.0	OG0000986.24
216.33700000000002	4.727093	4.182828	0.7752100000000001	nan	nan
OG0008054.0
0.9033851999999999
OG0001318.1	OG0014749.1	OG0001514.22	OG0014004.0
nan	nan	nan	1.53768
OG0006321.0
216.9854
OG0008458.0	OG0006867.4
3.464522	nan
OG0006595.0	OG0003240.0	OG0003303.4	OG0014638.1	OG0011560.0
217.1938	5.605457	16.1615	8.151494999999999	3.357857
OG0012871.0	OG0008559.4	OG0002071.0	OG0002962.1
2.957748	170.2615	nan	3.802576
OG0001017.28	OG0001340.24	OG0001365.24	OG0009078.0
3.254434	nan	nan	nan
OG0004403.16	OG0003603.8	OG0001081.24	OG0010021.0
1.73498	2.276208	nan	20.08695
OG0006632.0	OG0007653.0	OG0005031.0	OG0008441.2
218.9676	216.9407	5.981158	0.9831344000000001
OG0007428.0	OG0006650.0	OG0003029.3	OG0006760.0
3.1411279999999997	186.7855	7.967303	7.747339
OG0004434.0	OG0016031.0
nan	0.9741098
OG0012250.0	OG0002433.0
3.043354	1.36845
OG0014774.1	OG0001654.2	OG0006064.22	OG0020634.0	OG0010166.2	OG0003229.0
8.128085	0.7277561	0.7089595000000001	8.00657	1.285959	1.723337
OG0012077.2	OG0003449.0	OG0003965.0
3.4721889999999997	nan	11.86715
OG0000503.1	OG0003209.0	OG0007626.0
3.716583	14.10314	4.62061
OG0001462.24	OG0004095.5	OG0005991.0	OG0003868.8	OG0009822.0	OG0009107.2
nan	0.9963818000000001	13.881120000000001	117.7734	0.8188364	0.7601334
OG0008203.6	OG0004646.10	OG0005204.0	OG0001030.26
0.9191474000000001	5.140569	6.196549	nan
OG0001609.10	OG0003924.0	OG0013452.0
nan	0.6427265	2.192516
OG0013566.4	OG0007725.0	OG0005936.0
8.234769	4.3362940000000005	2.1852650000000002
OG0006146.0	OG0014603.6	OG0006311.0	OG0002258.2	OG0005555.0	OG0007082.0	OG0007944.0
117.4423	3.112676	26.18569	2.537473	5.2649550000000005	4.713185	5.558975
OG0000850.12	OG0004490.2	OG0000004.1194	OG0022188.0
nan	1.304857	4.536103	1.481347
OG0002795.0	OG0002377.0	OG0004517.6
14.446370000000002	3.766059	143.4211
OG0005159.0	OG0001923.1
0.7230835	nan
OG0004521.26	OG0002818.5
nan	5.591623
OG0002936.4	OG0010131.2	OG0004423.0	OG0006313.0
46.0641	4.583208	117.391	26.391070000000003
OG0011350.0	OG0004208.2	OG0016979.0	OG0006371.2	OG0007509.2
2.501423	2.564811	1.722382	18.29515	5.298993
OG0001995.0	OG0008738.4	OG0002303.18	OG0015368.2
nan	nan	1.990516	0.9455804
OG0011389.0	OG0016208.1	OG0001446.24	OG0016042.2	OG0005683.0
4.466516	8.089586	nan	1.179981	1.434353
OG0001066.26	OG0018412.0	OG0000126.1	OG0010724.0
nan	1.4017389999999998	nan	4.489095
OG0003135.0	OG0011307.2	OG0000319.0	OG0002747.20	OG0004868.2
12.81969	2.0983240000000003	6.2902379999999996	45.08984	1.524775
OG0004753.0	OG0005255.0
1.709766	7.7437
OG0007956.0	OG0004815.0	OG0014601.0	OG0009836.16	OG0000551.2	OG0005177.0	OG0006957.2	OG0008617.0
3.90315	2.3205150000000003	1.328523	1.1385399999999999	nan	21.66856	nan	3.49559
OG0005445.3	OG0000211.48	OG0000246.0
2.8834880000000003	268.0499	nan
OG0000321.2	OG0013900.0	OG0006683.0	OG0005989.0
nan	226.1819	216.0684	7.738764
OG0005424.4	OG0005369.12	OG0004035.0
2.580551	220.7362	6.316412000000001
OG0000723.1	OG0011958.0	OG0004608.0
45.30285	nan	0.8001282
OG0002380.0	OG0001060.26	OG0002667.22	OG0003986.6	OG0003848.6	OG0006728.0
20.36644	nan	4.901351999999999	13.156360000000001	2.111997	7.6816759999999995
OG0000529.60	OG0007338.4
nan	4.66491
OG0008638.0	OG0004719.0	OG0008183.0	OG0003006.0	OG0005586.0	OG0007009.0	OG0000517.3
0.9052075	6.186733	3.039308	1.594075	3.1335509999999998	7.7221720000000005	0.1230653
OG0005652.0	OG0000118.6
3.927219	3.8115300000000003
OG0002064.12	OG0013565.5	OG0014782.0
20.200670000000002	8.071701	2.346145
OG0011802.5	OG0010746.2	OG0001839.6	OG0002985.0	OG0007819.0
2.162776	3.4875839999999996	5.512625	1.930421	2.52926
OG0008702.0	OG0000502.0	OG0005336.8	OG0007322.0	OG0012998.2	OG0001082.24	OG0001052.26
4.607986	6.232137000000001	26.32462	5.598231	1.3696700000000002	nan	nan
OG0002444.1	OG0003921.12	OG0006382.15	OG0002343.0	OG0004839.0	OG0006723.0
3.9031870000000004	2.739286	222.766	3.0513630000000003	9.679806	25.70032
OG0000101.312	OG0006061.22	OG0004165.10	OG0011591.0
0.43750920000000004	4.520189	1.167822	3.09881
OG0000268.165	OG0004871.0	OG0006399.1	OG0020451.0
220.7942	11.604000000000001	1.637558	3.3681620000000003
OG0001886.0	OG0007438.0	OG0005232.0	OG0000481.1	OG0007917.0
nan	3.8319089999999996	66.97128000000001	2.057743	3.1153720000000003
OG0013517.0	OG0001009.24	OG0003738.4	OG0012229.0	OG0006082.0
1.856814	nan	0.5884231	2.952228	5.59743
OG0000050.0	OG0001499.24	OG0002606.8
1.6780529999999998	3.7929180000000002	3.466854
OG0008556.0	OG0013296.0	OG0006334.0
2.966193	2.573253	2.184507
OG0001168.24	OG0006703.0	OG0002532.34	OG0007434.0	OG0003126.6
nan	nan	0.04226627	1.6861849999999998	75.1712
OG0011500.6	OG0000000.169	OG0007974.2	OG0000297.82
2.210961	4.579842	4.57987	1.7600310000000001
OG0014064.1	OG0016027.4	OG0002412.0	OG0001438.24
2.244791	nan	10.36342	nan
OG0003134.0	OG0003396.26	OG0011970.0	OG0001358.15	OG0002641.30	OG0008766.0
1.443111	173.1103	3.5669720000000003	1.8664630000000002	45.09503	169.0346
OG0007526.0	OG0000830.1
5.233937999999999	nan
OG0012193.0	OG0000908.24	OG0010640.0	OG0020606.0
1.431716	nan	3.8061480000000003	2.463885
OG0000413.125	OG0002038.0	OG0004379.8	OG0002845.0	OG0004402.13	OG0000194.0
0.20658920000000003	nan	1.6775950000000002	0.9290286	2.8624	1.8197150000000002
OG0003726.42	OG0010920.0
5.330048000000001	2.685661
OG0004128.4	OG0000349.0	OG0006699.0	OG0001101.24	OG0012226.0
0.31734270000000003	2.254695	222.0783	nan	1.5296399999999999
OG0000451.0	OG0012095.0
1.734186	2.8237740000000002
OG0001590.32	OG0010614.0
5.178105	2.7655540000000003
OG0003230.0	OG0005920.2	OG0004143.22	OG0002750.0	OG0013553.2	OG0013514.0	OG0002250.0	OG0014528.2
2.2801419999999997	nan	45.53788	8.059072	3.417828	1.819236	nan	1.325244
OG0009950.0	OG0003092.12	OG0004027.1	OG0014575.0
1.503695	6.07673	26.34103	1.145977
OG0001474.0	OG0008467.0	OG0009867.4
3.571331	0.5534228	nan
OG0005504.0	OG0010996.0	OG0005388.0	OG0014655.1
45.52602	5.324085	214.2682	7.9757039999999995
OG0006525.0	OG0013469.3	OG0022237.0	OG0006871.4	OG0001859.0	OG0000857.0	OG0006285.0
221.2688	8.042110000000001	3.434656	3.9515050000000005	nan	26.167939999999998	193.2857
OG0020868.0	OG0004396.0	OG0006119.2	OG0005463.3	OG0003592.0
1.048101	nan	5.770617	5.690017	46.220040000000004
OG0004672.1	OG0004826.6	OG0009908.12	OG0012138.0
3.304828	0.4700614000000001	2.561026	2.703595
OG0000955.28	OG0002046.1	OG0001833.32	OG0000337.0
nan	257.7984	28.486390000000004	3.432296
OG0009781.2
1.2147299999999999
OG0002445.1	OG0004883.0	OG0003186.8
0.8164206	5.640321	nan


OG0004528.0	OG0007657.0	OG0004464.0	OG0005685.0	OG0009841.2	OG0004307.0
115.9801	2.689309	nan	nan	4.468707	14.579329999999999
OG0010677.0	OG0004080.0	OG0002452.52	OG0002482.0	OG0003977.22	OG0003095.0
4.587397	2.339113	72.44993000000001	1.733491	3.907625	3.255449
OG0005912.2	OG0005468.0
112.3498	92.41956
OG0005843.1	OG0015984.2	OG0004544.8	OG0006889.0	OG0002314.12
3.017262	0.9656306999999998	8.419691	5.27043	3.360645
OG0012095.0	OG0010091.0	OG0006282.0	OG0003096.0
2.8237740000000002	5.292918	26.085639999999998	1.404907
OG0003399.1	OG0004964.6
4.763848	7.2948509999999995
OG0004776.1	OG0016091.4	OG0016036.0	OG0004222.0	OG0003293.4	OG0005946.0	OG0001726.29
5.341647	3.131909	1.3954229999999999	1.626197	44.99615	216.0157	4.55091
OG0005365.0	OG0006387.0
26.38287	nan
OG0013802.0	OG0012257.0	OG0006944.2	OG0002685.0
5.683853	nan	224.1394	nan
OG0005352.0	OG0001995.0	OG0013468.3
7.501237	nan	7.925344
OG0002319.0	OG0002154.0	OG0013050.2
nan	nan	2.211309
OG0013941.2	OG0013572.0	OG0000454.0	OG0004899.0	OG0006437.6	OG0010762.2
0.9192993	4.570252	nan	4.912845	147.102	2.060647
OG0007305.2	OG0002249.0	OG0014635.1	OG0001739.4
nan	3.383282	8.080014	5.6397639999999996
OG0002280.0	OG0003526.0	OG0010719.0	OG0001121.24	OG0014681.2	OG0014525.2
2.370616	1.51644	2.352918	nan	8.024188	1.391516
OG0004708.0	OG0000139.0	OG0003681.0	OG0003578.0
nan	3.153003	0.9034892	12.46505
OG0000598.0	OG0016108.3	OG0002888.0	OG0009777.0
2.6564200000000002	8.053687	12.66297	0.7182036
OG0014778.4	OG0011986.10	OG0003596.12	OG0000017.1174	OG0020752.0
8.110191	1.273881	19.809829999999998	0.3141384	2.410099
OG0000988.1	OG0003042.15	OG0001744.0	OG0000751.0	OG0000734.24	OG0014942.0	OG0006285.0
nan	5.242865	0.5593528	nan	3.78554	17.183410000000002	193.2857
OG0008166.0	OG0002639.0	OG0003540.0	OG0013568.4	OG0011339.0
0.8934148000000001	8.397532	0.7435278000000001	7.993705	2.958669
OG0011574.0	OG0014779.4	OG0007072.0	OG0002160.1	OG0000367.174	OG0006841.0
nan	nan	4.049892	0.04008895	1.224104	1.498213
OG0006996.3	OG0008218.4	OG0008349.0	OG0001290.24	OG0003614.8
nan	2.7267	217.9937	nan	6.696791999999999
OG0004730.4	OG0000683.0	OG0014684.3	OG0005427.0
14.31365	nan	8.115075	2.939363
OG0001940.2	OG0005912.2
nan	112.3498
OG0013549.2	OG0002049.2	OG0004349.2	OG0005449.2	OG0004429.0
3.3708980000000004	nan	1.549374	5.133816	54.341680000000004
OG0005167.4	OG0010718.3	OG0005780.0	OG0015200.2	OG0005055.0	OG0005985.0	OG0003778.0
nan	nan	45.50006	2.483948	54.02741999999999	5.288382	21.51014
OG0004364.1	OG0013103.0	OG0008269.0	OG0002735.0	OG0018478.0	OG0005970.0	OG0008351.8
2.362537	nan	3.844099	19.36117	1.442575	5.346322	213.3974
OG0005538.0	OG0001576.0	OG0000259.0
45.74497	2.1252459999999997	0.9818581000000001
OG0001962.0	OG0006709.0	OG0013058.0
nan	216.2952	2.725829
OG0009062.0	OG0001224.24	OG0014682.4	OG0003553.1	OG0001206.1	OG0014539.6
3.5463410000000004	nan	8.07782	216.9154	nan	nan
OG0005780.0	OG0001262.36	OG0004994.3	OG0010661.6
45.50006	2.3498099999999997	4.5469669999999995	1.308819
OG0015312.0	OG0010100.0	OG0002882.0	OG0008300.2	OG0008909.8
1.740489	1.3586610000000001	3.078568	4.571402	2.822607
OG0004487.6	OG0005073.0
2.8596470000000003	7.6432020000000005
OG0005365.0	OG0009022.8	OG0000613.0
26.38287	227.0422	1.841178
OG0011401.0	OG0007919.2	OG0000871.2	OG0002909.2
2.425807	nan	1.193199	nan
OG0008058.3
1.265785
OG0004604.6	OG0009101.0	OG0002170.0	OG0006693.0	OG0004159.23	OG0001056.26
3.201813	2.2753970000000003	nan	20.62625	218.4156	nan
OG0011377.0	OG0003655.2	OG0014603.6	OG0001017.28
1.428036	0.6841552	3.112676	3.254434
OG0014016.2	OG0004229.2	OG0007302.0
1.694446	1.314702	217.0663
OG0005500.2	OG0006699.0	OG0005647.0	OG0002632.18	OG0008932.0	OG0003137.0	OG0006265.2
2.033429	222.0783	2.961035	216.0104	1.6804860000000001	nan	212.8169
OG0007852.0	OG0002137.2	OG0004967.2	OG0005917.0
1.423427	5.3405260000000006	0.6915256	5.101096
OG0012264.0	OG0001954.0	OG0009945.2
1.649916	nan	4.570757
OG0001567.1	OG0006704.0	OG0006401.2	OG0004055.0
nan	222.6562	1.347051	78.03796
OG0001277.24	OG0002282.2	OG0002005.0
nan	3.427029	nan
OG0012264.0	OG0010798.14	OG0002717.8
1.649916	nan	11.04082
OG0006144.3	OG0003468.0	OG0004329.0	OG0011206.0	OG0003824.0
0.7245399	45.3098	0.48329929999999993	2.315343	20.158910000000002
OG0000000.3428	OG0006403.0	OG0007302.0	OG0007602.2	OG0001446.24
0.9393283000000001	89.04349	217.0663	1.418815	nan
OG0006546.0	OG0000000.2010	OG0014619.0	OG0006199.1	OG0008968.4	OG0010543.0
4.251530000000001	20.28206	1.489522	4.657424	nan	3.102103
OG0002200.4	OG0002860.1	OG0007933.0	OG0001430.24	OG0005066.2
1.172502	2.832509	4.611834	nan	0.8344476000000001
OG0003252.0	OG0017034.0	OG0002748.82
1.2986469999999999	1.597572	1.920507
OG0013050.2	OG0013477.2	OG0013642.0	OG0006144.3	OG0011530.4	OG0014775.0
2.211309	8.110415	2.6783770000000002	0.7245399	4.572351	8.008822
OG0002206.0	OG0009843.10	OG0006210.12	OG0010712.0
3.02279	2.9106389999999998	214.4122	4.649179
OG0017883.2	OG0005728.0	OG0006081.0	OG0009054.0
2.51662	213.8617	1.483671	2.576531
OG0003353.0	OG0006383.0	OG0000114.0
45.815329999999996	4.509278	4.28565
OG0000516.6	OG0014757.0	OG0007885.1
nan	8.121074	2.858651
OG0006653.0	OG0009229.0	OG0009114.2	OG0006304.2
13.82359	5.322604	1.703371	217.9933
OG0002153.0	OG0001542.128	OG0000059.35
nan	1.657775	10.36641
OG0008331.4	OG0007870.2
4.636639	5.258644
OG0002266.1	OG0007818.0
72.87066	5.2483900000000006
OG0014773.1	OG0001894.0
8.060404	nan
OG0008576.0	OG0000915.28	OG0014654.1
122.3826	nan	8.028522
OG0002674.20	OG0005399.4	OG0004053.9	OG0004236.0	OG0003156.4	OG0005137.0	OG0000999.14	OG0003900.2
1.357375	1.245981	0.9410370000000001	5.25775	0.116828	92.1703	nan	nan
OG0002857.4	OG0005863.4
4.061921	1.1424040000000002
OG0014653.1	OG0014669.4
8.117696	7.980732000000001
OG0006688.0	OG0007306.8	OG0007850.2	OG0001873.22	OG0003961.0
218.8321	4.535097	2.238157	8.030697	5.544085
OG0003499.0	OG0010619.2	OG0008864.1	OG0005633.1	OG0006001.0
nan	1.1300729999999999	2.112486	1.802354	13.79214
OG0007434.0	OG0005445.3	OG0002307.0
1.6861849999999998	2.8834880000000003	4.228701
OG0009086.4	OG0018042.2	OG0009965.0	OG0001511.22
2.535825	8.006369	3.349905	nan
OG0008918.4	OG0007275.0	OG0003563.2	OG0001541.1	OG0012762.0
2.283934	20.33249	nan	nan	1.6667290000000001
OG0007892.2	OG0007534.0	OG0006082.0
4.628183	144.2651	5.59743


OG0006495.0	OG0006411.2	OG0003310.2	OG0002121.0
216.1435	113.955	118.2767	nan
OG0003661.0	OG0002077.0	OG0010172.4
95.4282	nan	5.250744999999999
OG0000328.0	OG0003407.16	OG0004754.7	OG0002620.44	OG0020476.0
1.7812169999999998	3.081299	1.674665	6.30229	3.394479
OG0000994.2	OG0013489.2	OG0006197.0	OG0001381.24	OG0003137.0	OG0020481.0
nan	0.7786347	51.53496	nan	nan	3.3428980000000004
OG0008302.3	OG0002538.20	OG0000426.5	OG0000251.0	OG0008242.3
4.642955000000001	1.157171	0.34851509999999997	1.5115610000000002	4.643
OG0000223.2	OG0002929.0	OG0001982.0
nan	0.609236	19.761589999999998
OG0012215.0	OG0000032.225	OG0008218.4	OG0004380.22	OG0001069.28
nan	0.5715806	2.7267	26.398590000000002	nan
OG0005841.2	OG0010016.11	OG0006698.0	OG0002586.25
8.959255	1.597705	26.1202	5.0280569999999996
OG0000981.24	OG0012592.5	OG0002182.4	OG0022184.0	OG0002891.4
nan	8.115242	3.5627459999999997	2.102662	26.82215
OG0001451.24	OG0013942.2	OG0002934.1	OG0006179.6	OG0005418.0
nan	0.9598327	2.650182	2.800494	6.076951
OG0020756.0	OG0009033.6	OG0003625.28	OG0003997.0	OG0000437.42	OG0005210.0
nan	0.5124612000000001	3.4825230000000005	1.563634	3.7081089999999994	2.748398
OG0003156.4	OG0004149.3
0.116828	10.13647
OG0006245.2	OG0000609.44
215.0384	nan
OG0010160.0	OG0012714.0	OG0001879.0	OG0004964.6	OG0002286.10	OG0013703.3	OG0000495.68
5.363630000000001	0.7675558000000001	nan	7.2948509999999995	3.957586	nan	2.139238
OG0000851.0	OG0005352.0	OG0011648.5	OG0002446.4	OG0009097.4
3.6777839999999995	7.501237	1.688611	3.070021	2.01572
OG0002150.0	OG0000248.0	OG0020535.0
nan	11.43907	2.530461
OG0014012.2	OG0003461.0	OG0008358.1
0.967825	45.09509	1.31778
OG0010987.0	OG0001936.0	OG0007545.2
3.25502	nan	0.510057
OG0021462.0	OG0012772.4	OG0005951.0	OG0016859.0
1.284195	0.773725	165.7055	2.111072
OG0000059.59	OG0010599.12	OG0007431.0	OG0005795.0
1.170247	2.470326	nan	3.9533089999999995
OG0007274.0	OG0009049.12	OG0004224.5	OG0012829.2	OG0011218.0
nan	1.6713360000000002	nan	nan	2.04694
OG0008149.4	OG0007045.2	OG0000150.39	OG0012251.0
0.5679397	nan	nan	3.019918
OG0006539.0	OG0008354.0	OG0000005.484
219.5046	3.7439760000000004	4.690823
OG0001638.24	OG0004462.0	OG0005572.8
3.2474279999999998	0.1206527	2.8097830000000004
OG0001014.26	OG0005814.0
nan	0.5670014
OG0007415.4	OG0003936.0	OG0001920.0	OG0000604.58
1.173591	3.404128	nan	3.254038
OG0014635.1
8.080014
OG0003522.2	OG0006144.3	OG0014035.0	OG0004734.0
21.48936	0.7245399	2.241057	15.084660000000001
OG0013726.0	OG0004316.0	OG0002664.0	OG0001721.0	OG0004288.1
1.3891790000000002	1.457809	4.396775	3.7794190000000003	0.5472694
OG0009885.5
2.093091
OG0005639.0
0.9248549
OG0000377.2	OG0002443.0	OG0000931.1	OG0000566.0	OG0011175.0
nan	3.95134	nan	2.097061	1.386182
OG0001335.24	OG0007565.0	OG0003587.16	OG0003382.0	OG0002179.2
nan	3.5331949999999996	117.6322	5.283345	nan
OG0006529.0	OG0001377.24	OG0015285.2	OG0008935.0	OG0006274.0
219.7308	nan	2.646719	1.551967	26.551990000000004
OG0001705.16	OG0004221.0	OG0001748.100	OG0001708.32
0.04273503	1.672841	7.9912279999999996	12.65674
OG0006205.0	OG0016264.2	OG0012182.2
219.1633	nan	0.7700684
OG0000386.0
nan
OG0002263.24	OG0006753.0	OG0005094.3
1.386398	4.035404	nan
OG0006634.0	OG0003169.0	OG0004248.10	OG0009284.2
217.3677	0.43743540000000003	4.33066	3.477324
OG0005083.0	OG0001492.24	OG0001348.24	OG0005157.0	OG0002980.0
8.40816	nan	nan	14.0569	3.990271
OG0006418.0	OG0000791.2	OG0005811.32	OG0004064.0	OG0012450.4	OG0001190.24
9.499102	1.240682	nan	16.53203	4.6533050000000005	nan
OG0003719.2	OG0000948.24	OG0006793.0	OG0000500.26	OG0010614.0	OG0003295.0	OG0010545.0
5.051793	nan	1.9214790000000002	3.503143	2.7655540000000003	13.895029999999998	1.366231
OG0017926.0	OG0006396.7	OG0000063.48	OG0000603.1
3.4164809999999997	nan	1.516324	nan
OG0014757.0	OG0004780.0	OG0000292.93	OG0002949.12	OG0002659.0
8.121074	26.10856	nan	13.850829999999998	27.873409999999996
OG0003904.0	OG0008181.8	OG0013600.0	OG0003899.0
22.47465	nan	1.726679	0.5815083000000001
OG0006865.6	OG0003004.6	OG0009313.0	OG0004484.10	OG0003978.4
2.769365	21.40341	3.3667290000000003	14.392579999999999	2.656494
OG0001422.30	OG0002608.1	OG0007551.0
nan	0.6001164999999999	nan
OG0006252.6	OG0007352.0	OG0015302.0	OG0007155.6
nan	224.2812	2.681566	213.3194
OG0000288.62	OG0012201.0	OG0001357.24
2.503345	4.749785	nan
OG0002393.21
9.030164
OG0002769.24	OG0006798.0
10.35869	1.576437
OG0007102.0	OG0002652.0	OG0011146.2
2.618663	nan	0.8004238
OG0010509.0	OG0001364.24	OG0000592.34	OG0005707.4	OG0012694.0
nan	nan	nan	26.26084	2.207643
OG0002950.2	OG0003347.8	OG0009908.12	OG0006019.2	OG0015368.2
0.905899	0.5220558	2.561026	26.24199	0.9455804
OG0005124.4	OG0000458.0	OG0000610.0
8.364017	2.728966	4.57338
OG0018167.0	OG0007342.2	OG0000414.34	OG0003692.4	OG0005325.0
2.1859029999999997	2.049748	3.785311	9.5558	1.060029
OG0001967.0	OG0018034.0	OG0004899.0	OG0007950.0	OG0008684.0	OG0003035.0
1.0890799999999998	8.046524	4.912845	218.4849	5.280836	2.522134
OG0001383.24	OG0002662.14	OG0007796.0	OG0001293.1
nan	4.850098	0.9018008	nan
OG0004439.0	OG0005282.0
116.8525	8.416848
OG0000666.0	OG0020483.0	OG0001348.24	OG0006740.4	OG0001969.0
nan	3.361562	nan	212.1954	1.92186
OG0003004.6	OG0002880.0	OG0012187.0	OG0000782.14	OG0006422.0
21.40341	1.5435370000000002	3.4810160000000003	3.364468	1.5740129999999999
OG0000597.1	OG0008720.0	OG0007565.0	OG0004853.2	OG0002829.1	OG0007622.8	OG0001428.1
20.2599	213.2078	3.5331949999999996	9.718264	166.7043	4.531903	nan
OG0004977.0	OG0002432.1	OG0012709.0	OG0001948.0	OG0005337.4
1.559956	5.225958	0.873612	3.8068779999999998	45.6441
OG0006877.0
nan
OG0014622.2	OG0002669.0	OG0006198.4
1.3839110000000001	6.403475	217.4848
OG0002597.0	OG0017903.2	OG0013894.0	OG0002801.16	OG0006525.0
2.2367630000000003	1.725481	1.3098450000000001	5.0439300000000005	221.2688
OG0001773.1	OG0016832.2	OG0006452.2	OG0007006.0	OG0005612.2
20.248279999999998	3.4103260000000004	226.1873	7.785946000000001	1.452006
OG0014808.4	OG0007981.0	OG0000638.38	OG0004054.20	OG0009920.0
8.08933	1.4069399999999999	nan	0.8272409	1.237819
OG0005472.6	OG0006799.0	OG0003429.0	OG0000096.67
1.885939	2.190193	nan	nan
OG0011304.4	OG0007031.0	OG0013097.0	OG0000429.0	OG0007546.0
228.8475	2.817561	1.623345	4.577324	3.006128
OG0004945.0	OG0012271.0	OG0003791.0	OG0020462.0
1.0136379999999998	1.9347009999999998	nan	3.356075
OG0005076.4	OG0011207.0	OG0009815.0
0.5840781999999999	1.837637	3.657146
OG0005550.0	OG0005841.2	OG0007920.14	OG0005261.0	OG0006755.6	OG0000006.231
45.448479999999996	8.959255	5.298931	7.024845	4.587343	257.8718
OG0000149.1	OG0004119.0	OG0005599.2	OG0004518.0	OG0000185.5
1.185	nan	2.9251150000000004	14.132029999999999	1.468887
OG0005646.0	OG0014758.1	OG0004651.18
91.75452	8.004901	26.268690000000003
OG0005619.0	OG0001596.5	OG0001295.24	OG0012846.2	OG0001424.30
12.3733	2.702395	nan	1.8952790000000002	nan
OG0002564.0	OG0004142.0	OG0006899.0	OG0003067.0
0.47783339999999996	117.5382	20.91123	2.633236
OG0009805.10	OG0004258.0	OG0003257.4
2.617918	1.403181	5.809973
OG0002938.0	OG0020528.0	OG0002589.0
17.08935	3.3917059999999997	nan
OG0011161.4	OG0004030.3	OG0000228.54
8.02576	1.4690159999999999	0.515786
OG0001074.2	OG0004857.5	OG0006602.0	OG0004403.16
nan	3.5435449999999995	nan	1.73498
OG0005612.2	OG0006086.0	OG0000877.0	OG0005270.34	OG0001481.28	OG0008618.1
1.452006	1.9902990000000003	3.292089	2.0741709999999998	2.435452	1.745191
OG0014006.0	OG0002388.0	OG0007303.0	OG0011896.1	OG0000165.172
2.994163	4.331275	216.4917	2.295232	nan
OG0007806.7	OG0010605.0	OG0004723.0	OG0003050.2
0.9415343	1.115318	20.04782	2.177635
OG0004025.11
0.9814245999999999
OG0006515.6	OG0003154.0	OG0014828.2	OG0004651.18
3.573029	1.475118	1.56715	26.268690000000003
OG0011017.4	OG0000136.2
1.4101270000000001	0.04279349
OG0001707.6	OG0000130.38	OG0018899.0	OG0002133.0	OG0007821.1
2.245829	nan	1.891513	nan	3.2914269999999997
OG0018045.0	OG0010767.0	OG0008153.0
8.049116	1.570871	1.0862559999999999
OG0018411.0	OG0011403.0	OG0000027.1	OG0000829.5
0.9519215	0.7076828000000001	nan	nan
OG0001229.1	OG0012102.0	OG0002867.1	OG0012423.0	OG0003057.0
nan	nan	3.245493	1.147161	nan
OG0004609.0	OG0002159.0	OG0007671.2	OG0002393.21	OG0000130.3
0.8027178	nan	20.3584	9.030164	3.4382629999999996
OG0001863.0	OG0001409.1	OG0000021.847	OG0000138.166
nan	nan	0.12257839999999999	0.9994402
OG0003086.26	OG0012704.0	OG0002982.0	OG0003622.40	OG0006339.0
6.317518	2.165184	125.7402	9.485641000000001	2.6415439999999997
OG0005081.18	OG0003020.3	OG0003722.24	OG0000474.1	OG0006847.0	OG0010762.2
0.7481575	3.4720720000000003	3.7134519999999998	1.494964	nan	2.060647
OG0009050.10	OG0001326.24	OG0004127.0
1.1214520000000001	nan	5.580196
OG0000887.1	OG0000834.30	OG0012656.4
5.073937	nan	1.194534
OG0008281.2	OG0000550.0	OG0008345.6	OG0008524.8	OG0001357.24
4.581734	3.6248449999999997	4.640134	1.984058	nan
OG0013833.0	OG0004273.1	OG0004476.0
2.23316	225.4166	14.05318
OG0008168.4	OG0006329.0	OG0003373.0	OG0009777.0
2.89561	227.0197	1.2055209999999998	0.7182036
OG0000021.252	OG0009791.2	OG0002623.11	OG0001201.1
3.7840160000000003	nan	0.4367318	nan
OG0001649.0	OG0003677.0	OG0002080.0	OG0003930.0
nan	45.5317	nan	2.9893240000000003
OG0001971.2	OG0006142.4	OG0006146.0
nan	5.259028	117.4423
OG0005000.0	OG0001551.34	OG0007954.0	OG0001002.25	OG0010620.1	OG0000281.2
4.044633999999999	0.48954380000000003	221.2483	nan	1.121246	2.443994
OG0006389.4	OG0005183.3	OG0016949.0	OG0002831.0
6.042633	nan	1.361681	35.294509999999995
OG0012133.4	OG0001749.32	OG0004252.0	OG0004412.2
224.1006	nan	nan	1.2303
OG0004428.0	OG0010546.2	OG0005586.0
116.9771	2.3310869999999997	3.1335509999999998
OG0016188.1	OG0008167.0	OG0006520.0	OG0000931.1
8.04762	2.676541	215.39	nan
OG0005317.7	OG0006606.0	OG0001828.65	OG0001708.32
2.905141	217.295	0.5531833	12.65674
OG0006992.4	OG0005106.0	OG0008116.0
4.619243	10.663839999999999	1.563407
OG0011802.5	OG0006440.2	OG0001337.24	OG0007421.14	OG0007007.0
2.162776	6.5883910000000006	nan	1.985628	nan
OG0003339.36	OG0000145.16	OG0007394.2
2.268611	135.9556	nan
OG0001800.0	OG0012227.0	OG0000387.0	OG0008929.2
3.389232	1.555233	13.79809	0.520939
OG0000055.160	OG0015377.0	OG0006243.2
1.345312	1.647614	214.8581
OG0000646.28	OG0005951.0	OG0012729.10	OG0005876.0
nan	165.7055	nan	2.2743860000000002
OG0004362.4	OG0006556.0
0.8052608	212.899
OG0009201.0	OG0005430.1	OG0008182.0	OG0001156.1
5.351139	3.760185	3.453005	nan
OG0006327.0	OG0003246.23	OG0011956.0	OG0012774.4	OG0006129.1	OG0007404.0
nan	1.10429	0.7825404	1.688459	3.509501	9.7295
OG0010001.2	OG0005561.0
5.28137	45.4896
OG0007257.4	OG0014598.2	OG0004125.0
4.552385	2.124099	2.676941
OG0001109.2	OG0013567.4
3.2680000000000002	8.029211
OG0009269.4	OG0004919.0	OG0001290.24
3.4583809999999997	1.566749	nan
OG0012231.1	OG0002530.28
2.2506009999999996	1.9247759999999998
OG0003102.3	OG0005516.0	OG0009815.0
nan	168.4203	3.657146
OG0001402.24
nan
OG0000353.32	OG0000639.0	OG0007107.0	OG0004545.0
nan	nan	1.132751	1.403256
OG0005696.4	OG0003887.2
2.84135	19.93706
OG0002422.0	OG0005992.4	OG0004060.2
7.951703	220.0122	20.09025
OG0000273.0
5.356093
OG0000005.2	OG0007317.4	OG0008209.0
10.25493	4.62594	3.5174309999999998
OG0005953.0	OG0016153.4	OG0008569.0	OG0006007.22	OG0003805.42
13.851239999999999	8.115536	4.322021	216.1893	2.7342009999999997
OG0007775.2	OG0000782.14	OG0006769.1	OG0008161.2	OG0013080.0
4.549742	3.364468	2.484656	3.615296	2.151504
OG0004460.9	OG0018980.0	OG0001960.2	OG0011741.0
2.468181	2.0272189999999997	nan	2.381112
OG0002327.0	OG0000131.0	OG0000368.4	OG0013586.8	OG0012725.2	OG0004181.0	OG0004565.2
3.7812360000000003	2.009647	3.733476	8.067494	8.099346	0.2056402	9.92426
OG0007963.6	OG0011367.0	OG0010749.0	OG0000555.0	OG0000354.184
2.7084040000000003	1.076047	1.703868	8.097197	2.069323
OG0009922.0	OG0014759.0	OG0001968.0
4.525081	nan	2.5932459999999997
OG0005892.2	OG0000048.122	OG0002722.13	OG0003807.0	OG0003091.24
113.094	nan	1.351427	45.306779999999996	51.27952
OG0004359.2	OG0001417.24	OG0008181.8	OG0001418.30	OG0000009.1514	OG0002171.0
2.531902	nan	nan	nan	1.882125	nan
OG0008690.2	OG0004750.10
2.2159880000000003	0.9174889999999999
OG0004035.0	OG0003081.0
6.316412000000001	1.158994
OG0004756.0	OG0004532.24	OG0011195.2	OG0014655.1
nan	45.36288	4.839484	7.9757039999999995
OG0005286.0	OG0005904.2	OG0003230.0
0.7106045999999999	5.6017589999999995	2.2801419999999997
OG0000731.0	OG0006720.0	OG0002460.0	OG0014760.1	OG0003319.0
1.261891	17.075110000000002	19.45478	8.048525	4.906955
OG0001398.24	OG0005858.0	OG0000010.64	OG0016268.0	OG0006201.0	OG0000502.0	OG0000887.1
nan	2.924142	nan	2.74494	3.1327119999999997	6.232137000000001	5.073937
OG0011412.1	OG0005014.0	OG0018170.0	OG0000697.0
1.62921	0.9537452	2.2084040000000003	nan
OG0006697.0	OG0001892.0	OG0018016.0	OG0011950.0	OG0001800.0
220.824	nan	8.090468	2.521458	3.389232
OG0006978.0	OG0000183.0	OG0000118.196	OG0008467.0	OG0006823.4
215.4471	nan	16.8936	0.5534228	0.6182908
OG0017949.0	OG0000394.3	OG0003662.6	OG0001586.3	OG0016933.0
2.173283	3.7086370000000004	52.29268	nan	2.611069
OG0001242.28	OG0007326.0	OG0008469.1
nan	nan	1.572558
OG0011642.2	OG0011468.2	OG0006878.0	OG0003622.40
nan	0.7554966999999999	1.748304	9.485641000000001
OG0004520.2	OG0002948.2
4.950328	118.1751
OG0004423.0	OG0003867.2	OG0006371.2	OG0007745.8	OG0004892.3
117.391	14.84571	18.29515	1.6475830000000002	189.2282
OG0000032.2	OG0003864.2	OG0009900.2	OG0010045.0	OG0018169.0
3.493213	118.4937	2.3152310000000003	5.315638	1.596753
OG0012737.0	OG0003360.2	OG0006785.2	OG0005686.0
1.911245	16.820079999999997	1.1000860000000001	3.3007760000000004
OG0015349.0	OG0002950.2	OG0005033.0	OG0003242.0
1.6698279999999999	0.905899	4.665107	0.5708164000000001
OG0004536.0	OG0003400.52	OG0007717.0	OG0000351.18	OG0011186.0	OG0009880.0	OG0009817.0
1.498107	3.533211	2.7202189999999997	0.7364149999999999	0.7786583	1.099497	3.6700269999999997
OG0003079.0	OG0008104.0	OG0001496.24	OG0004287.3	OG0001499.24
213.5615	2.09659	1.452784	0.3613849	3.7929180000000002
OG0002246.22	OG0022305.0	OG0005989.0	OG0017979.2	OG0006739.0
5.143396	1.852916	7.738764	6.318643	14.05221
OG0000225.48	OG0002111.0
nan	3.808442
OG0001158.3	OG0002534.16	OG0002803.15	OG0000472.0
nan	2.862922	1.4548020000000002	3.356095
OG0001485.24	OG0012939.0	OG0006714.0
nan	2.9353849999999997	225.4887
OG0010757.0	OG0006316.0	OG0005983.4
4.615461	26.16883	215.0235
OG0002827.24	OG0004761.2	OG0010611.4
169.5774	1.1504020000000001	1.05762
OG0004987.26	OG0009815.0	OG0000845.28	OG0009946.2	OG0003336.0	OG0013720.4	OG0006364.8
1.085432	3.657146	2.402613	4.583368	nan	1.6880389999999998	0.9516695
OG0010763.4	OG0006978.0	OG0003981.1	OG0001513.24	OG0008179.0
1.4025	215.4471	2.563026	nan	2.461765
OG0011149.0	OG0007344.0	OG0013900.0	OG0020449.0	OG0016113.4
4.5857339999999995	4.3174	226.1819	3.411174	7.97425
OG0004113.4	OG0016107.4	OG0007600.0	OG0003144.0	OG0001213.1	OG0007456.5
1.834727	7.938208	5.558669	216.9636	0.9997834000000001	0.72331
OG0006939.0	OG0000287.0	OG0002895.22	OG0014569.0
5.57748	1.6736950000000002	4.968912	3.109885
OG0014006.0	OG0004993.2	OG0000738.19	OG0003351.0	OG0003632.26
2.994163	3.871257	nan	46.001909999999995	184.5048
OG0004298.0	OG0007663.0	OG0011475.0	OG0000747.2	OG0001153.126
nan	4.604063	1.13204	nan	1.115342
OG0004525.1	OG0014654.1	OG0015826.2
217.3246	8.028522	1.698841
OG0004004.10	OG0007666.0	OG0012065.2	OG0011339.0	OG0002572.0
9.554746000000002	1.283116	233.612	2.958669	1.468732
OG0006482.0	OG0016166.2	OG0007539.0	OG0013588.0
2.180587	8.034148	2.57999	nan
OG0002695.28	OG0002010.0
45.59874	nan
OG0008707.0	OG0010759.0	OG0005050.1	OG0004316.0
5.371479	4.592786	2.6710130000000003	1.457809
OG0008102.3	OG0001391.24	OG0007726.2
nan	nan	nan
OG0011282.2	OG0010955.0	OG0006675.0	OG0002305.5
nan	5.356261	218.2088	25.69008
OG0000856.0	OG0007536.1	OG0008554.0	OG0007436.0	OG0001155.24
3.747489	1.409161	1.251427	2.602032	nan
OG0000087.0	OG0004142.0	OG0012909.2	OG0005733.6	OG0010096.2
2.2053990000000003	117.5382	3.5017160000000005	222.4093	1.4921149999999999
OG0000856.0	OG0000239.0	OG0000934.26
3.747489	nan	nan
OG0016975.0	OG0001333.24	OG0001821.4	OG0011923.4
1.484233	nan	nan	1.18534
OG0007490.0	OG0000393.0	OG0003752.2
144.9129	nan	0.7017119
OG0008198.2	OG0004651.18
3.275383	26.268690000000003
OG0002233.0	OG0012165.0	OG0018080.2	OG0014732.4
nan	1.754082	6.36871	8.088279
OG0007930.0	OG0007030.0	OG0006409.2	OG0000363.43	OG0002213.0
2.537462	3.0656950000000003	146.0144	2.314361	nan
OG0002423.2	OG0008481.0	OG0002153.0	OG0005019.0	OG0006865.6	OG0003971.6	OG0005470.6
11.678139999999999	nan	nan	4.783511	2.769365	14.62909	nan
OG0003723.0	OG0004580.6	OG0004077.0	OG0014563.1
4.761736	19.298820000000003	12.10442	3.353143
OG0006590.0	OG0005553.0	OG0003206.16	OG0000228.54	OG0005766.0
214.3822	45.62595	9.88373	0.515786	5.008614
OG0002634.1	OG0005846.2	OG0012126.3
13.907820000000001	4.199369	231.6061
OG0000316.2	OG0001445.24	OG0006517.0	OG0006583.0	OG0013097.0	OG0003685.2	OG0005799.0
2.471525	nan	220.3021	218.1847	1.623345	21.93129	4.687791000000001
OG0002106.0	OG0003206.16
nan	9.88373
OG0010582.2	OG0000176.0	OG0000001.996
227.9618	nan	1.817836
OG0002618.0	OG0004435.0	OG0005897.2	OG0011686.0	OG0014561.2	OG0002641.30	OG0007111.4
2.750083	8.809806	5.202475	5.2942599999999995	1.945556	45.09503	1.1353229999999999


OG0014764.4	OG0011160.8	OG0002332.0
8.030721	8.193028	nan
OG0014620.0
1.9456349999999998
OG0001714.24	OG0003855.1	OG0013484.2	OG0016192.0	OG0002422.0	OG0001905.0	OG0007744.0	OG0006214.0
19.52505	13.89502	71.80516999999999	4.222913	7.951703	0.9984579	1.8740560000000002	219.2017
OG0003230.0	OG0005236.2
2.2801419999999997	0.9895436
OG0014724.4	OG0014642.1	OG0013248.0	OG0005089.6
8.081977	7.998056	nan	1.180898
OG0003234.11	OG0003268.0	OG0008986.4
nan	0.7514875	2.068571
OG0006725.0	OG0020903.0	OG0004609.0
3.793627	nan	0.8027178
OG0010590.0	OG0001456.24	OG0006582.0
2.609773	nan	nan


OG0007830.0	OG0008174.2
4.271037000000001	3.473393
OG0006391.2	OG0013985.2	OG0002152.0	OG0003689.1	OG0010644.0
2.6090009999999997	1.367143	nan	nan	0.9163396
OG0001660.2	OG0003726.9	OG0008923.8
5.483983	9.280192999999999	1.57499
OG0012890.2	OG0001421.30
3.45821	nan
OG0005649.2	OG0006985.0	OG0001570.1
2.098671	20.704729999999998	1.059025
OG0004876.0	OG0007424.1	OG0014804.6	OG0005097.2	OG0000367.174
0.6759645000000001	2.04623	8.001421	1.9418389999999999	1.224104
OG0002967.0	OG0009008.0	OG0005524.6	OG0002724.0	OG0010518.2	OG0011290.2	OG0004988.6
3.6715419999999996	nan	216.6561	1.227514	0.4851568	224.2644	1.000635
OG0010710.2	OG0002213.0	OG0009252.0	OG0001807.19
1.592717	nan	2.5216369999999997	0.38209840000000006
OG0013561.4	OG0002570.0	OG0008478.0	OG0006189.2	OG0001613.24	OG0005870.0	OG0002838.0
nan	nan	1.4079110000000001	212.986	2.076478	nan	20.836479999999998
OG0006024.0	OG0012881.2
14.347660000000001	232.0697
OG0002498.2	OG0007742.2	OG0000400.0	OG0000676.15
nan	1.397553	3.441762	5.266634
OG0003452.0	OG0012740.4	OG0007357.4
45.47188	8.057080000000001	nan
OG0001797.0	OG0008562.0
4.301041000000001	2.317566
OG0002958.16	OG0010973.0	OG0002465.0	OG0002460.0
0.7587972	1.529226	28.83343	19.45478
OG0013532.2	OG0010541.8	OG0022243.0	OG0003919.0
3.384375	2.954484	1.262807	nan
OG0003528.0	OG0004738.6	OG0007771.4	OG0003455.2
2.921056	5.562985	3.007622	45.28334
OG0016025.3	OG0001664.2	OG0009108.6
3.3617169999999996	1.886781	nan
OG0003043.33	OG0000245.1	OG0004900.20	OG0000917.1
44.726240000000004	2.06806	3.956253	nan
OG0004709.0	OG0000003.0	OG0006121.6	OG0004505.0
5.07569	nan	215.4252	0.9801918
OG0004222.0	OG0003585.0	OG0007129.0
1.626197	45.71586	1.11259
OG0011569.1	OG0013581.4	OG0007435.0
2.158932	8.063834	2.7380400000000003
OG0000077.0	OG0005242.14	OG0014784.4	OG0001432.24
0.7036304	6.7459039999999995	8.062146	nan
OG0007115.0	OG0001742.25	OG0011927.6
1.967021	39.799	8.143754
OG0020421.0	OG0000307.20	OG0006635.0
2.404737	0.5161384	0.4315983
OG0014723.6
8.110719
OG0000272.36	OG0000354.7	OG0007137.6	OG0002455.5	OG0003367.2	OG0016940.0
nan	3.737075	1.768572	4.604673	46.36987	1.334724
OG0000220.0	OG0006269.0	OG0001722.24	OG0008205.0
0.5849548000000001	nan	1.89048	3.536247
OG0001038.1	OG0014068.0	OG0004582.0
nan	2.221693	0.4800191
OG0007815.2	OG0003783.0	OG0015186.2	OG0006356.1	OG0005513.0
4.321973000000001	21.63523	2.459654	nan	45.86918
OG0012179.2	OG0012254.0	OG0010672.0	OG0012934.2	OG0004899.0
2.982144	3.04367	4.575917	3.5073239999999997	4.912845
OG0006770.1	OG0011275.6	OG0005679.1
1.267323	227.5382	0.8617591
OG0005497.18	OG0005393.6	OG0000037.1
2.496177	4.593792	5.119364
OG0009816.4	OG0018979.0	OG0016059.0
11.65335	2.181982	0.9474553
OG0001866.0
nan
OG0002127.0	OG0005391.2	OG0007922.2	OG0014745.2	OG0014006.0
nan	4.059165	4.5237739999999995	8.062392	2.994163
OG0011223.2	OG0007451.0
1.8772970000000002	nan
OG0006427.12	OG0009139.0
1.89192	5.278424
OG0000580.32	OG0004669.1	OG0002755.0	OG0012882.0	OG0000000.3460
nan	1.421918	nan	225.6692	nan
OG0020630.0	OG0003840.20	OG0004913.2
3.5164519999999997	nan	167.53799999999998
OG0011483.4	OG0005748.0	OG0003179.8	OG0018147.0	OG0003687.0	OG0002800.10	OG0000306.0
nan	25.96857	4.495961	0.8432629999999999	21.17793	2.0699009999999998	2.973932
OG0009810.0	OG0013623.0	OG0014741.4	OG0001742.25
8.120128	0.7777632	8.029778	39.799
OG0000029.571	OG0003985.0	OG0005468.0	OG0006854.0	OG0014729.1
0.2543893	nan	92.41956	2.236589	8.21337
OG0007336.0	OG0014848.0	OG0004258.0	OG0014811.0
nan	2.658664	1.403181	2.041203
OG0012000.2	OG0006121.6	OG0009061.6	OG0002459.0
nan	215.4252	2.408923	19.137620000000002
OG0002966.2	OG0011951.0	OG0010675.4	OG0004924.18
7.867945	1.6959939999999998	1.055401	1.847482
OG0006135.0	OG0000026.628	OG0012179.2	OG0017950.0	OG0002346.16
3.5806690000000003	nan	2.982144	2.166224	1.538705
OG0000650.30	OG0005964.0	OG0000533.0	OG0003737.13	OG0011963.2
261.9184	13.95689	258.5222	nan	1.452392
OG0001525.3
0.1918136
OG0010778.2	OG0019040.0	OG0008205.0	OG0009890.0	OG0005275.2	OG0004123.2
nan	2.872809	3.536247	0.8919562	2.854993	1.564526
OG0002373.38	OG0006393.0
45.09814	2.3376770000000002
OG0008332.0	OG0003107.0	OG0000146.112	OG0008099.0
3.8665220000000002	1.045762	3.005068	2.961543
OG0005234.0	OG0004646.10	OG0000033.0	OG0008678.1
nan	5.140569	1.293739	4.609723000000001
OG0010589.8	OG0003798.4
223.8356	21.00356
OG0000258.1	OG0007124.2	OG0004993.2
20.30692	nan	3.871257
OG0004783.4
0.6236943
OG0014729.1	OG0007476.6	OG0000331.36	OG0005132.0	OG0000010.64	OG0000260.188
8.21337	2.2907580000000003	nan	nan	nan	nan
OG0007953.0	OG0012861.0	OG0020459.0
216.7044	1.7299240000000002	3.3420970000000003
OG0000103.296	OG0002816.0
2.204742	1.8613389999999999
OG0007115.0	OG0000707.0
1.967021	3.27805
OG0001848.0	OG0001228.1	OG0003870.0	OG0002012.0	OG0003393.12
nan	nan	nan	nan	0.9125806999999999
OG0008917.12	OG0002951.13	OG0004328.0
2.272448	44.98205	nan
OG0008090.0	OG0015162.0	OG0002636.1	OG0014696.4
1.060856	3.5259379999999996	nan	8.09607
OG0005564.0	OG0003264.4	OG0022188.0	OG0006634.0
26.31045	218.1833	1.481347	217.3677
OG0004951.0	OG0000338.41	OG0000446.108	OG0010621.0	OG0000934.26
2.860731	nan	3.7240589999999996	2.565455	nan
OG0006912.6	OG0002261.63	OG0003581.0
4.595811	19.0819	2.711598
OG0006421.0	OG0011350.0	OG0001800.0	OG0003225.0	OG0002479.6
2.329615	2.501423	3.389232	nan	2.302323
OG0003395.0	OG0008076.2	OG0002786.4
2.927725	3.4186	0.5104317
OG0001073.24	OG0007526.0	OG0000567.0	OG0017933.2	OG0000283.1
nan	5.233937999999999	nan	1.655411	5.777285
OG0003773.2	OG0009819.0	OG0007924.0
3.9534300000000004	2.96561	4.5352
OG0014003.0	OG0002212.0	OG0009242.4	OG0005907.4
1.546745	3.7702699999999996	nan	10.87403
OG0000462.134	OG0003972.0	OG0006982.0	OG0004833.1	OG0009927.0	OG0007940.2
7.7292320000000005	0.5918707	28.47079	6.6779839999999995	nan	4.575556
OG0002172.0	OG0005718.0	OG0001679.24	OG0006947.0	OG0002283.0	OG0002516.0	OG0005984.0
nan	213.945	1.490357	nan	3.697921	20.32402	14.089279999999999
OG0004448.0	OG0000676.15
118.3498	5.266634
OG0006161.1	OG0011708.0	OG0008302.3	OG0000245.1	OG0020477.0
3.5272449999999997	5.279304	4.642955000000001	2.06806	3.3937190000000004
OG0010073.0	OG0001682.68	OG0003508.0
5.268186	nan	3.754628
OG0006729.0	OG0007511.2
3.1759880000000003	nan
OG0010741.0	OG0001053.24
4.57052	nan
OG0022173.0	OG0000867.24	OG0004998.0	OG0020425.0
1.495203	nan	0.9261693000000001	3.393607
OG0006136.0	OG0001634.22	OG0002990.26	OG0012883.0
102.7061	1.479381	117.3734	224.5671
OG0008137.2	OG0006651.0	OG0016036.0
2.877553	213.1251	1.3954229999999999
OG0013460.0	OG0004640.1	OG0000010.64	OG0007433.0	OG0009961.0
2.486243	nan	nan	2.3357330000000003	1.443247
OG0009269.4	OG0012897.4	OG0006244.2	OG0008263.1	OG0010044.0	OG0007195.0
3.4583809999999997	1.9797770000000001	216.2762	0.8075494000000001	1.351811	4.282926
OG0009919.0	OG0003681.0	OG0007019.0	OG0001044.24	OG0002237.0	OG0003289.10
168.0042	0.9034892	215.7436	nan	20.17761	45.108670000000004
OG0012212.6	OG0020435.0	OG0014064.1	OG0001758.4	OG0016949.0
1.232805	3.3800730000000003	2.244791	1.361443	1.361681
OG0003121.6	OG0003131.0	OG0011368.6	OG0002383.22	OG0007956.0	OG0000614.21
nan	8.278526	1.1207799999999999	5.0765	3.90315	3.426337
OG0009056.0	OG0010150.0	OG0000873.24	OG0000032.86	OG0000733.1
1.105474	4.658073	3.6827730000000005	nan	3.7960809999999996
OG0005753.0	OG0012987.3
20.68283	1.2524030000000002
OG0002141.0	OG0005638.4	OG0006083.0	OG0003709.2
nan	1.498574	2.746929	nan
OG0000804.20	OG0012704.0	OG0006741.4
3.378967	2.165184	nan
OG0002756.4	OG0008547.0	OG0000512.25	OG0011445.0	OG0003831.0
4.252673000000001	0.9433404000000001	nan	1.7350740000000002	3.7581010000000004
OG0005517.0	OG0002370.0
170.5826	10.136280000000001
OG0007832.0	OG0003679.0	OG0000634.26	OG0002560.0
1.637533	nan	nan	0.7600946
OG0002075.0	OG0008577.0	OG0001466.10	OG0006395.0	OG0017901.0
nan	166.2262	3.7773800000000004	2.411	2.867779
OG0007511.2	OG0001793.1	OG0005713.16
nan	0.6739114	nan
OG0003407.16	OG0002605.0	OG0007201.2	OG0006888.6
3.081299	0.8618821	144.8417	1.586478
OG0005854.2	OG0009945.2	OG0009094.0
4.137123	4.570757	167.2874
OG0001948.0	OG0014528.2	OG0014772.1	OG0003315.4	OG0005186.0
3.8068779999999998	1.325244	8.044633000000001	nan	45.34807
OG0007131.0	OG0004897.14	OG0015162.0	OG0006229.0
1.114162	20.09646	3.5259379999999996	26.78138
OG0011593.0	OG0000516.6	OG0003059.10	OG0003556.1	OG0006165.0	OG0004306.0	OG0006790.0	OG0001580.0
3.095048	nan	3.649947	21.30105	0.8687315000000001	8.933122000000001	3.098879	1.041582
OG0013045.1
2.744774
OG0008601.0	OG0004322.1
168.1277	21.17685
OG0000278.13	OG0001721.0	OG0012187.0	OG0000559.30	OG0001078.24
3.282915	3.7794190000000003	3.4810160000000003	nan	nan
OG0004985.3	OG0004864.0
3.1023400000000003	3.8894879999999996
OG0011390.4	OG0006687.0	OG0010798.14	OG0002235.0
3.19484	212.7617	nan	4.043545
OG0004005.1	OG0008452.14	OG0002491.1	OG0003698.0
7.122039999999999	nan	11.72599	0.43598679999999995
OG0000556.30	OG0004681.6	OG0003636.4	OG0003207.2	OG0011344.2
nan	12.93338	1.2403389999999999	25.95641	2.2503490000000004
OG0003385.20	OG0003670.16	OG0007436.0	OG0006725.0
0.4380478	118.9809	2.602032	3.793627
OG0020706.0	OG0009262.0	OG0009802.1	OG0008755.0	OG0003307.20
8.044336	5.290280999999999	1.7990540000000002	27.845509999999997	2.996671
OG0001023.7	OG0001542.128	OG0006888.6
nan	1.657775	1.586478
OG0010038.0	OG0003986.6	OG0005000.0	OG0002609.0	OG0000666.0	OG0016137.4	OG0000030.0
4.495133	13.156360000000001	4.044633999999999	nan	nan	8.074597	nan
OG0000877.0	OG0012267.0	OG0008040.2	OG0005816.7	OG0005199.18
3.292089	1.113998	1.6838240000000002	3.599453	183.2172
OG0008162.0	OG0008504.0
121.6893	1.477606
OG0011530.4	OG0000461.0	OG0008491.2
4.572351	nan	1.147812
OG0000865.1	OG0000522.0	OG0001489.4	OG0006149.1
nan	nan	2.119673	0.5378666999999999
OG0000734.24	OG0012087.2
3.78554	2.472648
OG0006434.0	OG0007217.0	OG0002566.2	OG0008975.0	OG0000600.26
2.223186	2.749584	1.984663	3.092234	nan
OG0000965.0	OG0004302.0	OG0004291.0
2.752304	21.01709	1.989253
OG0001908.2	OG0008353.0	OG0007484.0	OG0000389.6
2.736157	224.3226	145.8872	nan
OG0009020.0	OG0013856.2	OG0000841.0
1.6722970000000001	nan	2.026442
OG0002376.0	OG0014686.4	OG0000009.921
5.059097	7.992122	nan
OG0008602.0	OG0001351.24	OG0002103.0	OG0008935.0
2.845302	nan	nan	1.551967
OG0000647.0	OG0004670.1	OG0003716.0	OG0001723.0
0.2747485	1.191063	21.42241	nan
OG0006068.0	OG0002971.0
3.7826230000000005	0.9975111999999999
OG0005980.4	OG0013896.0	OG0000748.0
218.5335	nan	2.5485189999999998
OG0011758.5
1.073793
OG0012910.0	OG0000293.93	OG0012739.6	OG0004713.30
231.5381	267.5286	nan	1.983136
OG0016949.0	OG0009851.6
1.361681	236.6282
OG0003562.0	OG0010716.0	OG0004309.0	OG0000361.3	OG0001416.0	OG0007177.0	OG0011157.0
6.22445	4.591781	117.455	45.456959999999995	nan	4.201998000000001	1.714221
OG0000425.53	OG0004395.1	OG0001713.22
nan	213.8394	19.94042
OG0000080.0	OG0002895.22	OG0003314.19	OG0010783.0	OG0001247.24
19.260360000000002	4.968912	1.158724	1.2139440000000001	nan
OG0004044.36	OG0001335.24	OG0010883.0
214.4255	nan	3.035835
OG0006734.5	OG0020606.0
4.628515	2.463885
OG0002434.0	OG0000303.1	OG0000876.20	OG0011433.8	OG0002449.21
0.24274320000000002	258.5833	nan	2.2828009999999996	1.52106
OG0005004.0	OG0008165.14	OG0006103.0	OG0006535.0
nan	1.184641	2.13477	217.3892
OG0006156.1	OG0000109.0	OG0009078.0	OG0008991.8	OG0010603.0	OG0002480.0	OG0000000.503
2.2284740000000003	nan	nan	1.7917990000000001	1.2666190000000002	nan	4.580119
OG0014664.2	OG0007442.0
8.118625999999999	3.054838
OG0004179.2	OG0012000.2	OG0012709.0	OG0003080.3	OG0008136.4	OG0000126.1	OG0002164.0
3.213883	nan	0.873612	20.60983	2.883839	nan	nan
OG0001752.4	OG0008568.3	OG0005292.2	OG0000014.240	OG0002356.0
0.6663369	3.157002	0.8717379999999999	nan	20.520139999999998
OG0004521.26	OG0006296.0	OG0013833.0
nan	217.4627	2.23316


OG0014645.4	OG0003646.25	OG0000240.8	OG0000542.0
8.004983	28.75927	3.7829370000000004	7.664791999999999
OG0011470.0	OG0006790.0
2.060324	3.098879
OG0016440.0	OG0009091.4	OG0005962.0	OG0001426.2	OG0005301.1	OG0002038.0	OG0000701.0
nan	2.9270400000000003	215.8184	nan	3.4497089999999995	nan	5.844054
OG0002411.40	OG0014789.4	OG0002083.0	OG0003602.0
nan	nan	nan	nan
OG0001104.0	OG0005442.4	OG0013641.2	OG0001460.24	OG0011472.4
20.37033	10.06658	2.210528	nan	0.9026427
OG0006282.0	OG0000217.183	OG0002480.0	OG0010698.0
26.085639999999998	214.3198	nan	nan
OG0001127.28	OG0005498.6	OG0001589.0	OG0008187.0
nan	189.3457	3.778089	1.6529340000000001
OG0008355.0
1.1098290000000002
OG0003232.9	OG0005622.0	OG0009985.2	OG0004814.0	OG0000015.1092	OG0010165.0
5.464926999999999	12.16659	2.9971229999999998	10.32145	1.486351	3.415803
OG0005117.0	OG0010044.0	OG0005491.2
1.02078	1.351811	3.158199
OG0003201.2	OG0003652.0	OG0011282.2	OG0006742.1
26.34345	1.20003	nan	4.493863
OG0000131.0	OG0000640.26	OG0001386.24	OG0005472.6	OG0002474.0	OG0004921.18
2.009647	nan	nan	1.885939	3.779009	2.118679
OG0004164.0	OG0012710.10	OG0002861.24	OG0020464.0
3.590503	nan	0.3860599	3.351608
OG0002895.22	OG0007581.0	OG0005227.24	OG0006455.2
4.968912	216.7856	1.366277	nan
OG0005091.0	OG0004736.6
3.140016	9.361528
OG0007641.2	OG0016189.4
4.624598000000001	8.021791
OG0000206.0	OG0003129.8	OG0016217.2	OG0011338.3
nan	9.081882	7.953622	1.701382
OG0000121.14	OG0006108.0	OG0007731.0	OG0006293.0	OG0007121.0	OG0011600.2
2.486589	2.974082	2.842474	220.4527	2.032294	0.8307656999999999
OG0000035.64	OG0001562.24	OG0000986.24	OG0010676.1
nan	nan	nan	1.641961
OG0006675.0	OG0015007.4	OG0003976.0
218.2088	0.9072421	nan
OG0003304.0	OG0011283.2	OG0001465.0
0.8754223	231.4248	0.719106
OG0000159.8	OG0014788.2	OG0000136.2
3.374456	8.20324	0.04279349
OG0001979.1
2.380388
OG0001848.0	OG0002146.0	OG0010497.2	OG0002587.0
nan	nan	2.38678	0.822176
OG0003043.33	OG0002855.2	OG0007204.8	OG0005258.0	OG0008132.12	OG0002252.0
44.726240000000004	4.0220720000000005	1.373264	2.6219919999999997	1.633358	nan
OG0006934.0	OG0000127.0	OG0006551.0	OG0000749.2	OG0005001.32
224.2396	nan	220.0586	nan	4.616152
OG0006553.0	OG0002356.0	OG0002956.4	OG0007821.1	OG0002740.0
nan	20.520139999999998	1.2008889999999999	3.2914269999999997	19.41756
OG0004085.0	OG0000220.0	OG0007729.4	OG0010776.4	OG0006623.0	OG0002321.0
1.758759	0.5849548000000001	0.5724899999999999	2.265499	218.2439	nan
OG0005688.0	OG0000895.1	OG0020432.0	OG0004599.4	OG0004638.0
0.3346445	nan	3.3992379999999995	12.48296	5.6432519999999995
OG0000199.0	OG0001977.0	OG0022300.0
26.6303	3.5613839999999994	1.411162
OG0004951.0	OG0006103.0	OG0006171.5
2.860731	2.13477	nan
OG0010698.0	OG0010742.2	OG0005392.0
nan	2.307183	0.6743574000000001
OG0004722.6	OG0001805.16	OG0000872.42	OG0007141.0	OG0000446.4
10.0636	20.42109	0.7307908000000001	2.279985	3.309661
OG0005848.4	OG0000743.4	OG0012877.0	OG0003589.0	OG0004954.6
4.165936	16.478289999999998	1.857272	12.0473	3.768668
OG0006077.4	OG0002469.0	OG0002812.1	OG0003552.0
2.3551889999999998	27.54555	20.357470000000003	186.043
OG0008472.6	OG0006507.0	OG0006432.1	OG0002498.2	OG0007486.2
2.4155599999999997	223.4375	2.129638	nan	3.813998
OG0010572.4	OG0008067.0	OG0014697.1	OG0010628.2	OG0001271.1
229.8563	1.7438240000000003	8.059463000000001	2.4727330000000003	nan
OG0016611.0	OG0002077.0	OG0000048.69
2.520552	nan	21.857039999999998
OG0007415.4	OG0000843.0	OG0003787.0	OG0008060.10
1.173591	4.980702	45.75569	1.971177
OG0002063.0	OG0003913.0	OG0008349.0	OG0007833.0
nan	19.60277	217.9937	0.8039578000000001
OG0009025.0	OG0002641.30	OG0004794.1
2.770196	45.09503	2.134421
OG0003004.6	OG0000100.1	OG0004166.0	OG0004841.20	OG0001652.0
21.40341	nan	nan	1.5816459999999999	1.9584439999999999
OG0004096.6	OG0014619.0	OG0003198.2	OG0008555.0	OG0016025.3
76.59997	1.489522	5.656714	3.116882	3.3617169999999996
OG0008457.0	OG0001547.24	OG0007782.8	OG0002381.0	OG0003058.12	OG0018066.2
3.4166830000000004	nan	2.265192	20.54448	0.27139309999999994	6.396689
OG0001897.2	OG0000860.24	OG0014753.1
3.5809629999999997	nan	8.092364
OG0002874.0	OG0004129.0	OG0000955.28
15.96473	nan	nan
OG0005555.0	OG0004361.0	OG0004160.0	OG0002304.1	OG0011915.6
5.2649550000000005	2.187166	8.314761	0.46460509999999994	8.114266
OG0016947.0	OG0000022.126	OG0004706.0
2.61138	4.448589	0.9555162
OG0000085.0	OG0012218.2	OG0002895.22	OG0007920.14
1.453451	0.7297015	4.968912	5.298931
OG0003896.1
3.639036
OG0010773.2	OG0001907.32	OG0003455.2	OG0000392.25	OG0005292.2
2.023469	1.647546	45.28334	1.9980830000000003	0.8717379999999999
OG0002544.6	OG0001348.24
4.4968330000000005	nan
OG0000065.40	OG0011917.7
1.613891	11.8342
OG0009211.2	OG0005894.10	OG0005251.2	OG0002619.0	OG0001363.24
nan	3.8308120000000003	1.0498459999999998	nan	nan
OG0008864.1	OG0007194.1	OG0004429.0	OG0020584.0	OG0013080.0
2.112486	3.294092	54.341680000000004	2.13643	2.151504
OG0004458.0	OG0009262.0
0.1923987	5.290280999999999
OG0005188.2	OG0004661.0	OG0000737.1	OG0011156.3	OG0018170.0	OG0007773.2	OG0001808.3
21.53301	184.7914	1.628707	8.044585000000001	2.2084040000000003	4.629778	218.2865
OG0014598.2	OG0001988.0	OG0007111.4	OG0013953.2
2.124099	nan	1.1353229999999999	1.09264
OG0003457.0	OG0006201.0	OG0006271.0
45.18275	3.1327119999999997	26.6312
OG0001931.42	OG0007563.0	OG0013499.2	OG0000189.0
nan	7.223012	7.950825999999999	2.210975
OG0007384.1	OG0012680.0	OG0009850.0
1.7717619999999998	4.715888	1.082525
OG0001427.24	OG0002065.0	OG0000776.26	OG0001552.30	OG0015328.0	OG0001830.6
nan	nan	nan	2.3559669999999997	2.310725	nan
OG0003037.24	OG0017015.0	OG0002109.0	OG0020453.0
2.742499	1.657134	nan	3.3729739999999997
OG0003918.5	OG0007419.1	OG0009789.2	OG0000111.164
115.8874	1.481476	8.135425	nan
OG0014063.4	OG0002422.0	OG0002224.0	OG0005957.0	OG0006025.0	OG0002313.18	OG0005213.22
2.2196130000000003	7.951703	1.459832	14.065320000000002	5.587857	nan	4.2972980000000005
OG0000311.0	OG0002439.13	OG0004022.8
0.9198546999999999	3.3961379999999997	0.8695676
OG0008583.6	OG0001124.24	OG0008238.2	OG0014774.1	OG0004023.0
4.545344	nan	2.856449	8.128085	0.1219621
OG0007202.0	OG0005587.8	OG0006614.0	OG0010588.0	OG0003303.4
1.6755509999999998	13.89799	216.2758	4.132299	16.1615
OG0011364.6	OG0000644.0	OG0005764.0
1.7890259999999998	2.369977	0.5696366999999999
OG0010759.0	OG0001800.0
4.592786	3.389232
OG0000019.257	OG0003503.1
nan	1.674478
OG0003350.2	OG0003042.54	OG0001952.4	OG0001199.24	OG0002198.0
45.12208	3.961267	0.1915281	nan	1.9751580000000002
OG0000276.1	OG0018395.0	OG0004696.0	OG0000866.3
2.007532	1.693604	8.368085	4.8433209999999995
OG0006306.0	OG0001350.24	OG0010038.0	OG0011936.0
183.6724	nan	4.495133	3.017746
OG0003471.0	OG0002843.0	OG0000129.70	OG0012247.0	OG0004877.0	OG0007829.0
45.20361	nan	3.638383	nan	1.229863	4.307238
OG0002455.5	OG0005336.8	OG0014769.1	OG0005388.0	OG0001206.1
4.604673	26.32462	nan	214.2682	nan
OG0000059.133	OG0006546.0	OG0003089.5
nan	4.251530000000001	16.59338
OG0005227.24	OG0018483.0	OG0002560.0	OG0002684.0
1.366277	1.3693389999999999	0.7600946	4.550049
OG0011179.0	OG0011996.0	OG0001469.2	OG0003600.0
1.918207	2.319722	3.796207	2.3823779999999997
OG0002316.0	OG0011450.0	OG0002515.8	OG0005868.0	OG0003883.2
0.4965088	0.9916033000000001	1.515841	2.104186	11.72063
OG0013583.0	OG0005870.0	OG0000600.26	OG0001977.0	OG0003811.0	OG0010782.2	OG0013896.0
8.067056	nan	nan	3.5613839999999994	45.678329999999995	2.604708	nan
OG0001650.24	OG0000738.19	OG0004554.6	OG0006567.0	OG0002799.0	OG0003123.8
3.010784	nan	4.610271	4.286376000000001	3.4285910000000004	21.7425
OG0000746.0	OG0000392.72	OG0000330.24	OG0013646.0	OG0000011.866	OG0009167.0
54.536	nan	3.7757379999999996	3.129302	nan	5.359342
OG0000698.19	OG0000006.1077	OG0001568.0	OG0016037.0
nan	1.933275	0.7504959	nan
OG0005678.1	OG0005650.10	OG0004210.10	OG0014616.0	OG0004413.0
0.375395	2.730545	9.899802000000001	1.072899	117.6135
OG0000656.0	OG0001051.24	OG0006179.6	OG0013476.2
4.942446	nan	2.800494	8.034508
OG0006946.0	OG0000230.58	OG0010606.0	OG0001968.0
216.1036	nan	nan	2.5932459999999997
OG0001181.24	OG0004065.0	OG0010169.2	OG0014536.2	OG0010956.0
nan	14.23545	1.608378	1.368457	5.299005
OG0007507.0	OG0004466.4	OG0007071.2	OG0007498.4
3.7038870000000004	0.1674594	26.20228	1.9958099999999999
OG0009189.0	OG0003539.14	OG0014845.2	OG0007895.0
nan	1.9486900000000003	2.786153	5.316851
OG0002241.0	OG0005069.2	OG0008301.3	OG0006885.3
3.790087	7.106733999999999	4.5713099999999995	1.9911900000000002
OG0020452.0	OG0005449.2
3.366312	5.133816
OG0005177.0	OG0005383.0	OG0006855.18
21.66856	11.77474	0.5447579
OG0004028.22	OG0005091.0
44.92088	3.140016
OG0005434.1	OG0014770.4	OG0001194.24	OG0002529.1	OG0008603.0
0.9561909	8.04445	nan	1.914741	3.868605
OG0012920.2
231.8491
OG0006698.0	OG0011941.2	OG0011935.0	OG0005681.2	OG0003981.1
26.1202	4.366389	4.415761	7.128753	2.563026
OG0005012.2	OG0001234.24	OG0013039.0	OG0010918.0
1.329742	nan	3.013667	5.618407
OG0004198.0	OG0009893.3	OG0003172.0	OG0005330.0	OG0008555.0	OG0002867.1
1.069038	0.5160191	1.8284650000000002	214.5207	3.116882	3.245493
OG0006854.0	OG0002097.0	OG0006466.0	OG0003471.0
2.236589	nan	0.733707	45.20361
OG0007266.2	OG0005311.3
4.641717	5.835827
OG0005948.0	OG0000680.1
13.8582	nan
OG0001716.0	OG0005030.0	OG0003819.2	OG0001860.0
45.94883	2.163214	nan	nan
OG0005319.19	OG0005519.0	OG0009140.4
0.9895724	nan	1.3614709999999999
OG0011415.2	OG0008208.0	OG0003607.0
2.940207	2.788975	22.07339
OG0001649.0	OG0003093.20	OG0007020.8	OG0010737.2
nan	nan	20.06287	0.6100512
OG0006413.1	OG0000663.26	OG0000004.680	OG0012223.0
2.697757	nan	13.268170000000001	3.4862889999999997
OG0018066.2	OG0001604.2	OG0000107.5
6.396689	13.83036	0.6197526999999999
OG0005841.2	OG0003465.0
8.959255	45.05509
OG0004271.1	OG0000610.0	OG0005062.1
227.7574	4.57338	3.1374880000000003
OG0004170.0	OG0011300.1	OG0000129.61	OG0011390.4
2.197118	225.1679	2.072437	3.19484
OG0005178.7	OG0006804.0
6.3278	0.4374031
OG0002395.1
1.8829810000000002
OG0003235.2	OG0005679.1	OG0005859.0
3.780711	0.8617591	0.43675569999999997
OG0002564.0	OG0004764.7	OG0002347.0	OG0007142.4	OG0018984.0
0.47783339999999996	20.64467	2.678793	7.433261	1.7336209999999999
OG0008509.10	OG0000772.0	OG0014806.4
225.8588	nan	8.055617999999999
OG0005261.0	OG0010937.1	OG0015380.0
7.024845	3.11046	1.724825
OG0002882.0	OG0005556.2	OG0012077.2
3.078568	nan	3.4721889999999997
OG0000172.0	OG0007721.6	OG0002232.24
4.523844	3.9793769999999995	5.276221
OG0006428.0	OG0011932.2	OG0010165.0
5.324154	2.026337	3.415803
OG0008782.8	OG0004608.0	OG0004832.0	OG0005659.6	OG0014678.1	OG0006714.0
2.822914	0.8001282	1.7300349999999998	3.323058	8.051665	225.4887
OG0005196.0	OG0000129.61	OG0006231.0	OG0005843.1
0.5708591	2.072437	3.8114769999999996	3.017262
OG0001425.1	OG0003422.0
nan	45.468379999999996
OG0002242.0
3.7802860000000003
OG0006146.0	OG0004353.1	OG0012733.0	OG0007058.0	OG0002659.0
117.4423	16.61191	4.149392	2.699087	27.873409999999996
OG0005878.30	OG0004338.2	OG0001734.7	OG0003483.0
2.097721	nan	nan	45.57463
OG0014857.2	OG0006578.0
2.728723	213.50900000000001
OG0008550.0	OG0007290.2
0.5228437	4.119851000000001
OG0004012.2	OG0007802.0	OG0000912.26	OG0002198.0	OG0007731.0	OG0007384.1	OG0004809.0
0.432962	3.364694	5.419715	1.9751580000000002	2.842474	1.7717619999999998	8.906642
OG0000865.1	OG0002168.0	OG0003923.0
nan	nan	0.7274406
OG0002199.2	OG0000524.1	OG0001440.24	OG0002989.1
25.88694	nan	nan	44.52448
OG0005986.4	OG0016408.0
214.459	2.4358619999999997
OG0005097.2	OG0004495.0	OG0004291.0
1.9418389999999999	1.503694	1.989253
OG0005853.2	OG0003966.0	OG0006920.0	OG0000158.1	OG0000651.0
4.2078050000000005	nan	222.8933	4.873151999999999	1.5227979999999999
OG0002323.0	OG0005946.0	OG0006680.0	OG0008589.0	OG0018080.2
264.8327	216.0157	219.9324	0.8827626000000001	6.36871
OG0010701.0	OG0001241.24	OG0003096.0	OG0004586.12
4.659463	nan	1.404907	0.317198
OG0003113.0	OG0008982.0	OG0007865.1
5.9078870000000006	2.6233310000000003	7.749977
OG0013586.8	OG0008538.0	OG0006650.0
8.067494	1.591607	186.7855
OG0007873.6	OG0001738.24	OG0001521.0	OG0014706.0
4.65825	3.338011	5.038203	4.46765
OG0002627.62	OG0005764.0	OG0008246.0	OG0002359.22
3.925869	0.5696366999999999	5.338203	2.9482009999999996
OG0005289.4	OG0015300.0	OG0005988.0	OG0000857.0	OG0005441.0	OG0007996.0	OG0008159.8	OG0001193.1
4.563055	1.0907959999999999	nan	26.167939999999998	nan	1.287089	4.61418	3.638232
OG0011758.5	OG0010123.0	OG0006291.0
1.073793	5.262398999999999	26.232409999999998
OG0000101.312	OG0006864.2	OG0013540.4	OG0002969.0	OG0003783.0	OG0012079.4
0.43750920000000004	3.189759	1.310757	3.211425	21.63523	224.7754
OG0009112.0	OG0005077.4	OG0018980.0	OG0000995.5
3.6356940000000004	10.31177	2.0272189999999997	nan


OG0013991.0	OG0006385.0	OG0007189.2	OG0007052.0	OG0001190.24
nan	1.7722939999999998	0.9907738000000001	222.2081	nan
OG0007594.0	OG0001556.24	OG0004179.2	OG0002450.4	OG0007792.10	OG0002647.6
nan	1.461977	3.213883	2.017427	2.696077	2.551668
OG0002431.0	OG0004629.0	OG0008995.2	OG0005805.2	OG0001361.1
0.874426	45.64282	0.5310395	0.8360356	nan
OG0006722.0	OG0004812.0	OG0002942.5	OG0000996.1	OG0003562.0
1.641825	9.01097	116.273	nan	6.22445
OG0005001.1	OG0004527.0	OG0008185.0
4.564579	3.4827489999999997	4.524379
OG0004871.0	OG0000214.0	OG0009022.8	OG0004972.9	OG0007054.1	OG0001614.0
11.604000000000001	nan	227.0422	212.9888	0.7204111	2.636914


OG0003855.1	OG0000506.0	OG0002934.1	OG0012771.2	OG0008725.7	OG0003029.3
13.89502	17.05106	2.650182	0.7248977	3.4004870000000005	7.967303
OG0002657.5	OG0004221.0	OG0009859.2	OG0013963.0	OG0001532.0	OG0006694.0
15.952729999999999	1.672841	1.385626	1.53105	1.8493509999999997	215.6226
OG0009069.4	OG0007007.0	OG0000287.0	OG0000037.1
4.6215839999999995	nan	1.6736950000000002	5.119364
OG0001602.32	OG0002939.24	OG0006056.0	OG0012711.2
nan	10.26835	5.412388	1.519008
OG0004914.2	OG0000000.2010	OG0017883.2	OG0006967.13
2.201145	20.28206	2.51662	nan
OG0001221.1	OG0008917.12	OG0001911.24	OG0001382.24	OG0020516.0
nan	2.272448	1.460533	nan	0.9778698
OG0009161.0	OG0001356.24	OG0001023.7
5.298202	nan	nan
OG0009252.0	OG0010670.0
2.5216369999999997	4.658608
OG0001989.0	OG0002962.1	OG0000245.24	OG0002179.2
nan	3.802576	nan	nan
OG0006469.8	OG0002669.0	OG0005093.2	OG0007955.13
1.108949	6.403475	12.73497	194.0996
OG0001558.2	OG0016122.4	OG0005671.4	OG0013593.4
3.385417	8.094818	1.3842940000000001	8.11074
OG0011435.0	OG0001503.3	OG0002441.0	OG0003631.7
3.4187980000000002	219.2463	1.077499	1.63953
OG0001604.92	OG0013717.0	OG0004253.7
1.690032	1.5076120000000002	0.43681629999999994
OG0004217.6	OG0009923.1	OG0003228.0	OG0016924.0
3.3322220000000002	1.047801	3.038753	nan
OG0002995.2	OG0006131.0	OG0016693.0	OG0001813.8	OG0000410.10
216.1957	1.384825	1.713712	nan	1.532171
OG0001780.0	OG0006056.0	OG0008254.2	OG0001864.0	OG0002139.0
0.1230177	5.412388	4.643713	45.39096	nan
OG0011251.0	OG0007908.2
nan	4.594869999999999
OG0016914.0	OG0002895.22	OG0005095.4	OG0010763.4	OG0008358.1	OG0003848.6
nan	4.968912	9.298468	1.4025	1.31778	2.111997
OG0000038.0	OG0010922.5	OG0008047.23	OG0003334.0	OG0002055.0	OG0003608.2
nan	nan	nan	4.321431	nan	117.8011
OG0005223.0
9.021463
OG0004807.4	OG0009900.2
8.474592	2.3152310000000003
OG0001963.0	OG0000074.1	OG0001376.24	OG0001688.16	OG0010771.4	OG0003400.1
nan	nan	nan	nan	2.094665	5.340155
OG0012693.2	OG0000767.24	OG0002942.5
1.612252	nan	116.273
OG0000254.0	OG0005424.4	OG0006180.8	OG0003819.2
nan	2.580551	4.555956	nan
OG0000413.2	OG0002191.0	OG0007938.0	OG0009122.0	OG0010774.7
nan	3.8027900000000003	3.268321	0.6110116	1.6976790000000002
OG0003151.14	OG0010499.5	OG0004057.32	OG0005950.0	OG0001188.24
7.489176	8.058541	8.516888	26.43013	nan
OG0011426.2	OG0008663.0	OG0021391.0
2.1590979999999997	3.545628	1.3806690000000001
OG0000698.1	OG0006631.0	OG0004876.0	OG0003715.0	OG0001546.1
8.093363	222.358	0.6759645000000001	4.947248	nan
OG0005410.10	OG0011251.0	OG0017010.0
0.6584005	nan	0.9715067
OG0008133.2	OG0004290.0	OG0007604.0	OG0007257.4
1.632858	1.621918	nan	4.552385
OG0011261.0	OG0012125.2	OG0004964.6	OG0004218.23
3.4665790000000003	227.4876	7.2948509999999995	2.075052
OG0000683.0	OG0005297.0	OG0010987.0	OG0006050.7	OG0017878.0	OG0006110.22
nan	171.1629	3.25502	3.793432	nan	1.9160439999999999
OG0015129.0	OG0007595.0	OG0003146.0
2.0359580000000004	7.7645740000000005	211.1241
OG0007041.0	OG0006296.0	OG0004983.2
223.7909	217.4627	14.051520000000002
OG0003140.0	OG0007508.0
226.7565	146.1593
OG0001665.2	OG0005305.2	OG0008571.0	OG0005922.6	OG0001173.24
259.2356	2.316651	nan	0.6431428000000001	nan
OG0007161.0	OG0000458.0	OG0009058.0
2.228526	2.728966	nan
OG0006310.0	OG0000374.0	OG0000411.0
26.36352	nan	nan
OG0006633.0	OG0003363.0	OG0014358.0
221.2646	26.02456	2.534877
OG0001374.1	OG0018016.0	OG0006117.2	OG0000986.24	OG0003678.2
nan	8.090468	5.270464	nan	0.8483383
OG0002005.0	OG0000962.24	OG0014672.2
nan	nan	8.135032
OG0000054.0	OG0005693.0	OG0014682.4	OG0016066.0
nan	2.85122	8.07782	1.624584
OG0006806.0	OG0014670.4	OG0000216.50	OG0000828.16
nan	nan	nan	nan
OG0013724.0	OG0012759.0	OG0001164.24
1.360943	2.760259	nan
OG0000951.10	OG0002983.24	OG0010530.0	OG0000271.0	OG0000498.0
20.48976	8.51136	4.4333540000000005	1.09096	nan
OG0007016.6	OG0004022.1	OG0013450.0
4.652921	3.082122	nan
OG0011282.2	OG0007789.0	OG0001053.24
nan	3.503996	nan
OG0000832.1	OG0001043.2	OG0001933.0
5.261181	nan	nan
OG0013523.0	OG0000509.168	OG0002954.0
0.8425226	3.2294099999999997	28.24649
OG0006512.0	OG0006208.0	OG0016192.0	OG0011920.4	OG0014810.0
219.8388	27.00508	4.222913	8.142864999999999	8.213123
OG0002473.24	OG0014034.0	OG0004762.1	OG0007028.3
213.81599999999997	2.2203	45.2797	223.1472
OG0001661.0	OG0001798.0	OG0001536.0	OG0016966.0	OG0007812.2
nan	nan	nan	1.3140120000000002	2.572943
OG0006203.0	OG0001352.26	OG0004757.2
217.3178	nan	21.74194
OG0002517.18	OG0006935.0	OG0018154.0
nan	4.6455470000000005	nan
OG0012739.6	OG0006409.2	OG0012220.0
nan	146.0144	3.011464
OG0004194.2	OG0006890.0	OG0006648.0
2.112257	218.1888	218.1364
OG0000053.0	OG0012271.0	OG0001382.24	OG0001518.24	OG0020500.0
nan	1.9347009999999998	nan	nan	nan
OG0014586.0	OG0005036.2	OG0000378.125	OG0007117.0	OG0001679.24	OG0004846.2
2.5415080000000003	26.25948	nan	1.172442	1.490357	0.45829090000000006
OG0001263.26
nan
OG0000723.1	OG0007410.6	OG0012695.2	OG0003583.2	OG0005690.0	OG0012483.0
45.30285	1.878585	2.1877	nan	0.7235246	1.176158
OG0005532.0	OG0011935.0	OG0011322.2	OG0002004.0	OG0005476.18
45.103590000000004	4.415761	nan	nan	8.009817
OG0002363.1	OG0005073.0	OG0003149.1
3.2444900000000003	7.6432020000000005	1.768857
OG0003630.6	OG0003041.28	OG0003479.0	OG0000000.1657
2.466766	nan	nan	19.945729999999998
OG0002001.0	OG0002547.23	OG0015156.0	OG0005006.2
nan	14.011339999999999	224.2738	1.39741
OG0000061.0	OG0004324.0	OG0000004.1832	OG0004440.1
1.095665	3.186394	11.794780000000001	0.75635
OG0001987.0	OG0013039.0	OG0003282.0	OG0000500.55	OG0002235.0
nan	3.013667	13.8183	1.299875	4.043545
OG0010522.4	OG0000167.8	OG0003628.6	OG0014750.4	OG0011758.5	OG0005026.2
1.804239	0.2733614	4.4289510000000005	8.073981	1.073793	3.7884660000000006
OG0005480.12	OG0008760.0	OG0016534.2
3.3907260000000004	4.6383220000000005	5.164199
OG0007768.18	OG0016159.4
2.8164689999999997	8.058146
OG0000781.28	OG0007577.0	OG0005033.0
nan	5.295294	4.665107
OG0006445.0	OG0004798.0	OG0001200.0	OG0002915.0	OG0016941.0
nan	2.71271	8.241861	2.808322	1.573109
OG0001455.24	OG0007914.0	OG0014625.0	OG0000709.10	OG0018140.2	OG0006337.0	OG0000000.1777
nan	1.313127	1.697916	nan	1.226525	4.994261	1.8801919999999999
OG0000743.4	OG0009208.0	OG0001548.0
16.478289999999998	3.4367160000000005	97.72879
OG0010497.2	OG0005769.2	OG0000165.49	OG0004646.10	OG0009851.6	OG0011277.2
2.38678	13.73971	nan	5.140569	236.6282	224.877
OG0001672.0	OG0007302.0	OG0013986.0	OG0014542.4	OG0020619.0	OG0000001.2	OG0006952.4
2.35493	217.0663	1.383145	8.009424000000001	2.410505	1.580079	4.627308
OG0003878.0	OG0006384.2	OG0013576.5	OG0002993.1	OG0013806.2
45.19735	1.499733	8.084611	nan	3.321007
OG0000034.305	OG0011321.2	OG0010684.0	OG0000703.24	OG0003316.28	OG0004967.2	OG0012934.2
nan	1.213957	4.609971	nan	21.87077	0.6915256	3.5073239999999997
OG0014796.4	OG0007594.0	OG0014595.2	OG0000562.7
8.054889999999999	nan	1.389923	nan
OG0006586.0	OG0000365.0
218.2372	2.9083959999999998


OG0018016.0	OG0004330.0	OG0005055.0	OG0008075.16	OG0006584.0
8.090468	0.477204	54.02741999999999	3.220797	214.0781
OG0003663.2	OG0020449.0	OG0007801.6	OG0014012.2	OG0001136.24
117.2609	3.411174	3.479946	0.967825	3.3798470000000003
OG0001316.24	OG0018476.0	OG0011630.6	OG0006170.0	OG0004557.0	OG0003325.0
nan	1.732643	1.2631620000000001	1.761326	8.517184	nan
OG0005360.0	OG0010717.0	OG0006630.0
2.792118	4.546978	227.3433
OG0008559.4	OG0005255.0
170.2615	7.7437
OG0001357.24	OG0003361.4	OG0001630.0	OG0008617.0	OG0002644.24	OG0016124.4
nan	4.207196	nan	3.49559	45.41186	8.090091000000001
OG0014554.2	OG0000559.30	OG0003683.0	OG0000146.266	OG0005720.8	OG0006194.0
8.083515	nan	44.989129999999996	122.9296	217.7753	26.21405
OG0004143.22	OG0006551.0	OG0000405.0	OG0004215.0
45.53788	220.0586	nan	nan
OG0002713.0	OG0005463.3	OG0003557.10
2.841877	5.690017	46.8154
OG0020451.0	OG0007220.2	OG0004241.1
3.3681620000000003	2.4973520000000002	1.6685029999999998
OG0009249.0	OG0007632.0	OG0003245.3	OG0000044.272
1.091225	215.0992	2.550441	nan
OG0003298.30	OG0012733.0	OG0002064.12
2.509535	4.149392	20.200670000000002
OG0000501.150	OG0009061.6	OG0001731.4
4.755258	2.408923	1.646309
OG0000245.24	OG0000312.86	OG0001010.0	OG0002025.0
nan	1.926107	1.383887	nan
OG0007053.2	OG0011173.0	OG0007598.0	OG0000006.561	OG0002315.0	OG0007539.0
216.88	1.168696	210.4626	nan	nan	2.57999
OG0010044.0	OG0004813.0	OG0002822.4	OG0000506.0	OG0009122.0
1.351811	2.064171	2.140325	17.05106	0.6110116
OG0007850.2	OG0001153.126	OG0006948.0
2.238157	1.115342	212.5753
OG0002473.24
213.81599999999997
OG0000211.48	OG0004648.0	OG0016187.1
268.0499	nan	8.019223
OG0007189.2	OG0004545.0	OG0003463.6	OG0004945.0	OG0007497.0
0.9907738000000001	1.403256	7.624378	1.0136379999999998	145.2431
OG0006746.0	OG0009775.6	OG0002991.24	OG0001813.8	OG0002513.2	OG0003281.0
3.6164629999999995	5.317666	10.3782	nan	5.281176	26.85091
OG0001466.10	OG0000004.1832	OG0006002.6	OG0000072.0	OG0000898.1
3.7773800000000004	11.794780000000001	215.5146	2.084483	261.6117
OG0000000.1571	OG0004298.0	OG0007849.2	OG0016162.0	OG0000010.868	OG0007243.4
2.1213029999999997	nan	2.61701	4.715157	3.385737	5.3084050000000005
OG0018983.0	OG0006776.0	OG0005960.8	OG0013856.2	OG0000573.1
nan	nan	218.5402	nan	4.633589
OG0001450.26	OG0003016.8	OG0017905.0	OG0004464.0	OG0000268.1	OG0007387.6
nan	0.12283689999999998	2.722141	nan	5.777373000000001	2.240639
OG0003852.0	OG0013564.0	OG0002236.0	OG0000565.37	OG0004280.1
21.77525	4.747928	nan	nan	26.946040000000004
OG0004149.3	OG0000736.0	OG0001087.24	OG0003135.0
10.13647	nan	nan	12.81969
OG0003303.4	OG0004209.2	OG0002031.0	OG0005422.0
16.1615	117.3666	nan	7.630961999999999
OG0003958.0	OG0007141.0	OG0015363.2	OG0003470.0
1.283756	2.279985	1.314725	46.12407
OG0006106.4	OG0000892.1	OG0003493.0	OG0003616.0
3.664997	nan	45.05247	23.81568
OG0009807.0	OG0002875.0	OG0003234.11
2.547853	3.454847	nan
OG0010546.2	OG0014679.4	OG0007097.14	OG0006804.0	OG0007896.0
2.3310869999999997	8.210408000000001	1.681343	0.4374031	5.387507
OG0004402.13	OG0010671.0
2.8624	3.4499239999999998
OG0006457.2	OG0001099.24
3.647736	3.349285
OG0008655.4	OG0013497.4	OG0003732.8	OG0013537.2	OG0010624.0	OG0010302.3	OG0011340.8
4.591362999999999	8.160279	2.015177	1.401469	1.128978	1.529005	2.4522009999999996
OG0001908.2	OG0000273.0	OG0020480.0	OG0000496.0
2.736157	5.356093	nan	5.292635
OG0000658.0	OG0013944.4	OG0012967.0
nan	1.377467	2.044451
OG0004598.18	OG0003690.16	OG0013509.4	OG0004525.1
2.478272	116.6009	1.303808	217.3246
OG0006268.0	OG0001745.0	OG0013720.4	OG0004890.3	OG0003497.0	OG0007537.0
25.93896	3.312107	1.6880389999999998	1.107626	45.469590000000004	1.047762
OG0012182.2	OG0009313.0	OG0003361.4
0.7700684	3.3667290000000003	4.207196
OG0000912.26	OG0003669.6	OG0013833.0	OG0004144.0
5.419715	nan	2.23316	216.2539
OG0004677.10	OG0005531.1	OG0000014.240
0.8237665000000001	0.7231704999999999	nan
OG0001844.24	OG0002667.22	OG0007451.0	OG0008770.0
1.107237	4.901351999999999	nan	2.663869
OG0014849.0	OG0005431.0	OG0001189.24	OG0001129.24
3.20692	nan	nan	nan
OG0007441.4	OG0001804.24	OG0001939.0
nan	220.7282	3.383313


OG0002324.4	OG0006779.0	OG0017987.0	OG0012670.4
3.778114	9.681834	8.104894	nan
OG0013497.4	OG0007202.0
8.160279	1.6755509999999998
OG0014758.1
8.004901
OG0006095.0	OG0005960.8
2.8823369999999997	218.5402
OG0006581.6	OG0002880.0	OG0003239.9
4.599405	1.5435370000000002	14.970089999999999
OG0001557.1	OG0000577.45	OG0010515.0	OG0014759.0	OG0003100.0
21.40628	2.6238479999999997	1.524274	nan	5.40525
OG0004233.4	OG0012272.0	OG0013928.0	OG0004290.0	OG0000027.1	OG0004637.1	OG0016814.0	OG0000120.320
2.007469	2.951155	1.051775	1.621918	nan	28.23035	3.523428	8.083722999999999
OG0000181.164	OG0009946.2
nan	4.583368
OG0001953.2	OG0008347.0	OG0004518.0	OG0002555.0
nan	3.5678160000000005	14.132029999999999	3.27231
OG0000361.3	OG0003196.1	OG0001594.1	OG0003796.0	OG0005048.14
45.456959999999995	5.6012900000000005	nan	3.5289949999999997	1.468749
OG0000990.0	OG0010134.8	OG0005906.3	OG0004006.0
nan	1.133879	2.7138619999999998	21.61156
OG0002426.84	OG0005476.1	OG0014743.1	OG0005930.6
nan	2.790567	8.086678	0.3112351
OG0009943.0	OG0000005.131	OG0005435.0	OG0004769.2	OG0014567.3	OG0002404.36
168.4816	0.5722754	2.590594	3.8239089999999996	2.597482	1.373216
OG0003873.0	OG0010018.0	OG0000145.283	OG0004388.0	OG0004741.0
77.50316	4.647885	3.59681	71.68302	16.66169
OG0006909.0	OG0003107.0	OG0007341.1
217.9302	1.045762	2.376891
OG0001182.24	OG0006245.2	OG0011564.0
nan	215.0384	nan
OG0005557.0	OG0003856.24	OG0002534.16	OG0003883.2	OG0002381.0
45.51155	2.27716	2.862922	11.72063	20.54448
OG0000902.24	OG0014064.1	OG0006449.10
nan	2.244791	123.3567
OG0008047.23	OG0003056.0	OG0008148.0	OG0006392.0
nan	2.288461	3.5751120000000003	2.337082
OG0011494.6	OG0007420.0
2.22186	2.945166
OG0010608.0	OG0001034.6
4.462955	2.9896380000000002
OG0006706.0	OG0001768.0	OG0004472.0	OG0001126.24
217.8533	3.303034	117.0666	nan
OG0001061.24	OG0012246.0	OG0014528.2	OG0003983.0	OG0008984.2	OG0004257.24
nan	3.023487	1.325244	0.9902593000000001	0.9008966999999999	51.97249
OG0004681.6
12.93338
OG0000396.79	OG0006221.6
nan	4.670707
OG0005939.0	OG0004655.2	OG0003754.0	OG0005936.0	OG0004152.1	OG0004070.2	OG0006564.0	OG0010725.0
2.2197810000000002	172.6313	1.4968299999999999	2.1852650000000002	26.1934	7.818708	218.1933	2.752272
OG0017897.0	OG0000110.280	OG0004545.0	OG0005189.0
1.441164	224.5021	1.403256	26.345370000000003
OG0004563.0	OG0020746.0	OG0013999.2	OG0002276.0
9.685361	nan	2.651924	14.2013
OG0006004.0	OG0001458.24	OG0006617.0	OG0005679.1
13.55531	nan	215.3586	0.8617591
OG0002908.2	OG0016900.2	OG0010001.2	OG0014172.0	OG0005302.10
4.518636	2.622608	5.28137	1.1890610000000001	2.737118
OG0004707.0	OG0005577.0	OG0002300.0	OG0004335.0
10.26682	214.2689	2.033292	9.877979
OG0003528.0	OG0006622.0	OG0000969.0	OG0005741.0
2.921056	nan	2.342855	188.3775
OG0001248.1	OG0002678.0	OG0003173.0	OG0005194.1	OG0000587.26
nan	19.98334	8.157033	4.975217	0.9420625
OG0005719.2	OG0001589.0	OG0009865.0
14.443320000000002	3.778089	0.5664812
OG0003108.24	OG0005519.0	OG0004533.8
0.1230917	nan	71.986
OG0008095.2	OG0011348.0	OG0002713.0	OG0005096.16	OG0007767.2
5.07603	2.571637	2.841877	1.7001700000000002	nan
OG0004978.3	OG0008944.6
4.315793	4.432476
OG0008172.0	OG0012035.0	OG0000874.1	OG0003638.22
2.187131	2.76815	2.748686	12.55729
OG0014015.0	OG0003478.0	OG0013885.0	OG0008481.0
1.8179880000000002	45.67302	2.027104	nan
OG0008101.0	OG0006692.0	OG0012766.4	OG0020614.0
1.638156	nan	3.210654	2.015979
OG0000002.1495	OG0009961.0	OG0005129.8	OG0004187.1	OG0013023.0	OG0004439.0
0.7957283	1.443247	4.19113	117.3943	1.0911600000000001	116.8525
OG0007239.4	OG0005298.1	OG0003857.2	OG0001961.2	OG0005695.10
4.582543	1.662955	1.742418	nan	nan
OG0006899.0	OG0000864.26	OG0007303.0	OG0005716.0	OG0013540.4
20.91123	nan	216.4917	7.087035	1.310757
OG0005121.0	OG0003791.0	OG0013246.0	OG0004377.2	OG0002865.0
1.810016	nan	2.365831	1.0085540000000002	2.192173
OG0000354.184	OG0011940.0	OG0001264.24	OG0002336.0	OG0006030.0
2.069323	1.157143	nan	2.720175	13.99247
OG0004855.0	OG0000265.0	OG0006838.6	OG0005445.3	OG0010637.3	OG0001100.24
7.143824	nan	219.3747	2.8834880000000003	1.219742	nan
OG0001074.2	OG0006132.8	OG0007582.2
nan	146.9173	4.672025
OG0003653.0	OG0007478.0	OG0003452.0
4.806004	145.6948	45.47188
OG0005023.0	OG0004692.0	OG0002717.8
26.14862	8.359086	11.04082
OG0005612.2
1.452006
OG0012684.0	OG0009026.4	OG0007486.2	OG0006625.0
2.475157	5.978937999999999	3.813998	217.0865
OG0006180.8	OG0003835.22	OG0006814.0	OG0004626.2	OG0002411.40
4.555956	0.4266874	4.85784	1.394908	nan
OG0012379.4	OG0014667.0	OG0007871.0	OG0006137.0	OG0000666.0	OG0002900.21
3.741538	8.049987	20.19641	1.579184	nan	nan
OG0003300.0	OG0005665.0	OG0006153.16
13.79377	nan	0.6178241999999999
OG0010105.0	OG0008735.0	OG0005454.0
1.074395	5.317924	8.94134
OG0010756.0	OG0007940.2
4.846026999999999	4.575556
OG0001451.24	OG0006140.0	OG0011218.0	OG0001334.24
nan	188.78799999999998	2.04694	nan
OG0000621.39	OG0004680.8	OG0000648.134	OG0005616.0	OG0000004.778	OG0000822.0
nan	10.54627	1.6934810000000002	1.575734	4.567754	nan
OG0006993.4	OG0008619.3	OG0003312.4	OG0013595.2
4.705071	1.643464	2.0066189999999997	8.006913
OG0003992.0	OG0006170.0
1.000824	1.761326
OG0009220.12	OG0015189.0
nan	3.512576
OG0007733.0	OG0000973.2
0.4975866	nan
OG0005431.0	OG0005157.0	OG0002491.1	OG0005756.2
nan	14.0569	11.72599	13.98559
OG0005543.0	OG0003699.6	OG0004475.8
53.287580000000005	nan	9.428536
OG0002106.0	OG0000890.2	OG0008302.3
nan	4.024335	4.642955000000001
OG0001487.1	OG0002652.0	OG0003307.20
20.39068	nan	2.996671
OG0014799.4	OG0002784.9	OG0006682.0	OG0000101.19
8.208142	nan	nan	4.17747
OG0006540.0	OG0005491.2	OG0001931.42	OG0003926.2	OG0000130.3	OG0013483.4
223.4156	3.158199	nan	8.087157000000001	3.4382629999999996	8.17417
OG0003824.0	OG0017902.0
20.158910000000002	3.3982660000000005
OG0003953.2	OG0022657.0	OG0001089.2	OG0011483.4	OG0004446.2
25.43019	nan	nan	nan	4.558288
OG0006167.0	OG0009938.0	OG0013568.4	OG0001919.2	OG0001600.40
1.102315	164.2969	7.993705	2.322714	nan
OG0000021.823	OG0008759.0	OG0002329.0
1.7292150000000002	1.663534	3.8073839999999994
OG0009205.0	OG0006440.2	OG0000101.7
3.8280199999999995	6.5883910000000006	8.045724
OG0001148.24	OG0000588.0	OG0007822.0	OG0006494.0	OG0009066.4	OG0001485.24	OG0007330.1	OG0002956.4	OG0011288.6
nan	nan	10.91375	nan	4.585621	nan	0.6274472	1.2008889999999999	227.2738
OG0004363.0	OG0001206.1	OG0009851.6	OG0007145.0
229.6123	nan	236.6282	2.593683
OG0010526.2	OG0003229.0	OG0002472.0	OG0004362.4	OG0008341.0
0.7694839	1.723337	1.108479	0.8052608	215.4607
OG0005378.12	OG0000004.1194	OG0007244.6
212.2234	4.536103	nan
OG0003882.2	OG0004566.0
11.933869999999999	118.9707
OG0010705.0	OG0002656.2	OG0000065.40	OG0006985.0	OG0014048.0
4.5842480000000005	2.708863	1.613891	20.704729999999998	2.23952
OG0011281.2	OG0003640.9	OG0004134.8	OG0004307.0	OG0004607.0
232.6875	5.309159999999999	0.9715299000000001	14.579329999999999	0.8016557
OG0000601.52	OG0000000.1657	OG0003682.2	OG0009933.0	OG0002220.0
nan	19.945729999999998	118.8852	2.78925	3.787062
OG0000776.26	OG0017889.0	OG0007444.0	OG0006535.0	OG0014797.0	OG0004650.6
nan	nan	1.6123379999999998	217.3892	1.564268	185.3412
OG0000039.0	OG0005529.0	OG0006190.0	OG0008755.0	OG0003294.0	OG0010904.1	OG0002522.0	OG0008613.6
nan	45.21933	186.7666	27.845509999999997	45.90995	2.971269	0.5401804	4.565368
OG0014747.1	OG0008546.0	OG0014056.0
8.063079	167.3871	2.214582
OG0002500.1
26.33965
OG0020750.0	OG0014704.4	OG0007006.0	OG0008447.4
2.41547	7.987781	7.785946000000001	0.7159711
OG0000220.0	OG0016063.0	OG0000398.15
0.5849548000000001	2.214092	2.756584
OG0007018.0	OG0005465.0	OG0007722.2	OG0003963.4	OG0006396.7
213.7589	9.403352	10.630469999999999	115.2107	nan
OG0000517.3	OG0003313.1	OG0015301.0	OG0011347.0	OG0000806.27
0.1230653	66.40208	1.645377	2.534955	nan
OG0002570.0	OG0001346.24	OG0002739.0	OG0016202.4
nan	nan	nan	7.991878
OG0001111.22	OG0006667.0	OG0021391.0	OG0005677.3
nan	212.1334	1.3806690000000001	147.6782
OG0008486.0	OG0002697.0	OG0002945.0	OG0002337.7
1.181144	3.8001739999999997	4.4801400000000005	2.285468
OG0005640.2	OG0000234.28	OG0005255.0	OG0010591.0	OG0005989.0
0.24367039999999998	1.302132	7.7437	3.234845	7.738764
OG0000133.1	OG0016018.0	OG0005028.2	OG0000004.1207
nan	3.1984779999999997	21.889210000000002	1.494843
OG0001571.22	OG0011645.0	OG0001924.24	OG0007547.0	OG0000002.2	OG0001246.24
20.3742	2.203836	19.26039	2.79535	nan	nan
OG0002448.22	OG0002594.0	OG0003261.23	OG0005145.0
12.28026	19.226570000000002	14.19605	2.131974
OG0005440.0	OG0005105.0	OG0009065.0	OG0003932.0	OG0002802.20
7.734752	19.97309	2.943543	2.050805	7.0172360000000005
OG0001602.32
nan
OG0000549.1	OG0012928.2	OG0007642.2	OG0022324.0
19.3121	3.462245	4.6126190000000005	256.6892
OG0002438.24	OG0000004.167	OG0008617.0	OG0000158.106	OG0004447.2
0.7654584	nan	3.49559	3.1801009999999996	117.6154
OG0006765.2	OG0012089.2	OG0001533.2	OG0011270.0	OG0004039.2
8.129125	231.5247	3.15212	3.686919	222.2392
OG0012071.2	OG0002557.1	OG0001592.24	OG0006073.4
228.8602	1.6236059999999999	nan	nan
OG0006122.0	OG0007478.0	OG0007203.0	OG0004639.6
7.274373	145.6948	1.830064	5.55692
OG0001461.24	OG0001868.2	OG0007404.0
nan	nan	9.7295
OG0000630.28	OG0006365.0	OG0000508.11
7.986387	nan	10.10034
OG0006513.0	OG0005982.0	OG0002253.0
219.8224	217.2284	2.667418
OG0011237.6	OG0005267.1	OG0002727.0	OG0008684.0	OG0007301.2	OG0011435.0
3.29776	11.665389999999999	45.48079	5.280836	4.644246	3.4187980000000002
OG0001996.0
nan
OG0013849.0	OG0018138.0	OG0013915.4	OG0010724.0	OG0006356.1
1.6438110000000001	1.110183	0.9524353999999999	4.489095	nan
OG0006596.0
215.4584
OG0006531.0	OG0004462.0	OG0006000.0	OG0010948.6
20.197229999999998	0.1206527	13.892479999999999	nan
OG0008132.12	OG0005175.0	OG0003094.22	OG0002289.0
1.633358	170.4387	1.630269	256.2155
OG0002819.0
3.302732
OG0014524.2	OG0005970.0	OG0004916.18
1.692822	5.346322	20.283520000000003
OG0005917.0	OG0008343.0	OG0002978.0	OG0006736.16	OG0002692.25	OG0002912.0
5.101096	213.9793	0.7911914000000001	0.9131345	119.0761	28.330959999999997
OG0007213.0	OG0004308.0
2.800245	nan
OG0004295.4	OG0005937.10	OG0002897.1	OG0004116.4	OG0003556.1
118.7092	1.077589	0.3180114	3.890366	21.30105
OG0011315.0	OG0003437.2	OG0008166.0	OG0001428.1	OG0016966.0
1.864047	44.79003	0.8934148000000001	nan	1.3140120000000002
OG0003222.0	OG0016916.0	OG0000826.25	OG0006009.0
1.8804619999999999	2.631032	nan	183.6998
OG0006536.0	OG0013052.2	OG0007492.4	OG0006113.2	OG0009124.0	OG0006618.0
207.8558	2.21561	2.967954	0.567818	2.311312	217.4385
OG0002691.13	OG0005784.8
117.8867	57.131040000000006
OG0005908.0	OG0010970.0	OG0020741.0	OG0003806.0	OG0000609.44
4.511647	5.381343	1.716304	45.14027	nan
OG0007715.0	OG0007284.0	OG0020535.0	OG0006473.0
0.5249691	19.19884	2.530461	3.246382
OG0003065.12	OG0008935.0	OG0000882.108	OG0014736.2	OG0000902.24
117.5943	1.551967	3.721764	1.7290419999999997	nan
OG0009970.2	OG0003711.6	OG0005512.0	OG0000005.249
1.145601	0.3315715	26.574659999999998	0.26983229999999997
OG0012935.0	OG0009059.4
232.2979	4.578241
OG0007177.0	OG0010106.14	OG0006804.0
4.201998000000001	8.073665	0.4374031
OG0012894.0	OG0011163.0
1.6205399999999999	4.219322
OG0015297.0	OG0005984.0	OG0000419.1	OG0007848.2
1.163575	14.089279999999999	17.71953	2.625006
OG0020589.0	OG0004495.0	OG0001796.6	OG0002631.6
0.9713206	1.503694	nan	219.96099999999998
OG0003713.0	OG0011912.1	OG0014580.0
1.980761	7.979317999999999	1.154024
OG0007256.0	OG0011321.2	OG0006919.0	OG0006005.0	OG0006562.0
5.492806	1.213957	219.2896	26.61515	215.0692
OG0006734.5	OG0010686.0	OG0000285.1	OG0004046.0	OG0000128.0
4.628515	4.58937	nan	0.6097945	nan
OG0005078.0	OG0004669.1	OG0004465.0	OG0006175.0	OG0004152.1
8.434371	1.421918	1.555004	6.499892	26.1934
OG0000513.32	OG0006634.0	OG0000823.4	OG0004996.0
nan	217.3677	5.147843	3.036347
OG0001013.0	OG0010699.0	OG0003206.16	OG0005987.0	OG0002494.29	OG0012274.0
3.3013510000000004	4.6318589999999995	9.88373	218.6691	2.140453	3.212725
OG0001599.24	OG0004659.0	OG0008238.2	OG0010885.0	OG0001218.24
258.5465	1.1833069999999999	2.856449	3.130933	nan
OG0011473.0	OG0003830.0	OG0000378.125	OG0007535.0
nan	nan	nan	147.9091
OG0010505.0
4.417338
OG0001183.1	OG0004232.0	OG0000979.1	OG0005988.0	OG0004945.0	OG0010992.0
nan	2.455835	nan	nan	1.0136379999999998	5.308608
OG0001200.0	OG0001311.5	OG0004523.4
8.241861	nan	3.826189
OG0003062.1	OG0007907.0
45.394059999999996	5.359323000000001
OG0008652.9	OG0005962.0	OG0001426.2	OG0005084.2	OG0002528.0	OG0008452.14
5.268774	215.8184	nan	nan	224.1359	nan
OG0013872.4	OG0016814.0	OG0002082.0	OG0005473.2	OG0009069.4	OG0014684.3
2.045411	3.523428	nan	9.304514	4.6215839999999995	8.115075
OG0014637.1	OG0006604.0	OG0007329.0	OG0002890.10
7.9795110000000005	215.5959	216.43900000000002	26.15184
OG0005097.2	OG0009064.0	OG0003174.0
1.9418389999999999	165.9789	3.295748
OG0006871.4	OG0001547.24	OG0000032.252
3.9515050000000005	nan	nan
