OG0001698.26	OG0006804.0	OG0004835.2	OG0000606.2	OG0001566.2	OG0001967.0	OG0012896.0	OG0004710.2	OG0002252.0	OG0000027.1	OG0006400.2	OG0001643.24	OG0000177.8	OG0012915.3	OG0022826.0	OG0022825.0	OG0004338.2	OG0000027.457	OG0000107.44	OG0012926.0	OG0000019.257	OG0000038.0	OG0000835.7	OG0004617.12	OG0004464.0	OG0004324.0	OG0000471.2	OG0000692.0	OG0016785.2	OG0002346.16	OG0009883.5
27.0	9.0	7.0	46.0	29.0	28.0	6.0	12.0	27.0	68.0	6.0	31.0	46.0	2.0	1.0	1.0	15.0	93.0	49.0	3.0	34.0	105.0	25.0	13.0	13.0	14.0	48.0	40.0	2.0	18.0	4.0
OG0000608.0	OG0000082.1	OG0011324.0	OG0005873.2	OG0000159.8	OG0002785.10	OG0000303.1	OG0001569.0	OG0003122.8	OG0000009.1514	OG0007431.0	OG0001155.24	OG0011344.2
26.0	84.0	5.0	11.0	60.0	21.0	41.0	23.0	22.0	14.0	6.0	27.0	5.0
OG0003701.0	OG0009855.6	OG0001095.25	OG0001525.51	OG0006791.0	OG0015216.2	OG0003087.0	OG0012926.0	OG0012895.2	OG0000003.0	OG0002296.2	OG0000892.1	OG0000009.195	OG0000726.25	OG0007139.2	OG0003896.1	OG0022892.0	OG0022888.0	OG0000009.195	OG0019225.0	OG0000006.1122	OG0000150.39	OG0000694.0	OG0000125.49	OG0012142.2	OG0007435.0	OG0019223.0	OG0019224.0
16.0	5.0	27.0	27.0	8.0	3.0	10.0	3.0	4.0	414.0	16.0	31.0	130.0	29.0	3.0	19.0	1.0	1.0	130.0	2.0	134.0	38.0	34.0	50.0	4.0	6.0	2.0	2.0
OG0000237.126	OG0004103.6	OG0000027.1	OG0003230.0	OG0000056.0	OG0000586.7	OG0000387.0	OG0001571.22	OG0000129.70	OG0003432.0	OG0005101.0	OG0003159.5	OG0002734.0	OG0005873.2	OG0003826.6	OG0003903.0	OG0013873.1	OG0000303.1	OG0010612.8	OG0003610.0	OG0008096.5	OG0000874.1
46.0	8.0	68.0	14.0	110.0	29.0	49.0	25.0	67.0	18.0	10.0	17.0	24.0	11.0	20.0	10.0	2.0	41.0	5.0	12.0	5.0	24.0
OG0003195.0	OG0022827.0	OG0000243.0	OG0000013.541	OG0022824.0	OG0000590.0	OG0000017.3	OG0000001.2899	OG0000606.2	OG0001660.2	OG0001051.24	OG0005103.0	OG0003606.1	OG0004957.0	OG0004936.2	OG0019228.0	OG0002853.0	OG0003616.0	OG0002186.0	OG0004719.0	OG0002489.10	OG0001471.24	OG0000288.44	OG0012106.0	OG0003896.1	OG0000693.28	OG0022924.0	OG0007431.0
22.0	1.0	37.0	94.0	1.0	31.0	210.0	52.0	46.0	31.0	27.0	11.0	17.0	13.0	11.0	1.0	22.0	20.0	27.0	8.0	23.0	27.0	4.0	4.0	19.0	35.0	1.0	6.0
OG0003343.2	OG0000092.1	OG0000953.26	OG0019183.0	OG0008122.4	OG0002898.12	OG0007398.0	OG0000158.1	OG0000948.24	OG0006103.0	OG0011297.6	OG0016761.6	OG0002963.0	OG0022762.0	OG0000156.2	OG0002604.2	OG0016759.0	OG0002137.2	OG0000599.0	OG0000310.18	OG0004324.0	OG0006400.2	OG0000442.2	OG0000835.7	OG0004203.0	OG0000851.0	OG0002898.12	OG0000019.257	OG0022893.0	OG0019250.0	OG0005259.0	OG0012126.3	OG0000159.8	OG0007424.17	OG0001612.0	OG0004948.4	OG0001041.4
25.0	47.0	27.0	2.0	7.0	12.0	9.0	8.0	28.0	14.0	4.0	1.0	8.0	1.0	52.0	16.0	2.0	27.0	44.0	42.0	14.0	6.0	34.0	25.0	18.0	35.0	12.0	34.0	1.0	1.0	10.0	4.0	60.0	3.0	28.0	15.0	20.0
OG0011297.6	OG0004315.0	OG0000030.0	OG0000869.2	OG0005445.3	OG0010617.4	OG0002564.0	OG0000243.0	OG0004957.0	OG0005262.4	OG0019212.0	OG0002651.6	OG0003896.1	OG0000471.2	OG0000844.0	OG0001776.0	OG0004573.1	OG0000344.0	OG0000062.12	OG0000206.0	OG0001648.0	OG0003672.0
4.0	18.0	131.0	41.0	7.0	5.0	21.0	37.0	13.0	10.0	2.0	32.0	19.0	48.0	30.0	16.0	16.0	22.0	47.0	43.0	18.0	21.0
OG0001190.24	OG0001660.2	OG0000096.49	OG0002220.0	OG0003441.0	OG0022909.0	OG0007433.0	OG0005857.0	OG0005101.0	OG0000793.0	OG0006106.4	OG0004093.2	OG0000009.195	OG0000791.2	OG0003082.0	OG0000022.126	OG0016792.2	OG0004092.8	OG0003508.0	OG0002098.0	OG0000139.0
27.0	31.0	3.0	25.0	21.0	1.0	6.0	7.0	10.0	28.0	11.0	19.0	130.0	25.0	24.0	9.0	2.0	18.0	7.0	27.0	41.0
OG0003225.0	OG0000018.289	OG0000032.252	OG0000185.5	OG0000062.197	OG0002258.2	OG0000748.0	OG0010628.2	OG0003716.0	OG0000927.0	OG0003990.0	OG0000104.110	OG0001775.0	OG0000506.0	OG0004076.6	OG0003563.2	OG0000832.31	OG0006794.0	OG0008111.4	OG0003082.0	OG0012905.4	OG0005871.0
17.0	104.0	88.0	38.0	33.0	25.0	30.0	3.0	20.0	36.0	15.0	53.0	25.0	38.0	18.0	10.0	20.0	4.0	4.0	24.0	3.0	13.0
OG0002901.4	OG0005432.0	OG0003896.1	OG0001118.24	OG0003501.0	OG0013868.6	OG0000689.4	OG0007727.1	OG0000050.0	OG0002346.16	OG0008461.1	OG0000466.0	OG0008510.8	OG0000501.29	OG0000272.36	OG0004845.0	OG0001523.78	OG0008509.10	OG0002611.0	OG0007140.10	OG0007751.0	OG0022889.0	OG0006784.2	OG0015178.8	OG0012902.0	OG0004706.0
19.0	6.0	19.0	28.0	10.0	2.0	32.0	2.0	100.0	18.0	2.0	33.0	5.0	27.0	40.0	9.0	9.0	4.0	22.0	6.0	5.0	1.0	5.0	1.0	4.0	12.0
OG0002189.0	OG0007427.0	OG0000129.70	OG0009004.0	OG0000326.0	OG0001675.24	OG0009006.0	OG0004326.0	OG0004726.1	OG0001786.20	OG0003513.0	OG0003893.1	OG0006107.0	OG0016722.8	OG0016722.6	OG0016722.7	OG0003965.0	OG0004093.2	OG0004944.1	OG0008494.1	OG0003599.0	OG0005066.2	OG0002605.0	OG0019223.0
25.0	5.0	67.0	7.0	27.0	30.0	5.0	14.0	10.0	24.0	19.0	19.0	10.0	1.0	1.0	1.0	19.0	19.0	4.0	6.0	24.0	14.0	13.0	2.0
OG0000018.842	OG0009020.0	OG0001108.4	OG0013873.1	OG0000150.39	OG0000103.2	OG0001762.24	OG0000321.2	OG0000000.3957	OG0022909.0	OG0001570.1	OG0004830.3	OG0000190.0	OG0000394.3	OG0003610.0	OG0000070.0	OG0015222.0	OG0003227.2	OG0005864.6	OG0000176.0	OG0000466.0	OG0013891.4	OG0011273.2
52.0	6.0	42.0	2.0	38.0	52.0	25.0	27.0	246.0	1.0	22.0	7.0	34.0	42.0	12.0	58.0	2.0	12.0	7.0	57.0	33.0	2.0	4.0
OG0000567.0	OG0002187.22	OG0003584.16	OG0010617.4	OG0000471.2	OG0001108.4	OG0004690.6	OG0027663.0	OG0000142.14	OG0002298.4	OG0006106.4	OG0004836.2	OG0003896.1	OG0000150.39	OG0012095.0	OG0006404.2	OG0007436.0	OG0003709.2	OG0003805.1	OG0002657.80	OG0001807.19	OG0000960.25	OG0017006.3
35.0	21.0	15.0	5.0	48.0	42.0	16.0	1.0	57.0	20.0	11.0	17.0	19.0	38.0	4.0	7.0	5.0	22.0	6.0	4.0	14.0	27.0	1.0
OG0012926.0	OG0000235.0	OG0001089.2	OG0000755.4	OG0004719.0	OG0000760.17	OG0003703.2	OG0012127.2	OG0000347.80	OG0001235.24	OG0002273.0	OG0013836.0	OG0002328.0	OG0011302.12	OG0003709.2	OG0000421.45	OG0006401.2	OG0006402.0	OG0002896.8	OG0022885.0	OG0002435.0	OG0007135.0	OG0005262.4	OG0004210.10	OG0007742.2	OG0000476.2	OG0000000.2924	OG0016784.2	OG0000013.541	OG0022823.0	OG0012895.2	OG0000416.1	OG0009095.4
3.0	35.0	33.0	28.0	8.0	35.0	23.0	4.0	33.0	27.0	28.0	3.0	26.0	1.0	22.0	8.0	5.0	12.0	22.0	1.0	19.0	8.0	10.0	18.0	8.0	35.0	112.0	2.0	94.0	1.0	4.0	11.0	6.0
OG0000009.195	OG0000243.0	OG0000835.7	OG0000027.1	OG0002557.1	OG0005102.4	OG0000019.2	OG0000018.289	OG0000264.1	OG0000368.4	OG0016761.3	OG0000395.121	OG0004969.0	OG0000000.2924	OG0004710.2	OG0000119.0	OG0016782.2	OG0004833.1	OG0000005.575	OG0001866.0	OG0002255.0	OG0000030.0	OG0000225.48	OG0003028.0	OG0005445.3	OG0001108.4	OG0005273.11	OG0007440.0	OG0000226.4	OG0000064.1	OG0011335.4	OG0000013.541
130.0	37.0	25.0	68.0	3.0	13.0	38.0	104.0	47.0	54.0	1.0	26.0	16.0	112.0	12.0	74.0	2.0	5.0	79.0	27.0	41.0	131.0	49.0	27.0	7.0	42.0	7.0	6.0	39.0	79.0	2.0	94.0
OG0003159.5	OG0000793.0	OG0000774.0	OG0001216.24	OG0005873.2	OG0005101.0	OG0000225.48	OG0003305.0	OG0003351.0	OG0000392.72	OG0000000.777	OG0013886.0	OG0002378.1	OG0005644.0	OG0016761.3	OG0003227.2	OG0005261.0	OG0004212.1	OG0005438.0	OG0003786.18	OG0000118.196	OG0022890.0	OG0000025.0	OG0019253.0	OG0000013.994	OG0001827.0	OG0008091.0
17.0	28.0	28.0	27.0	11.0	10.0	49.0	16.0	21.0	30.0	193.0	3.0	27.0	15.0	1.0	12.0	12.0	10.0	15.0	12.0	25.0	1.0	145.0	2.0	91.0	13.0	6.0
OG0001746.6	OG0000125.49	OG0003225.0	OG0001482.8	OG0007417.10	OG0003609.0	OG0002513.2	OG0001827.0	OG0017006.3	OG0005225.0	OG0000624.3	OG0004719.0	OG0019252.0	OG0008355.0	OG0000000.3729	OG0000474.1	OG0005252.12
20.0	50.0	17.0	31.0	6.0	18.0	21.0	13.0	1.0	8.0	30.0	8.0	1.0	5.0	10.0	43.0	10.0
OG0003709.2	OG0004958.0	OG0000691.0	OG0002513.2	OG0001648.0	OG0000085.0	OG0001923.1	OG0001604.92	OG0000189.0	OG0016822.5	OG0004677.10	OG0002653.5	OG0000150.39	OG0003229.0	OG0003896.1	OG0009019.8	OG0004337.2	OG0012113.0	OG0000755.4	OG0008127.0	OG0002659.0	OG0001205.24	OG0000821.0
22.0	12.0	36.0	21.0	18.0	74.0	30.0	6.0	45.0	1.0	13.0	19.0	38.0	13.0	19.0	5.0	16.0	6.0	28.0	8.0	22.0	27.0	25.0
OG0001739.4	OG0002963.0	OG0000275.56	OG0000027.1	OG0002557.50	OG0000634.26	OG0006103.0	OG0000158.1	OG0019251.0	OG0002263.24	OG0000080.0	OG0004567.0	OG0000044.1	OG0016809.3	OG0005872.0	OG0000013.541	OG0003896.1	OG0000003.0	OG0000929.1	OG0000075.0	OG0000002.763	OG0003475.12	OG0016810.2	OG0009873.0	OG0000592.34
21.0	8.0	40.0	68.0	11.0	29.0	14.0	8.0	1.0	25.0	117.0	8.0	48.0	1.0	13.0	94.0	19.0	414.0	27.0	68.0	48.0	18.0	2.0	6.0	31.0
OG0006408.4	OG0000000.169	OG0022909.0	OG0005442.4	OG0000245.1	OG0000694.0	OG0000022.821	OG0000868.1	OG0001761.0	OG0002852.4	OG0000486.2	OG0007430.2	OG0001823.24	OG0000402.0	OG0005432.0	OG0012897.4	OG0007136.26	OG0000065.40	OG0000069.0	OG0006398.10	OG0002791.5	OG0000013.541	OG0007424.17	OG0000003.0	OG0003612.18
10.0	28.0	1.0	11.0	3.0	34.0	15.0	30.0	26.0	28.0	42.0	4.0	27.0	35.0	6.0	3.0	2.0	57.0	79.0	9.0	23.0	94.0	3.0	414.0	8.0
OG0007748.0	OG0019261.0	OG0003805.1	OG0000873.24	OG0007139.2	OG0003158.0	OG0004839.0	OG0001802.47	OG0004577.0	OG0000264.1	OG0019189.0	OG0012921.6	OG0003511.4	OG0004466.4	OG0004954.6	OG0019199.0	OG0000069.0	OG0022793.0	OG0016782.2	OG0006106.4	OG0004708.0	OG0000097.124	OG0000025.0	OG0000668.0	OG0000255.174	OG0000603.1	OG0002903.18	OG0000120.54
5.0	1.0	6.0	31.0	3.0	18.0	18.0	19.0	18.0	47.0	2.0	3.0	11.0	15.0	8.0	2.0	79.0	1.0	2.0	11.0	16.0	37.0	145.0	26.0	16.0	36.0	21.0	10.0
OG0000388.1	OG0013893.0	OG0006384.2	OG0000486.2	OG0004085.0	OG0001563.24	OG0012917.0	OG0003775.0	OG0005869.0	OG0001787.12	OG0000003.0	OG0003158.0	OG0011342.2	OG0007134.22	OG0001786.20	OG0000142.14	OG0009855.6	OG0000002.763	OG0000160.4	OG0010630.2	OG0005873.2	OG0000000.2590	OG0000610.0	OG0003893.1	OG0007125.8	OG0008989.0	OG0003149.1	OG0019240.0	OG0013873.1	OG0004312.0	OG0006870.9
34.0	3.0	5.0	42.0	12.0	26.0	3.0	11.0	12.0	27.0	414.0	18.0	5.0	2.0	24.0	57.0	5.0	48.0	50.0	5.0	11.0	85.0	32.0	19.0	5.0	7.0	15.0	2.0	2.0	11.0	5.0
OG0012926.0	OG0011355.0	OG0003612.18	OG0013891.4	OG0000927.0	OG0002906.4	OG0003217.4	OG0003231.24	OG0022768.0	OG0012129.10	OG0012123.0	OG0003714.0	OG0000743.4	OG0004204.4	OG0000520.4	OG0000037.360	OG0002355.24	OG0000137.0	OG0005646.0	OG0003288.0
3.0	3.0	8.0	2.0	36.0	21.0	24.0	13.0	1.0	2.0	5.0	21.0	25.0	13.0	17.0	67.0	19.0	74.0	14.0	22.0
OG0000624.3	OG0002570.0	OG0003370.4	OG0000030.0	OG0000026.45	OG0000218.1	OG0002433.0	OG0001831.0	OG0000000.2924	OG0000310.18	OG0001566.2	OG0000011.579	OG0000471.2	OG0012896.0	OG0000691.0	OG0000239.0	OG0019212.0	OG0012926.0	OG0000414.34	OG0019261.0	OG0011318.4	OG0003606.1	OG0004836.2	OG0000150.39
30.0	23.0	13.0	131.0	91.0	31.0	23.0	17.0	112.0	42.0	29.0	51.0	48.0	6.0	36.0	49.0	2.0	3.0	35.0	1.0	5.0	17.0	17.0	38.0
OG0000159.8	OG0007133.1	OG0011344.2	OG0001787.12	OG0019246.0	OG0005263.0	OG0007133.1	OG0000338.41	OG0001787.12	OG0008992.0	OG0003603.8	OG0011318.4	OG0000476.2	OG0012712.0	OG0000140.5	OG0000388.1	OG0000087.0	OG0004322.1	OG0012904.0	OG0003896.1	OG0012922.0	OG0003520.2
60.0	8.0	5.0	27.0	1.0	11.0	8.0	40.0	27.0	6.0	19.0	5.0	35.0	5.0	28.0	34.0	78.0	20.0	5.0	19.0	3.0	23.0
OG0002182.4	OG0000731.0	OG0006722.0	OG0015222.0	OG0000473.17	OG0000000.3957	OG0002655.0	OG0013835.3	OG0000157.23	OG0001561.0	OG0001976.0	OG0002044.0	OG0001334.24	OG0003454.0	OG0001158.3	OG0000900.25	OG0000369.1	OG0001724.10	OG0001505.24	OG0000159.8	OG0008480.3	OG0001335.24	OG0005084.2	OG0003801.0	OG0001108.4	OG0003663.2	OG0009881.4	OG0003714.0
21.0	16.0	3.0	2.0	32.0	246.0	21.0	2.0	49.0	32.0	13.0	27.0	27.0	8.0	21.0	27.0	27.0	28.0	27.0	60.0	7.0	27.0	13.0	20.0	42.0	20.0	5.0	21.0
OG0005436.1	OG0005412.2	OG0008116.0	OG0000069.0	OG0004719.0	OG0022834.0	OG0001113.24	OG0004317.6	OG0019172.0	OG0001781.0	OG0003790.0	OG0004960.0	OG0000188.1	OG0004572.1	OG0016761.6	OG0002848.0	OG0004719.0	OG0000056.0	OG0003089.5	OG0012925.0	OG0000121.14	OG0005263.0	OG0000585.30	OG0004836.2	OG0001786.20	OG0011344.2
6.0	12.0	7.0	79.0	8.0	1.0	31.0	13.0	1.0	27.0	19.0	17.0	55.0	12.0	1.0	25.0	8.0	110.0	22.0	3.0	27.0	11.0	30.0	17.0	24.0	5.0
OG0003515.0	OG0001216.24	OG0001781.0	OG0013896.0	OG0004684.0	OG0005227.24	OG0005841.2	OG0004952.0	OG0013883.4	OG0015216.2	OG0000113.0	OG0002755.0	OG0011344.2	OG0004196.0	OG0012928.2	OG0003514.0	OG0005642.1	OG0006400.2	OG0000756.0	OG0002844.1
22.0	27.0	27.0	4.0	16.0	4.0	13.0	9.0	2.0	3.0	66.0	21.0	5.0	20.0	3.0	14.0	5.0	6.0	30.0	24.0
OG0000476.2	OG0004194.2	OG0019251.0	OG0001100.24	OG0000002.2	OG0022834.0	OG0003503.1	OG0001887.0	OG0012897.4	OG0008510.8	OG0000003.0	OG0000188.1	OG0000002.2	OG0002655.0	OG0005107.4	OG0004311.0
35.0	16.0	1.0	27.0	101.0	1.0	16.0	13.0	3.0	5.0	414.0	55.0	101.0	21.0	15.0	16.0
OG0000645.36	OG0016786.5	OG0001531.24	OG0000043.1	OG0004719.0	OG0000085.0	OG0002898.12	OG0000188.1	OG0012085.13	OG0015207.2	OG0005437.0	OG0005098.0	OG0002605.0	OG0011345.0	OG0001802.47	OG0000005.968	OG0000332.0	OG0019261.0	OG0004062.6	OG0007139.2	OG0002851.1	OG0009020.0	OG0000096.49	OG0000208.18	OG0000466.0	OG0002391.2	OG0022914.0	OG0013858.3	OG0000298.0
29.0	1.0	27.0	36.0	8.0	74.0	12.0	55.0	1.0	2.0	13.0	14.0	13.0	5.0	19.0	158.0	26.0	1.0	18.0	3.0	21.0	6.0	3.0	48.0	33.0	25.0	1.0	2.0	37.0
OG0000176.0	OG0000462.2	OG0009020.0	OG0002288.14	OG0004576.6	OG0019224.0	OG0003721.2	OG0003228.0	OG0000206.0	OG0000304.57	OG0003896.1	OG0002373.38	OG0003378.14	OG0013887.2	OG0002760.9	OG0005098.0	OG0000600.26	OG0004718.4	OG0000126.1	OG0001355.24
57.0	30.0	6.0	21.0	15.0	2.0	21.0	19.0	43.0	34.0	19.0	21.0	4.0	3.0	22.0	14.0	28.0	9.0	56.0	27.0
OG0001115.24	OG0000174.4	OG0008960.0	OG0000640.26	OG0002901.4	OG0004468.2	OG0004183.0	OG0004578.2	OG0015186.2	OG0000442.2	OG0000092.1	OG0000471.2	OG0000034.540	OG0001830.6	OG0013876.2	OG0007537.0	OG0000003.0	OG0000652.22	OG0002522.0	OG0004473.2	OG0000651.0	OG0000692.0	OG0011353.2	OG0004474.0	OG0016826.0	OG0005272.0	OG0001746.6	OG0011354.0
27.0	59.0	5.0	25.0	19.0	18.0	17.0	17.0	3.0	34.0	47.0	48.0	22.0	28.0	3.0	7.0	414.0	27.0	23.0	13.0	21.0	40.0	4.0	9.0	2.0	14.0	20.0	5.0
OG0012077.2	OG0006402.0	OG0004958.0	OG0000960.25	OG0004210.10	OG0005271.1	OG0003914.5	OG0004093.2	OG0000260.4	OG0004720.0	OG0001898.26	OG0003158.0	OG0000012.918	OG0022892.0	OG0000361.3	OG0000320.0	OG0000160.4	OG0000509.168	OG0000176.0	OG0000754.0	OG0003902.0	OG0013891.4	OG0003913.0	OG0008114.4	OG0003896.1	OG0000022.821	OG0000256.24
3.0	12.0	12.0	27.0	18.0	2.0	13.0	19.0	42.0	18.0	22.0	18.0	89.0	1.0	21.0	41.0	50.0	5.0	57.0	27.0	10.0	2.0	19.0	5.0	19.0	15.0	53.0
OG0003375.2	OG0008355.0	OG0003511.4	OG0003512.4	OG0003510.1	OG0005432.0	OG0004954.6	OG0000009.835	OG0005873.2	OG0000395.121	OG0002611.0	OG0000118.196	OG0001109.2	OG0004837.2	OG0000188.1	OG0003501.0	OG0002297.2	OG0019249.0	OG0001569.0	OG0000013.541	OG0002526.0	OG0005101.0	OG0000188.1	OG0003310.2	OG0008116.0	OG0003708.2	OG0000023.2	OG0016815.5	OG0000017.3
12.0	5.0	11.0	11.0	12.0	6.0	8.0	9.0	11.0	26.0	22.0	25.0	26.0	17.0	55.0	10.0	10.0	1.0	23.0	94.0	22.0	10.0	55.0	26.0	7.0	17.0	114.0	1.0	210.0
OG0000235.0	OG0000022.821	OG0003902.0	OG0000160.4	OG0000206.0	OG0000218.1	OG0001608.24	OG0006106.4	OG0004719.0	OG0004576.6	OG0001192.54	OG0004319.0	OG0004298.0	OG0000888.24	OG0004719.0	OG0003280.0	OG0000767.24	OG0002001.0	OG0000199.0	OG0005873.2	OG0000793.0	OG0000471.2	OG0005101.0
35.0	15.0	10.0	50.0	43.0	31.0	15.0	11.0	8.0	15.0	25.0	18.0	19.0	28.0	8.0	22.0	31.0	27.0	66.0	11.0	28.0	48.0	10.0
OG0015186.2	OG0003844.0	OG0009879.2	OG0000791.2	OG0002896.8	OG0005225.0	OG0003808.0	OG0002568.27	OG0003291.0	OG0016810.2	OG0000927.0	OG0003587.16	OG0002684.0	OG0000699.1	OG0029155.0	OG0002737.0	OG0002736.0	OG0010616.4	OG0000727.24	OG0000197.0	OG0005851.2	OG0005852.2	OG0004455.4	OG0003222.0	OG0003896.1	OG0000215.26	OG0000017.3
3.0	5.0	5.0	25.0	22.0	8.0	21.0	20.0	22.0	2.0	36.0	16.0	24.0	29.0	1.0	24.0	24.0	3.0	29.0	61.0	11.0	11.0	13.0	9.0	19.0	63.0	210.0
OG0022813.0	OG0000314.0	OG0012712.0	OG0003092.12	OG0000832.31	OG0000851.0	OG0012925.0	OG0012085.13	OG0000118.196	OG0000338.41	OG0004719.0	OG0004576.6	OG0011345.0	OG0011344.2	OG0003709.2	OG0000466.0	OG0001222.24	OG0003896.1	OG0000521.2	OG0003609.0	OG0000592.34	OG0000310.18	OG0000189.0	OG0005874.0	OG0000650.30	OG0000003.0	OG0007123.0
1.0	32.0	5.0	20.0	20.0	35.0	3.0	1.0	25.0	40.0	8.0	15.0	5.0	5.0	22.0	33.0	27.0	19.0	46.0	18.0	31.0	42.0	45.0	12.0	29.0	414.0	7.0
OG0000174.4	OG0009870.9	OG0008111.4	OG0015216.2	OG0000605.0	OG0012103.5	OG0000017.3	OG0012912.2	OG0003701.0	OG0010596.0	OG0005860.0	OG0016810.2	OG0003896.1	OG0012116.2	OG0004461.4	OG0000414.34	OG0002221.12	OG0004099.4	OG0001480.22	OG0001319.1	OG0003158.0	OG0001566.2	OG0000189.0	OG0003697.0	OG0002391.2	OG0000235.0	OG0008115.17	OG0001551.1	OG0000370.0	OG0003892.6
59.0	5.0	4.0	3.0	37.0	2.0	210.0	3.0	16.0	5.0	12.0	2.0	19.0	4.0	18.0	35.0	25.0	18.0	27.0	27.0	18.0	29.0	45.0	20.0	25.0	35.0	2.0	2.0	24.0	18.0
OG0001112.46	OG0007741.0	OG0009007.0	OG0002962.1	OG0005101.0	OG0002605.0	OG0004210.10	OG0000204.2	OG0015206.2	OG0012121.0	OG0012895.2	OG0003599.0	OG0003665.0	OG0000955.28	OG0004093.2	OG0003613.0	OG0001468.24	OG0001788.24	OG0000001.1420	OG0004096.6	OG0022880.0	OG0005105.0	OG0000493.20	OG0002248.0
27.0	9.0	6.0	19.0	10.0	13.0	18.0	45.0	2.0	2.0	4.0	24.0	21.0	27.0	19.0	21.0	28.0	22.0	107.0	19.0	1.0	13.0	40.0	27.0
OG0000173.0	OG0017934.6	OG0004319.0	OG0001525.51	OG0002570.0	OG0000624.3	OG0017934.5	OG0000002.1147	OG0000017.3	OG0005868.0	OG0004465.0	OG0002255.0	OG0000003.0	OG0005854.2	OG0012895.2	OG0000184.0	OG0008493.6	OG0002697.0	OG0016761.6	OG0001108.4	OG0003896.1	OG0005650.10	OG0000015.1092	OG0003696.0
52.0	1.0	18.0	27.0	23.0	30.0	1.0	55.0	210.0	13.0	12.0	41.0	414.0	11.0	4.0	32.0	3.0	15.0	1.0	42.0	19.0	7.0	53.0	13.0
OG0000129.70	OG0005432.0	OG0000021.252	OG0002656.2	OG0016805.0	OG0002960.16	OG0000025.0	OG0005610.8	OG0000961.2	OG0001968.0	OG0003085.79	OG0000070.0	OG0016813.6	OG0000062.12	OG0005870.0	OG0000005.968	OG0004455.4	OG0005635.0	OG0002347.0	OG0002690.30	OG0000218.1	OG0001208.24	OG0000292.93	OG0001724.10	OG0003772.0	OG0002045.0	OG0002759.0	OG0000120.105	OG0003995.12	OG0013872.4	OG0000325.0
67.0	6.0	140.0	17.0	2.0	19.0	145.0	10.0	29.0	12.0	1.0	58.0	1.0	47.0	13.0	158.0	13.0	12.0	27.0	21.0	31.0	27.0	28.0	28.0	20.0	27.0	16.0	46.0	9.0	3.0	40.0
OG0004324.0	OG0000191.28	OG0012084.2	OG0000960.25	OG0002901.4	OG0010630.2	OG0005093.2	OG0000310.18	OG0007430.2	OG0000332.0	OG0002255.0	OG0012136.0	OG0000067.162	OG0009872.2	OG0002298.4	OG0000052.0	OG0006106.4	OG0000325.0	OG0016810.2	OG0002349.0	OG0001761.0	OG0016809.3	OG0004837.2	OG0004718.4	OG0000003.0	OG0004094.1	OG0000649.0
14.0	49.0	4.0	27.0	19.0	5.0	15.0	42.0	4.0	26.0	41.0	4.0	70.0	8.0	20.0	78.0	11.0	40.0	2.0	25.0	26.0	1.0	17.0	9.0	414.0	12.0	29.0
OG0016795.5	OG0004458.0	OG0000871.2	OG0000002.2	OG0022893.0	OG0013891.4	OG0000434.0	OG0006105.0	OG0000005.318	OG0005871.0	OG0000096.148	OG0003708.2	OG0003409.0	OG0010630.2	OG0002748.5
1.0	11.0	27.0	101.0	1.0	2.0	22.0	12.0	39.0	13.0	14.0	17.0	21.0	5.0	21.0
OG0000013.2	OG0003197.4	OG0009007.0	OG0004092.8	OG0004957.0	OG0001891.0	OG0004210.10	OG0007742.2	OG0000160.224	OG0001831.0	OG0003997.0	OG0003160.34	OG0016810.2	OG0000034.540	OG0001118.24	OG0002960.16	OG0004329.0	OG0000791.2	OG0000087.0	OG0022824.0	OG0002653.5	OG0000284.1	OG0006794.0	OG0006814.0	OG0019252.0	OG0000144.1	OG0002288.14	OG0003519.0	OG0000690.0	OG0002556.2	OG0003608.2
112.0	21.0	6.0	18.0	13.0	21.0	18.0	8.0	8.0	17.0	16.0	18.0	2.0	22.0	28.0	19.0	15.0	25.0	78.0	1.0	19.0	60.0	4.0	10.0	1.0	23.0	21.0	24.0	32.0	14.0	24.0
OG0000136.2	OG0001958.0	OG0001183.1	OG0010571.0	OG0001414.24	OG0012869.5	OG0008962.0	OG0007111.4	OG0019163.0	OG0000547.0	OG0000748.0	OG0008961.0	OG0000000.2590	OG0008960.0	OG0006799.0	OG0015197.5	OG0002349.0	OG0000269.0	OG0002901.4	OG0001740.7	OG0012085.13	OG0000118.196	OG0009022.8	OG0000107.44	OG0002898.12	OG0002521.0	OG0005101.0	OG0022889.0	OG0002393.21	OG0005873.2	OG0005093.2
38.0	27.0	27.0	5.0	27.0	2.0	5.0	9.0	1.0	33.0	30.0	4.0	85.0	5.0	12.0	1.0	25.0	65.0	19.0	24.0	1.0	25.0	4.0	49.0	12.0	24.0	10.0	1.0	23.0	11.0	15.0
OG0000731.0	OG0000013.994	OG0009884.7	OG0001113.24	OG0000912.26	OG0008992.0	OG0000433.1	OG0019249.0	OG0022917.0	OG0000059.133	OG0009022.8	OG0003036.0	OG0007140.10	OG0008119.2	OG0005107.4	OG0000040.0	OG0002396.0	OG0002570.0	OG0003611.2	OG0000088.202	OG0006810.3	OG0005874.0	OG0003799.10	OG0001548.0	OG0005837.14	OG0022857.0	OG0000793.0	OG0000092.1	OG0006106.4	OG0013901.3	OG0005101.0	OG0000118.196	OG0000314.0	OG0000126.1	OG0000959.34	OG0000056.0	OG0020596.0
16.0	91.0	4.0	31.0	29.0	6.0	35.0	1.0	1.0	47.0	4.0	25.0	6.0	6.0	15.0	137.0	25.0	23.0	20.0	25.0	2.0	12.0	21.0	20.0	2.0	1.0	28.0	47.0	11.0	2.0	10.0	25.0	32.0	56.0	27.0	110.0	2.0
OG0022756.0	OG0002503.0	OG0005101.0	OG0015218.2	OG0002747.20	OG0019254.0	OG0022909.0	OG0000304.57	OG0001788.24	OG0000390.28	OG0000022.126	OG0001015.0	OG0005269.0	OG0016761.3	OG0002353.2	OG0002909.2	OG0009012.4	OG0003813.0	OG0000010.868	OG0001112.46	OG0001021.49	OG0002179.2	OG0000023.2	OG0004719.0	OG0005101.0	OG0003036.0	OG0005271.1	OG0000486.2	OG0022880.0	OG0001648.0	OG0000693.28	OG0000017.3
1.0	10.0	10.0	2.0	22.0	2.0	1.0	34.0	22.0	30.0	9.0	38.0	15.0	1.0	22.0	24.0	1.0	21.0	111.0	27.0	27.0	29.0	114.0	8.0	10.0	25.0	2.0	42.0	1.0	18.0	35.0	210.0
OG0003670.16	OG0000248.0	OG0010586.2	OG0001807.19	OG0006791.0	OG0019251.0	OG0008991.8	OG0005428.4	OG0003718.0	OG0011335.4	OG0000653.1	OG0000013.2	OG0003472.3	OG0000290.0	OG0000085.0	OG0012935.0	OG0007142.4	OG0009020.0	OG0000443.38	OG0002209.38	OG0000186.147	OG0000085.0	OG0001161.24	OG0005869.0	OG0000466.0	OG0006105.0	OG0006402.0	OG0004214.0
18.0	26.0	3.0	14.0	8.0	1.0	4.0	12.0	23.0	2.0	28.0	112.0	21.0	50.0	74.0	4.0	9.0	6.0	53.0	24.0	26.0	74.0	27.0	12.0	33.0	12.0	12.0	16.0
OG0000044.1	OG0003709.2	OG0000466.0	OG0000191.28	OG0000235.0	OG0004956.0	OG0001526.26	OG0001660.2	OG0001605.28	OG0000062.12	OG0004204.4	OG0000058.46	OG0000634.26	OG0002760.9	OG0013878.9	OG0002898.12	OG0004194.2	OG0029155.0	OG0019250.0	OG0019251.0	OG0000069.0	OG0016806.0	OG0019254.0	OG0004936.2	OG0000631.0	OG0002180.24	OG0000112.0
48.0	22.0	33.0	49.0	35.0	12.0	27.0	31.0	25.0	47.0	13.0	107.0	29.0	22.0	1.0	12.0	16.0	1.0	1.0	1.0	79.0	2.0	2.0	11.0	46.0	23.0	51.0
OG0000096.49	OG0000034.305	OG0004322.1	OG0006086.0	OG0000290.0	OG0005869.0	OG0004717.0	OG0000003.0	OG0000012.918	OG0003896.1	OG0000453.135	OG0016810.2	OG0000399.0	OG0005817.0	OG0007433.0	OG0000245.1	OG0002190.24	OG0006098.0	OG0006097.0	OG0002733.0	OG0002787.0	OG0003151.14	OG0013867.2	OG0005109.6	OG0001947.0	OG0022848.0	OG0000073.0	OG0002173.26	OG0000711.2	OG0000245.24	OG0022849.0
3.0	50.0	20.0	11.0	50.0	12.0	18.0	414.0	89.0	19.0	2.0	2.0	22.0	13.0	6.0	3.0	19.0	8.0	12.0	24.0	31.0	19.0	2.0	13.0	28.0	1.0	40.0	24.0	41.0	56.0	1.0
OG0002521.0	OG0000833.0	OG0001113.24	OG0000025.0	OG0003157.15	OG0001113.24	OG0008498.0	OG0005819.0	OG0000333.0	OG0012874.2	OG0011344.2	OG0000869.2	OG0003224.12	OG0000471.2	OG0022845.0	OG0000038.0	OG0000065.40	OG0003789.22	OG0001967.0	OG0004337.2	OG0000494.1	OG0000255.41	OG0000087.0	OG0004723.0	OG0003896.1	OG0004579.2
24.0	27.0	31.0	145.0	4.0	31.0	6.0	10.0	45.0	4.0	5.0	41.0	21.0	48.0	1.0	105.0	57.0	11.0	28.0	16.0	27.0	26.0	78.0	15.0	19.0	14.0
OG0007727.1	OG0000020.431	OG0000002.2	OG0003161.14	OG0012110.3	OG0002263.24	OG0000875.1	OG0010614.0	OG0009873.0	OG0006094.24	OG0000089.69	OG0000791.2	OG0000040.0	OG0002702.6	OG0008471.4	OG0002653.5	OG0029158.0	OG0003696.0	OG0022893.0	OG0003844.0	OG0007432.4	OG0015148.2	OG0011342.2	OG0003895.0	OG0005252.12	OG0000922.28	OG0011325.0	OG0001109.2	OG0000325.0	OG0011324.0	OG0001017.28
2.0	38.0	101.0	20.0	3.0	25.0	26.0	6.0	6.0	1.0	70.0	25.0	137.0	19.0	7.0	19.0	1.0	13.0	1.0	5.0	6.0	2.0	5.0	10.0	10.0	26.0	5.0	26.0	40.0	5.0	26.0
OG0000013.994	OG0003606.1	OG0000016.0	OG0009865.0	OG0005872.0	OG0000606.2	OG0000191.28	OG0000442.2	OG0022850.0	OG0007433.0	OG0008120.0	OG0010621.0	OG0000235.0	OG0000130.38	OG0012928.2	OG0001832.1	OG0000208.18	OG0010629.17	OG0001113.24	OG0000530.5	OG0002239.6	OG0000025.0	OG0001827.0	OG0001869.2
91.0	17.0	125.0	8.0	13.0	46.0	49.0	34.0	1.0	6.0	6.0	5.0	35.0	54.0	3.0	29.0	48.0	1.0	31.0	31.0	23.0	145.0	13.0	28.0
OG0011342.2	OG0001832.1	OG0007430.2	OG0013904.0	OG0000653.1	OG0003997.0	OG0006404.2	OG0000027.1	OG0000003.0	OG0008117.0	OG0013896.0	OG0005866.20	OG0002611.0	OG0000243.0	OG0009018.0	OG0002288.14	OG0004575.0	OG0012927.1	OG0000069.0	OG0001608.24	OG0011342.2	OG0003150.32
5.0	29.0	4.0	3.0	28.0	16.0	7.0	68.0	414.0	6.0	4.0	4.0	22.0	37.0	3.0	21.0	14.0	3.0	79.0	15.0	5.0	17.0
OG0003896.1	OG0000868.1	OG0002487.0	OG0000062.197	OG0000623.24	OG0001230.26	OG0005644.0	OG0002521.0	OG0000395.121	OG0000050.0	OG0000606.2	OG0002780.28	OG0001648.0	OG0006403.0	OG0002651.6	OG0000310.18	OG0003157.15	OG0000726.25	OG0002737.0	OG0000003.0	OG0000693.28	OG0005610.8	OG0005871.0
19.0	30.0	24.0	33.0	30.0	27.0	15.0	24.0	26.0	100.0	46.0	20.0	18.0	14.0	32.0	42.0	4.0	29.0	24.0	414.0	35.0	10.0	13.0
OG0001613.24	OG0002493.6	OG0001475.4	OG0000121.14	OG0012935.0	OG0019268.0	OG0009885.5	OG0001739.4	OG0000096.49	OG0009865.0	OG0000062.12	OG0000087.0	OG0003509.26	OG0000152.155	OG0012912.2	OG0013886.0	OG0002905.2	OG0000000.777	OG0000096.49	OG0000361.3
24.0	22.0	24.0	27.0	4.0	1.0	3.0	21.0	3.0	8.0	47.0	78.0	12.0	7.0	3.0	3.0	18.0	193.0	3.0	21.0
OG0005100.18	OG0001221.1	OG0001718.1	OG0005109.6	OG0000023.2	OG0002702.6	OG0000097.124	OG0000158.106	OG0004949.2	OG0000022.208	OG0004691.14	OG0005874.0	OG0008115.17	OG0013876.2	OG0019248.0	OG0009874.0	OG0001103.24	OG0015166.0	OG0000023.2
10.0	27.0	28.0	13.0	114.0	19.0	37.0	35.0	11.0	130.0	9.0	12.0	2.0	3.0	1.0	6.0	27.0	3.0	114.0
OG0002491.1	OG0000689.4	OG0000114.0	OG0001573.24	OG0000314.0	OG0000588.0	OG0000003.0	OG0005271.1	OG0001470.0	OG0022893.0	OG0001227.24	OG0001881.0	OG0019249.0	OG0029156.0	OG0005644.0	OG0000958.3	OG0004804.1	OG0016793.2	OG0005857.0	OG0002900.21	OG0000156.2	OG0013870.0	OG0013869.2	OG0022274.0	OG0000218.1	OG0014603.6	OG0000471.2	OG0015277.0	OG0019225.0	OG0003896.1	OG0014603.3	OG0004570.1
21.0	32.0	67.0	27.0	32.0	29.0	414.0	2.0	26.0	1.0	27.0	27.0	1.0	1.0	15.0	32.0	13.0	2.0	7.0	13.0	52.0	4.0	3.0	2.0	31.0	3.0	48.0	3.0	2.0	19.0	2.0	9.0
OG0000443.38	OG0005096.16	OG0005259.0	OG0004328.0	OG0006102.2	OG0003205.0	OG0012111.2	OG0002655.0	OG0000103.2	OG0000176.0	OG0000328.0	OG0000009.195	OG0005620.0	OG0009000.1	OG0000389.6	OG0000118.196	OG0000212.0	OG0000000.3729	OG0001970.0	OG0000870.0	OG0018935.0	OG0003605.0	OG0004833.1	OG0005098.0	OG0000625.28	OG0000961.2	OG0000005.968
53.0	7.0	10.0	15.0	11.0	15.0	4.0	21.0	52.0	57.0	36.0	130.0	11.0	6.0	22.0	25.0	45.0	10.0	13.0	21.0	3.0	12.0	5.0	14.0	29.0	29.0	158.0
OG0000013.994	OG0005873.2	OG0013887.2	OG0003230.0	OG0001967.0	OG0000395.121	OG0006395.0	OG0003904.0	OG0002439.13	OG0000693.28	OG0012132.2	OG0000592.34	OG0009019.8	OG0022917.0	OG0005436.1	OG0005263.0	OG0004836.2	OG0022883.0	OG0003024.24	OG0000566.0	OG0007438.0	OG0008511.4	OG0015178.8	OG0004310.0
91.0	11.0	3.0	14.0	28.0	26.0	8.0	20.0	25.0	35.0	4.0	31.0	5.0	1.0	6.0	11.0	17.0	1.0	19.0	30.0	7.0	5.0	1.0	18.0
OG0000013.994	OG0000000.777	OG0000957.2	OG0000003.0	OG0000030.0	OG0000056.0	OG0002482.0	OG0019267.0	OG0000058.46	OG0000605.0	OG0007747.5	OG0010630.2	OG0004101.4	OG0022928.0	OG0002569.34	OG0022931.0	OG0001887.0	OG0007127.0	OG0004100.0	OG0002182.4	OG0015202.0	OG0000303.1	OG0000239.0	OG0004193.4	OG0001113.24	OG0000130.38	OG0001787.12	OG0002656.2	OG0003717.2
91.0	193.0	18.0	414.0	131.0	110.0	27.0	1.0	107.0	37.0	5.0	5.0	15.0	1.0	18.0	1.0	13.0	8.0	14.0	21.0	3.0	41.0	49.0	21.0	31.0	54.0	27.0	17.0	21.0
OG0003995.12	OG0000385.4	OG0000003.0	OG0002760.9	OG0000089.69	OG0000608.0	OG0000118.196	OG0003152.0	OG0012924.0	OG0015210.1	OG0002564.0	OG0000693.28	OG0012925.0	OG0003896.1	OG0005255.0	OG0004843.6	OG0000163.0
9.0	21.0	414.0	22.0	70.0	26.0	25.0	26.0	3.0	2.0	21.0	35.0	3.0	19.0	17.0	17.0	76.0
OG0004682.0	OG0005860.0	OG0012915.3	OG0000027.1	OG0003306.0	OG0013882.4	OG0000044.1	OG0004716.0	OG0003375.2	OG0009015.6	OG0001021.49	OG0000069.0	OG0000218.1	OG0002320.0	OG0000603.1	OG0004420.2	OG0016825.0	OG0000729.25	OG0022924.0	OG0019249.0	OG0019250.0	OG0004092.8	OG0007433.0	OG0000162.4
17.0	12.0	2.0	68.0	17.0	2.0	48.0	8.0	12.0	4.0	27.0	79.0	31.0	26.0	36.0	11.0	2.0	29.0	1.0	1.0	1.0	18.0	6.0	77.0
OG0000173.0	OG0003606.1	OG0000566.0	OG0002854.0	OG0000105.0	OG0003720.0	OG0012111.2	OG0004329.0	OG0000812.32	OG0004303.1	OG0015225.2	OG0005874.0	OG0000368.4	OG0019248.0	OG0000922.28	OG0005844.2	OG0004719.0	OG0001472.0	OG0000158.1	OG0000674.30	OG0002001.0	OG0006097.0	OG0005873.2	OG0001830.6	OG0000892.1
52.0	17.0	30.0	12.0	61.0	21.0	4.0	15.0	27.0	11.0	2.0	12.0	54.0	1.0	26.0	11.0	8.0	27.0	8.0	31.0	27.0	12.0	11.0	28.0	31.0
OG0000040.0	OG0008095.2	OG0000003.0	OG0002436.1	OG0008501.5	OG0012913.2	OG0000013.994	OG0000000.777	OG0004957.0	OG0005870.0	OG0005272.0	OG0003707.0	OG0003225.0	OG0000608.0	OG0007430.2	OG0002564.0	OG0000040.0	OG0028423.0	OG0002183.3	OG0003611.2	OG0003795.5	OG0012111.2	OG0013881.0	OG0000002.2	OG0010601.5	OG0007421.3	OG0012900.11	OG0000260.4
137.0	8.0	414.0	16.0	3.0	4.0	91.0	193.0	13.0	13.0	14.0	17.0	17.0	26.0	4.0	21.0	137.0	1.0	30.0	20.0	15.0	4.0	4.0	101.0	1.0	5.0	1.0	42.0
OG0003225.0	OG0010617.4	OG0002892.4	OG0000486.2	OG0000069.0	OG0003794.10	OG0008492.0	OG0000476.2	OG0008510.8	OG0002548.2	OG0016761.6	OG0002396.0	OG0000892.1	OG0006398.10	OG0002611.0	OG0010602.0	OG0000090.24	OG0000038.0	OG0000511.0	OG0008106.2	OG0000177.8	OG0005273.11	OG0005848.4	OG0000646.28
17.0	5.0	22.0	42.0	79.0	14.0	5.0	35.0	5.0	22.0	1.0	25.0	31.0	9.0	22.0	6.0	51.0	105.0	36.0	7.0	46.0	7.0	11.0	39.0
OG0002320.0	OG0000699.1	OG0002731.0	OG0002737.0	OG0004415.0	OG0003868.8	OG0005415.2	OG0003010.1	OG0001924.24	OG0000727.24	OG0001189.24	OG0002736.0	OG0002684.0	OG0002733.0	OG0003306.0	OG0012921.6	OG0022772.0	OG0000206.0	OG0002485.15	OG0000003.0	OG0002760.9	OG0003701.0	OG0000791.2	OG0002395.1	OG0000566.0	OG0004459.0	OG0000793.0	OG0001020.31	OG0006106.4	OG0005101.0	OG0006400.2
26.0	29.0	24.0	24.0	18.0	19.0	10.0	20.0	24.0	29.0	27.0	24.0	24.0	24.0	17.0	3.0	1.0	43.0	13.0	414.0	22.0	16.0	25.0	28.0	30.0	11.0	28.0	30.0	11.0	10.0	6.0
OG0001762.24	OG0000011.579	OG0005847.4	OG0000144.1	OG0000129.70	OG0022792.0	OG0002556.2	OG0008506.0	OG0005100.18	OG0003516.8	OG0000048.325	OG0000794.20	OG0005438.0	OG0005868.0	OG0013904.0	OG0012712.0	OG0001422.30	OG0002902.14	OG0000096.194	OG0029154.0	OG0000958.3	OG0002905.2	OG0000959.34	OG0002395.1
25.0	51.0	11.0	23.0	67.0	1.0	14.0	6.0	10.0	19.0	15.0	29.0	15.0	13.0	3.0	5.0	27.0	26.0	47.0	1.0	32.0	18.0	27.0	28.0
OG0000106.6	OG0000614.21	OG0012928.2	OG0011345.0	OG0005641.2	OG0012894.0	OG0001113.24	OG0000393.0	OG0000039.0	OG0000000.777	OG0002482.0	OG0012097.2	OG0004093.2	OG0005869.0	OG0006106.4	OG0000326.0	OG0000150.39	OG0002182.4	OG0005873.2	OG0004002.0	OG0013873.1	OG0001118.24
85.0	28.0	3.0	5.0	9.0	4.0	31.0	34.0	114.0	193.0	27.0	3.0	19.0	12.0	11.0	27.0	38.0	21.0	11.0	19.0	2.0	28.0
OG0022857.0	OG0000092.1	OG0022850.0	OG0000023.2	OG0000310.18	OG0004315.0	OG0013048.8	OG0001108.4	OG0007424.17	OG0003896.1	OG0000692.0	OG0027663.0	OG0000151.0	OG0000078.2	OG0003906.0	OG0000010.868	OG0000027.1	OG0002898.12	OG0011313.0	OG0013876.2	OG0003197.4	OG0000015.1	OG0000009.195	OG0000000.777	OG0000601.27	OG0000027.1	OG0000017.3
1.0	47.0	1.0	114.0	42.0	18.0	2.0	42.0	3.0	19.0	40.0	1.0	55.0	31.0	19.0	111.0	68.0	12.0	6.0	3.0	21.0	75.0	130.0	193.0	4.0	68.0	210.0
OG0015186.2	OG0003844.0	OG0007433.0	OG0009865.0	OG0000118.196	OG0012895.2	OG0001776.0	OG0000416.1	OG0000731.0	OG0003701.0	OG0016820.0	OG0003702.0	OG0002955.0	OG0004726.1	OG0001917.0	OG0022893.0	OG0004194.2	OG0001649.0	OG0000013.994	OG0002572.0	OG0004583.15	OG0001898.26	OG0000717.48	OG0004719.0	OG0003356.2	OG0001728.20	OG0003576.0	OG0000003.0	OG0004384.0
3.0	5.0	6.0	8.0	25.0	4.0	16.0	11.0	16.0	16.0	2.0	17.0	12.0	10.0	28.0	1.0	16.0	29.0	91.0	19.0	12.0	22.0	30.0	8.0	21.0	35.0	22.0	414.0	7.0
OG0019252.0	OG0004836.2	OG0002288.14	OG0007432.4	OG0004951.0	OG0003232.9	OG0002964.14	OG0000017.3	OG0008509.10	OG0003797.0	OG0012109.0	OG0002562.0	OG0011336.0	OG0002467.0	OG0014628.0	OG0000272.36	OG0004725.0	OG0003515.0	OG0001859.0	OG0001410.24	OG0001641.24	OG0011340.8	OG0000221.1
1.0	17.0	21.0	6.0	12.0	19.0	15.0	210.0	4.0	12.0	2.0	13.0	5.0	25.0	3.0	40.0	19.0	22.0	28.0	27.0	22.0	3.0	50.0
OG0002607.0	OG0003301.0	OG0004311.0	OG0000001.996	OG0006096.1	OG0012085.13	OG0000000.2924	OG0016810.2	OG0016722.8	OG0016722.6	OG0016722.7	OG0000320.0	OG0019248.0	OG0000004.1207	OG0013887.2	OG0003453.0	OG0000354.7
24.0	20.0	16.0	69.0	9.0	1.0	112.0	2.0	1.0	1.0	1.0	41.0	1.0	89.0	3.0	21.0	47.0
OG0003222.0	OG0002557.50	OG0002557.1	OG0000693.28	OG0002607.0	OG0003796.0	OG0000592.34	OG0001887.0	OG0012909.2	OG0004090.26	OG0000052.0	OG0000325.0	OG0001827.0	OG0020612.0	OG0005644.0	OG0004315.0	OG0013048.8	OG0001775.0	OG0022850.0	OG0005847.4	OG0000264.1	OG0000188.1	OG0000177.8	OG0000251.0	OG0009870.9	OG0004455.4	OG0000050.0	OG0011327.4	OG0005325.0	OG0004083.10	OG0002778.0
9.0	11.0	3.0	35.0	24.0	10.0	31.0	13.0	3.0	11.0	78.0	40.0	13.0	2.0	15.0	18.0	2.0	25.0	1.0	11.0	47.0	55.0	46.0	43.0	5.0	13.0	100.0	3.0	8.0	5.0	26.0
OG0000645.36	OG0000116.0	OG0006814.0	OG0001020.31	OG0000223.2	OG0000005.968	OG0000000.3460	OG0001612.0	OG0001672.0	OG0001341.18	OG0013883.4	OG0003896.1	OG0003790.0	OG0002507.18	OG0007434.0	OG0012925.0	OG0011344.2	OG0022913.0	OG0003159.5	OG0019214.0	OG0002393.21	OG0012712.0	OG0003305.0	OG0002503.0	OG0000000.3957	OG0003011.0
29.0	61.0	10.0	30.0	47.0	158.0	68.0	28.0	23.0	28.0	2.0	19.0	19.0	22.0	7.0	3.0	5.0	1.0	17.0	2.0	23.0	5.0	16.0	10.0	246.0	10.0
OG0005854.2	OG0005635.0	OG0009017.0	OG0003912.0	OG0000013.541	OG0008122.4	OG0003009.15	OG0001569.0	OG0005852.2	OG0004470.0	OG0004831.2	OG0022910.0	OG0001212.24	OG0011324.0	OG0001017.28	OG0003009.56	OG0013872.4	OG0002257.2	OG0008481.0	OG0004690.6	OG0001761.0	OG0000870.0	OG0012922.0	OG0007412.0	OG0008119.2	OG0000341.4	OG0009868.0	OG0001094.26	OG0000651.0	OG0003768.0	OG0001299.24
11.0	12.0	5.0	22.0	94.0	7.0	3.0	23.0	11.0	18.0	15.0	1.0	27.0	5.0	26.0	9.0	3.0	29.0	5.0	16.0	26.0	21.0	3.0	6.0	6.0	21.0	6.0	27.0	21.0	21.0	27.0
OG0000056.0	OG0002297.2	OG0001606.4	OG0000260.4	OG0001832.1	OG0005437.0	OG0007431.0	OG0002486.16	OG0001970.0	OG0000069.0	OG0004318.2	OG0002182.4	OG0000005.131	OG0005873.2	OG0001775.0	OG0007433.0	OG0005841.2	OG0005436.1	OG0015213.4	OG0005649.2	OG0000592.34	OG0000693.28	OG0000150.39	OG0000162.4
110.0	10.0	17.0	42.0	29.0	13.0	6.0	24.0	13.0	79.0	17.0	21.0	27.0	11.0	25.0	6.0	13.0	6.0	2.0	7.0	31.0	35.0	38.0	77.0
OG0000608.0	OG0012111.2	OG0019250.0	OG0002898.12	OG0005865.2	OG0004093.2	OG0005869.0	OG0000653.1	OG0004717.0	OG0000003.0	OG0005870.0	OG0000012.918	OG0001648.0	OG0000260.4	OG0011344.2	OG0000691.0	OG0011342.2	OG0001674.0	OG0000118.196	OG0002486.16	OG0003910.0	OG0001022.34	OG0000013.541	OG0002351.23	OG0000056.0	OG0002184.1	OG0004464.0	OG0002905.2	OG0009012.4	OG0000005.575	OG0004835.2	OG0001568.0
26.0	4.0	1.0	12.0	12.0	19.0	12.0	28.0	18.0	414.0	13.0	89.0	18.0	42.0	5.0	36.0	5.0	29.0	25.0	24.0	20.0	26.0	94.0	21.0	110.0	18.0	13.0	18.0	1.0	79.0	7.0	17.0
OG0003590.0	OG0002831.0	OG0000462.2	OG0002177.28	OG0001675.24	OG0004082.2	OG0001787.12	OG0000257.0	OG0013876.2	OG0001740.7	OG0012085.13	OG0006395.0	OG0000118.196	OG0004948.4	OG0005873.2	OG0000025.0	OG0001802.47	OG0004830.3	OG0004833.1	OG0003902.0	OG0000303.1	OG0004318.2	OG0000026.45
20.0	21.0	30.0	24.0	30.0	20.0	27.0	41.0	3.0	24.0	1.0	8.0	25.0	15.0	11.0	145.0	19.0	7.0	5.0	10.0	41.0	17.0	91.0
OG0001787.12	OG0002597.0	OG0000053.0	OG0000949.3	OG0022911.0	OG0000873.24	OG0013882.4	OG0010628.2	OG0016823.0	OG0002178.2	OG0000204.2	OG0002076.0	OG0000069.0	OG0003477.0	OG0000044.1	OG0005873.2	OG0006106.4	OG0000027.457	OG0003159.5	OG0000793.0	OG0006106.4	OG0004082.2	OG0005101.0	OG0001830.6	OG0000183.0	OG0000160.4	OG0019250.0	OG0000009.835	OG0000218.1
27.0	18.0	44.0	33.0	1.0	31.0	2.0	3.0	2.0	17.0	45.0	26.0	79.0	21.0	48.0	11.0	11.0	93.0	17.0	28.0	11.0	20.0	10.0	28.0	54.0	50.0	1.0	9.0	31.0
OG0003893.1	OG0003972.0	OG0001873.22	OG0022826.0	OG0002881.24	OG0019187.0	OG0011334.0	OG0012896.0	OG0006794.0	OG0004093.2	OG0000506.0	OG0000056.0	OG0003089.5	OG0000927.0	OG0000560.2	OG0000410.39	OG0000471.2	OG0015206.2	OG0000873.24	OG0002568.27	OG0002186.0	OG0002489.10	OG0001471.24	OG0003616.0	OG0001529.8	OG0022883.0	OG0001110.3
19.0	12.0	23.0	1.0	19.0	1.0	3.0	6.0	4.0	19.0	38.0	110.0	22.0	36.0	46.0	29.0	48.0	2.0	31.0	20.0	27.0	23.0	27.0	20.0	34.0	1.0	21.0
OG0003966.0	OG0000097.124	OG0000689.4	OG0004831.2	OG0001774.6	OG0004001.0	OG0004002.0	OG0003801.0	OG0003302.0	OG0003790.0	OG0003908.0	OG0000150.39	OG0002051.0	OG0000602.3	OG0002890.10
19.0	37.0	32.0	15.0	25.0	19.0	19.0	20.0	20.0	19.0	20.0	38.0	27.0	37.0	22.0
OG0000015.1	OG0000332.0	OG0008111.4	OG0004338.2	OG0015216.2	OG0001108.4	OG0004957.0	OG0015206.2	OG0005098.0	OG0003507.2	OG0007133.1	OG0000223.2	OG0002659.0	OG0007751.0	OG0005842.0	OG0019268.0	OG0002189.0	OG0001675.24	OG0011320.4	OG0000326.0	OG0004726.1	OG0000915.28	OG0000096.49	OG0000442.2	OG0001531.24	OG0001830.6	OG0006095.0	OG0000150.39
75.0	26.0	4.0	15.0	3.0	42.0	13.0	2.0	14.0	24.0	8.0	47.0	22.0	5.0	7.0	1.0	25.0	30.0	5.0	27.0	10.0	27.0	3.0	34.0	27.0	28.0	7.0	38.0
OG0003896.1	OG0012101.2	OG0002174.0	OG0003873.0	OG0003370.4	OG0016759.0	OG0001435.1	OG0008984.2	OG0000343.0	OG0003606.1	OG0014226.2	OG0007424.17	OG0000025.0	OG0001776.0	OG0015210.1	OG0003159.5	OG0000731.0	OG0012121.0	OG0002850.24	OG0006106.4	OG0005101.0
19.0	4.0	27.0	20.0	13.0	2.0	27.0	6.0	39.0	17.0	2.0	3.0	145.0	16.0	2.0	17.0	16.0	2.0	21.0	11.0	10.0
OG0006395.0	OG0000032.252	OG0000007.585	OG0001895.0	OG0004719.0	OG0013877.2	OG0002760.9	OG0000892.1	OG0000118.196	OG0002258.2	OG0004719.0	OG0000368.4	OG0000151.0	OG0011356.1	OG0003594.4	OG0003896.1	OG0001783.0	OG0005864.6	OG0000442.2	OG0002901.4	OG0006402.0	OG0000162.4
8.0	88.0	73.0	19.0	8.0	3.0	22.0	31.0	25.0	25.0	8.0	54.0	55.0	3.0	18.0	19.0	18.0	7.0	34.0	19.0	12.0	77.0
OG0005636.2	OG0007130.0	OG0003896.1	OG0011345.0	OG0000112.0	OG0009008.0	OG0000062.197	OG0000000.2196	OG0003610.0	OG0000024.0	OG0015222.0	OG0001023.7	OG0019261.0	OG0009007.0	OG0000106.6	OG0004723.0	OG0003801.0	OG0005442.4	OG0000243.0	OG0000002.2	OG0012896.0	OG0000606.2	OG0015175.0	OG0000310.18	OG0022826.0	OG0003563.2	OG0000711.2	OG0000691.0	OG0007127.0	OG0002651.6	OG0001049.26	OG0003709.2	OG0004088.2	OG0002182.4	OG0002433.0	OG0003306.0
9.0	10.0	19.0	5.0	51.0	7.0	33.0	81.0	12.0	174.0	2.0	28.0	1.0	6.0	85.0	15.0	20.0	11.0	37.0	101.0	6.0	46.0	2.0	42.0	1.0	10.0	41.0	36.0	8.0	32.0	27.0	22.0	12.0	21.0	23.0	17.0
OG0011355.0	OG0013889.2	OG0012121.0	OG0003896.1	OG0001740.7	OG0013876.2	OG0000010.475	OG0022857.0	OG0000297.82	OG0000711.2	OG0019225.0	OG0002787.0	OG0002556.2	OG0010619.2	OG0000264.1	OG0001080.1	OG0001569.0	OG0000922.28	OG0000243.0	OG0013886.0	OG0000239.0	OG0001786.20	OG0003612.18
3.0	3.0	2.0	19.0	24.0	3.0	89.0	1.0	28.0	41.0	2.0	31.0	14.0	5.0	47.0	27.0	23.0	26.0	37.0	3.0	49.0	24.0	8.0
OG0003374.0	OG0008499.0	OG0005103.0	OG0000000.2924	OG0003030.22	OG0000953.26	OG0004576.6	OG0002555.0	OG0011319.4	OG0004205.0	OG0002435.0	OG0002606.8	OG0005427.0	OG0029156.0	OG0000892.1	OG0022889.0	OG0002521.0	OG0001570.1	OG0000208.18	OG0004837.2	OG0005101.0	OG0008991.8	OG0000144.116	OG0015176.2	OG0003896.1	OG0000484.0	OG0007731.0
19.0	6.0	11.0	112.0	17.0	27.0	15.0	15.0	5.0	17.0	19.0	22.0	12.0	1.0	31.0	1.0	24.0	22.0	48.0	17.0	10.0	4.0	35.0	3.0	19.0	40.0	7.0
OG0004097.3	OG0000949.3	OG0000569.0	OG0003720.0	OG0001611.26	OG0008111.4	OG0004843.6	OG0001914.4	OG0005252.12	OG0005427.0	OG0019262.0	OG0004317.6	OG0002382.8	OG0003222.0	OG0000188.1	OG0002485.15	OG0005087.2
21.0	33.0	23.0	21.0	23.0	4.0	17.0	27.0	10.0	12.0	2.0	13.0	1.0	9.0	55.0	13.0	10.0
OG0005876.0	OG0000130.38	OG0000206.0	OG0007138.0	OG0016790.2	OG0003698.0	OG0000835.7	OG0006102.2	OG0001887.0	OG0001015.0	OG0001442.1	OG0008990.2	OG0008987.2	OG0012095.0	OG0001068.1	OG0002903.18	OG0007731.0	OG0000851.0	OG0015206.2	OG0005252.12	OG0001922.12	OG0000019.448	OG0004322.1	OG0000624.3	OG0000037.360	OG0001109.2	OG0006400.2
6.0	54.0	43.0	5.0	2.0	20.0	25.0	11.0	13.0	38.0	27.0	3.0	7.0	4.0	27.0	21.0	7.0	35.0	2.0	10.0	18.0	102.0	20.0	30.0	67.0	26.0	6.0
OG0000142.14	OG0000471.2	OG0015277.0	OG0012095.0	OG0007424.17	OG0003896.1	OG0003895.0	OG0005091.0	OG0009875.0	OG0000960.25	OG0000567.0	OG0000331.36	OG0004203.0	OG0009006.0	OG0002557.50	OG0000012.1	OG0000832.31	OG0000096.194	OG0003029.3	OG0007133.1	OG0005273.11	OG0003230.0	OG0000162.4	OG0000693.28	OG0000225.48	OG0000044.1	OG0002351.23	OG0004719.0	OG0010620.1	OG0000433.1	OG0000693.28
57.0	48.0	3.0	4.0	3.0	19.0	10.0	14.0	6.0	27.0	35.0	35.0	18.0	5.0	11.0	105.0	20.0	47.0	23.0	8.0	7.0	14.0	77.0	35.0	49.0	48.0	21.0	8.0	6.0	35.0	35.0
OG0012926.0	OG0000870.0	OG0008063.8	OG0005640.2	OG0012132.2	OG0012925.0	OG0011344.2	OG0000927.0	OG0003345.6	OG0000226.4	OG0003087.0	OG0000009.195	OG0003789.22	OG0001108.4	OG0000416.102	OG0000869.2	OG0000793.0	OG0000037.1	OG0012894.0	OG0000000.1571	OG0000691.0
3.0	21.0	6.0	13.0	4.0	3.0	5.0	36.0	21.0	39.0	10.0	130.0	11.0	42.0	23.0	41.0	28.0	72.0	4.0	18.0	36.0
OG0003712.0	OG0006109.16	OG0004317.6	OG0009018.0	OG0009868.0	OG0000394.3	OG0020608.0	OG0001701.8	OG0006106.4	OG0007124.2	OG0001019.16	OG0008063.8	OG0000078.2	OG0000344.0	OG0000118.196	OG0000013.994	OG0011452.2	OG0004836.2	OG0007431.0	OG0003310.2
21.0	5.0	13.0	3.0	6.0	42.0	2.0	25.0	11.0	10.0	21.0	6.0	31.0	22.0	25.0	91.0	3.0	17.0	6.0	26.0
OG0002521.0	OG0001676.2	OG0006106.4	OG0000025.0	OG0002303.18	OG0000873.24	OG0003999.8	OG0002851.1	OG0022907.0	OG0007747.5	OG0000391.20	OG0000054.0	OG0001950.6	OG0003911.0	OG0005439.4	OG0013876.2	OG0000922.28	OG0000397.30	OG0001109.2	OG0016824.0	OG0000960.25	OG0002350.22	OG0001832.1	OG0000091.0	OG0002559.0	OG0004957.0
24.0	25.0	11.0	145.0	22.0	31.0	16.0	21.0	1.0	5.0	46.0	90.0	36.0	18.0	9.0	3.0	26.0	27.0	26.0	2.0	27.0	29.0	29.0	61.0	15.0	13.0
OG0012926.0	OG0019239.0	OG0013883.4	OG0000053.0	OG0000892.1	OG0006779.0	OG0009878.0	OG0000003.0	OG0002774.0	OG0015211.2	OG0002897.1	OG0015216.2	OG0000056.0	OG0003804.0	OG0001100.24	OG0000605.0	OG0000074.152	OG0003454.0	OG0001334.24	OG0001549.27	OG0004845.0	OG0004687.0	OG0002091.0	OG0000900.25	OG0000034.305	OG0000369.1	OG0001724.10	OG0001505.24	OG0001316.24	OG0009848.0	OG0001335.24
3.0	2.0	2.0	44.0	31.0	7.0	5.0	414.0	25.0	2.0	21.0	3.0	110.0	20.0	27.0	37.0	34.0	8.0	27.0	23.0	9.0	17.0	27.0	27.0	50.0	27.0	28.0	27.0	27.0	5.0	27.0
OG0013886.0	OG0004074.0	OG0001746.6	OG0003365.2	OG0012922.0	OG0012915.8	OG0000303.1	OG0000623.24	OG0000139.0	OG0004093.2	OG0004717.0	OG0004333.0	OG0000257.0	OG0019248.0	OG0002188.22	OG0004719.0	OG0000000.3460	OG0022904.0	OG0001672.0	OG0004324.0	OG0012085.13	OG0000129.70	OG0005095.4	OG0004949.2	OG0001569.0	OG0004831.2	OG0006101.4	OG0004719.0	OG0004943.22
3.0	20.0	20.0	21.0	3.0	2.0	41.0	30.0	41.0	19.0	18.0	18.0	41.0	1.0	22.0	8.0	68.0	1.0	23.0	14.0	1.0	67.0	13.0	11.0	23.0	15.0	12.0	8.0	5.0
OG0015207.2	OG0000169.16	OG0005874.0	OG0012113.0	OG0009873.0	OG0000693.28	OG0016813.6	OG0000062.12	OG0007124.2	OG0004204.4	OG0004719.0	OG0009014.0	OG0000177.8	OG0002521.0	OG0000223.2	OG0004719.0	OG0010629.17	OG0001109.2	OG0001021.49	OG0000204.2	OG0004215.0
2.0	44.0	12.0	6.0	6.0	35.0	1.0	47.0	10.0	13.0	8.0	4.0	46.0	24.0	47.0	8.0	1.0	26.0	27.0	45.0	18.0
OG0000731.0	OG0000092.1	OG0000607.0	OG0000835.7	OG0004951.0	OG0029153.0	OG0000025.0	OG0002898.12	OG0001010.0	OG0000019.257	OG0022834.0	OG0000648.41	OG0005857.0	OG0001761.0	OG0000314.0	OG0003509.26	OG0002654.0	OG0004454.2	OG0000136.2	OG0002754.13	OG0007707.8	OG0006106.4	OG0001548.0	OG0002299.6	OG0000623.24	OG0002177.28	OG0005105.0	OG0001775.0	OG0005439.4	OG0003609.0	OG0001648.0	OG0015210.1
16.0	47.0	32.0	25.0	12.0	1.0	145.0	12.0	33.0	34.0	1.0	30.0	7.0	26.0	32.0	12.0	21.0	15.0	38.0	21.0	3.0	11.0	20.0	32.0	30.0	24.0	13.0	25.0	9.0	18.0	18.0	2.0
OG0016826.0	OG0015222.0	OG0012138.0	OG0004717.0	OG0005860.0	OG0001950.6	OG0002605.0	OG0013882.4	OG0005871.0	OG0006795.0	OG0000275.56	OG0002467.0	OG0008115.17	OG0001830.6	OG0002896.8	OG0012926.0	OG0000000.2924	OG0001802.47	OG0000927.0
2.0	2.0	4.0	18.0	12.0	36.0	13.0	2.0	13.0	4.0	40.0	25.0	2.0	28.0	22.0	3.0	112.0	19.0	36.0
OG0000645.36	OG0009886.7	OG0000206.0	OG0000000.1571	OG0012896.0	OG0001672.0	OG0002491.1	OG0012085.13	OG0002611.0	OG0001525.51	OG0000582.4	OG0011344.2	OG0009000.1	OG0000609.44	OG0001482.8	OG0004103.6	OG0011324.0	OG0001788.24	OG0001917.0	OG0000024.0	OG0029154.0	OG0000891.14	OG0002469.0	OG0002563.2	OG0012873.2	OG0015212.3
29.0	3.0	43.0	18.0	6.0	23.0	21.0	1.0	22.0	27.0	29.0	5.0	6.0	27.0	31.0	8.0	5.0	22.0	28.0	174.0	1.0	27.0	22.0	21.0	3.0	2.0
OG0000310.18	OG0011345.0	OG0000206.0	OG0002733.0	OG0004415.0	OG0000871.2	OG0003868.8	OG0003501.0	OG0003010.1	OG0000062.197	OG0003966.0	OG0003989.2	OG0003310.2	OG0001015.0	OG0022866.0	OG0000608.0	OG0000332.0	OG0005872.0	OG0000013.541	OG0001501.1	OG0016791.0	OG0003997.0	OG0000203.0	OG0003719.2	OG0008105.1
42.0	5.0	43.0	24.0	18.0	27.0	19.0	10.0	20.0	33.0	19.0	14.0	26.0	38.0	1.0	26.0	26.0	13.0	94.0	27.0	3.0	16.0	31.0	19.0	2.0
