OG0009883.5	OG0000692.0	OG0004617.12	OG0004835.2	OG0004464.0	OG0004338.2	OG0000107.44	OG0000038.0	OG0000027.1
2.195914	21.4313	100.1257	9.605725	nan	nan	0.8220155	nan	nan
OG0008443.1	OG0010756.0	OG0004568.1	OG0005507.10	OG0003049.0
nan	4.846026999999999	0.8639831	27.49506	3.876821
OG0014810.0	OG0006647.0	OG0014620.0
8.213123	222.30900000000003	1.9456349999999998
OG0001184.24	OG0017901.0	OG0005646.0
nan	2.867779	91.75452
OG0002993.1	OG0006460.2	OG0004302.0	OG0016149.0	OG0008532.6
nan	2.9939150000000003	21.01709	7.9867550000000005	1.4322190000000001
OG0005619.0	OG0009877.2	OG0001321.26	OG0007340.4	OG0003483.0	OG0005694.0	OG0007523.4
12.3733	1.105475	nan	4.637965	45.57463	2.898715	2.2071419999999997
OG0005991.0	OG0004954.6	OG0007191.0	OG0004616.0
13.881120000000001	3.768668	3.362117	4.063821
OG0002837.4	OG0004192.0	OG0002822.4
6.169368	12.28716	2.140325
OG0002275.1	OG0016201.4
0.7977460999999999	7.905791000000001
OG0007261.0	OG0012755.0	OG0003092.12	OG0003847.24	OG0017886.0	OG0012262.2
0.9747366	2.2705599999999997	6.07673	26.15942	1.172687	1.355068
OG0002791.5	OG0007491.0	OG0002575.0
22.29289	149.3487	3.075603
OG0005530.6
1.027084
OG0011372.0	OG0004064.0	OG0002054.0	OG0006467.8
1.186013	16.53203	nan	1.111791
OG0002961.20	OG0009783.0	OG0003897.10	OG0007724.0	OG0004085.0	OG0004026.1
3.533032	1.295774	0.04132692	4.3124769999999994	1.758759	1.072128
OG0000703.24	OG0012660.2
nan	8.060410000000001
OG0003204.0	OG0009290.0
0.6328834	1.8014759999999999
OG0003747.6	OG0001777.24	OG0008183.0	OG0002044.0	OG0014706.0
4.547755	1.088768	3.039308	nan	4.46765
OG0008196.2	OG0012921.6	OG0002687.0	OG0011976.0	OG0000623.24	OG0012112.2
2.3857209999999998	2.038148	4.552498	4.6643300000000005	3.83952	nan
OG0020530.0	OG0012750.0	OG0013006.4	OG0000367.174	OG0005105.0
3.423317	2.624211	2.295986	1.224104	19.97309
OG0016892.2	OG0001135.4	OG0018140.2
3.3767480000000005	nan	1.226525
OG0007726.2	OG0002136.0	OG0007475.6	OG0003096.0	OG0008585.0	OG0014610.2	OG0003450.0
nan	nan	1.30629	1.404907	167.5515	1.097921	45.41144
OG0005934.2	OG0005767.0	OG0005188.2	OG0004589.2
2.2077169999999997	5.541114	21.53301	0.9054583
OG0003152.0	OG0008348.0	OG0003962.6	OG0017896.0
2.983676	1.1054629999999999	118.5815	3.315426
OG0003632.26	OG0005342.24	OG0002583.0	OG0007715.0	OG0005306.0	OG0002945.0
184.5048	1.676612	1.321043	0.5249691	4.21019	4.4801400000000005
OG0004699.1	OG0017010.0
2.216425	0.9715067
OG0018173.0	OG0011338.3	OG0008632.0
0.9747304	1.701382	nan
OG0008212.0	OG0011412.1	OG0020456.0
2.8028169999999997	1.62921	3.3859519999999996
OG0004455.4	OG0006055.0	OG0000247.29
1.905441	nan	nan
OG0005990.0	OG0005651.0
26.283179999999998	27.967290000000002
OG0009042.2	OG0010720.2	OG0005199.18
3.295034	4.552834	183.2172
OG0004695.0	OG0006491.0	OG0004451.2	OG0005534.0
9.787492	0.5837588	19.12135	45.30193
OG0002882.0	OG0002755.0	OG0005501.1	OG0002248.0	OG0012094.2	OG0011338.3
3.078568	nan	1.9751	nan	2.1639	1.701382
OG0010658.0	OG0001839.6	OG0000872.42	OG0007983.8
2.246474	5.512625	0.7307908000000001	4.637485
OG0001235.24	OG0012699.1	OG0012122.1	OG0005304.0
nan	1.833702	nan	nan
OG0006785.2	OG0004690.6	OG0012651.6	OG0005535.2
1.1000860000000001	8.283816999999999	1.705177	3.796436
OG0000019.2	OG0014669.4	OG0018373.0
1.171471	7.980732000000001	0.9645456
OG0002232.24	OG0008697.2
5.276221	1.546685
OG0018416.0
1.810572
OG0001293.1	OG0003310.2	OG0008712.0	OG0005936.0	OG0003071.0
nan	118.2767	4.670691000000001	2.1852650000000002	2.758654
OG0004346.4	OG0000106.6	OG0006372.2	OG0008752.0	OG0004216.0	OG0002755.0
1.1237469999999998	20.58342	0.7192581	nan	119.4202	nan
OG0003284.0	OG0008220.4	OG0006961.0	OG0003676.0
215.6955	2.976234	218.2613	21.88489
OG0000832.1	OG0000788.3	OG0011415.2	OG0007104.0	OG0011251.0
5.261181	2.99404	2.940207	1.127359	nan
OG0003091.24	OG0004865.2	OG0005723.0	OG0004628.2
51.27952	2.840195	168.0853	14.892529999999999
OG0002505.16	OG0001808.40	OG0016199.2	OG0000013.994	OG0004695.0
2.587012	3.482245	7.9918759999999995	3.6617349999999997	9.787492
OG0002620.44	OG0006418.0	OG0012464.0
6.30229	9.499102	1.787318
OG0002459.0	OG0008519.0	OG0001125.24	OG0009140.4	OG0007849.2
19.137620000000002	3.686574	nan	1.3614709999999999	2.61701
OG0008364.0	OG0009946.2	OG0005620.0	OG0001319.1
1.389885	4.583368	12.18486	nan
OG0004048.0	OG0011963.2	OG0013476.2
1.546088	1.452392	8.034508
OG0005960.8	OG0014858.0
218.5402	1.11886
OG0006095.0	OG0007919.2
2.8823369999999997	nan
OG0002670.1	OG0007398.0	OG0011222.2	OG0001073.24	OG0002542.24
nan	1.174303	2.883962	nan	217.59
OG0008290.0	OG0013547.0	OG0014706.0	OG0000914.30	OG0007534.0	OG0005533.0
4.59505	3.130026	4.46765	nan	144.2651	45.571940000000005
OG0000009.802	OG0000764.26	OG0003563.2	OG0002917.0	OG0005098.0
1.273113	nan	nan	3.658753	1.6112360000000001
OG0005588.4	OG0001708.32	OG0000306.0	OG0000379.0	OG0004490.2
215.4264	12.65674	2.973932	3.3008660000000005	1.304857
OG0008357.6	OG0005707.4	OG0004736.6
1.692264	26.26084	9.361528
OG0005545.0	OG0008103.4	OG0008619.3	OG0016211.0	OG0004635.2
218.8562	1.175194	1.643464	1.177902	1.39628
OG0003492.0
45.6423
OG0003606.1	OG0001644.0	OG0005903.2	OG0000762.2	OG0008542.0	OG0015200.2
3.156604	2.401589	1.881559	17.06766	2.876579	2.483948
OG0000245.1	OG0000600.26	OG0000511.0
2.06806	nan	4.50884
OG0010665.0	OG0003311.0	OG0004164.0	OG0000050.0	OG0001383.24
43.98301	9.796724000000001	3.590503	1.6780529999999998	nan
OG0003462.0	OG0007509.2	OG0003157.31	OG0002868.0	OG0003264.4
45.181259999999995	5.298993	9.837012	3.696965	218.1833
OG0000135.128	OG0004456.0	OG0001653.5	OG0018982.0
13.948670000000002	0.898373	8.052172	2.077634
OG0006844.0	OG0005426.10	OG0003527.29	OG0001636.12	OG0007888.4
3.61439	6.685471000000001	3.480637	nan	nan
OG0001128.24	OG0004256.2	OG0000346.14	OG0003961.0
nan	2.4867209999999997	6.168666	5.544085
OG0013833.0	OG0001113.24
2.23316	4.497256
OG0000454.0	OG0009075.0	OG0008681.0	OG0003640.9
nan	2.04547	4.618427	5.309159999999999
OG0002669.0	OG0020688.0
6.403475	8.055308
OG0013478.8	OG0000485.92	OG0001693.0	OG0011587.0	OG0003636.4
1.8571970000000002	3.273521	256.5873	2.264949	1.2403389999999999
OG0004094.1	OG0000019.2	OG0001006.0	OG0003684.4	OG0003139.0
0.33478990000000003	1.171471	nan	168.8403	217.3779
OG0000349.0	OG0006628.0	OG0010699.0	OG0005548.4	OG0001228.1
2.254695	25.96365	4.6318589999999995	14.05685	nan
OG0007976.0	OG0004938.0	OG0005666.2	OG0003102.3	OG0020528.0
220.7176	3.386574	113.8237	nan	3.3917059999999997
OG0004015.3	OG0006177.1	OG0004999.6
nan	2.775732	1.7686060000000001
OG0000949.3	OG0005236.2	OG0003883.2	OG0000006.1077	OG0004975.0	OG0000425.53
1.494423	0.9895436	11.72063	1.933275	9.483305999999999	nan
OG0010163.0	OG0004259.24	OG0002437.4
4.615896	nan	11.35545
OG0001432.24	OG0000472.0	OG0009114.2
nan	3.356095	1.703371
OG0002408.0	OG0012158.0	OG0003758.0	OG0001998.0	OG0005336.8	OG0002533.0
1.683303	1.227336	116.6864	nan	26.32462	2.342632
OG0000095.36	OG0000283.131	OG0014671.6	OG0007700.1
0.5360695	221.3415	8.079386999999999	3.092
OG0006378.0	OG0001906.0	OG0011485.0	OG0003872.0	OG0002344.91
7.420953	0.5647930999999999	1.069232	44.82646	3.7893480000000004
OG0008976.0	OG0004669.1	OG0004158.0	OG0009243.3
3.0964080000000003	1.421918	2.8429349999999998	0.9752405999999999
OG0005671.4	OG0004521.26	OG0000691.0	OG0007326.0
1.3842940000000001	nan	2.778453	nan
OG0010506.0	OG0003972.0
11.97418	0.5918707
OG0003601.4	OG0000006.561	OG0004678.12	OG0007800.5
1.6086209999999999	nan	12.362639999999999	3.050093
OG0013630.2	OG0011328.4
2.804703	2.379511
OG0007871.0
20.19641
OG0000062.399	OG0001670.24	OG0001000.24	OG0015204.0
1.086932	3.2919970000000003	nan	3.4466949999999996
OG0006443.2	OG0011900.1
5.147716	1.381208
OG0007633.0	OG0004786.1	OG0001658.112	OG0014673.4
213.025	6.3467709999999995	3.242195	8.133556
OG0012950.0
2.075132
OG0008224.0	OG0000179.0	OG0005969.0
2.875614	0.04227756	nan
OG0009045.2	OG0004884.0	OG0008201.2
1.636476	1.9960490000000002	nan
OG0000000.777	OG0003738.4	OG0009814.0	OG0007052.0	OG0014341.0
nan	0.5884231	2.744402	222.2081	5.353468
OG0000691.0	OG0000507.0	OG0011478.0	OG0008971.2	OG0005302.10
2.778453	2.920872	3.074875	1.393849	2.737118
OG0014678.1	OG0000425.1	OG0011186.0
8.051665	27.64998	0.7786583
OG0007182.0	OG0001164.24	OG0002426.13	OG0011369.2
5.10559	nan	115.2752	3.02074
OG0002635.0	OG0000419.108	OG0002985.0	OG0007508.0
3.471424	44.9784	1.930421	146.1593
OG0001541.1	OG0012235.2	OG0011494.6
nan	2.0590490000000004	2.22186
OG0012669.7	OG0013904.0	OG0014056.0	OG0003744.6	OG0003310.2	OG0001843.5
8.204235	2.578648	2.214582	0.7882786999999999	118.2767	1.89155
OG0007187.0	OG0010766.0	OG0006797.2
3.9188419999999997	0.9273634	1.265215
OG0000073.0	OG0005932.2	OG0006574.0
1.109509	5.5647519999999995	219.4391
OG0000926.24	OG0007470.8	OG0002232.24	OG0000101.213
nan	2.5041599999999997	5.276221	3.646725
OG0002229.1	OG0001953.2	OG0014779.4	OG0006186.0	OG0002674.20
3.026639	nan	nan	155.7957	1.357375
OG0004994.3	OG0008927.0	OG0000423.2	OG0000189.0	OG0003057.0
4.5469669999999995	2.650218	nan	2.210975	nan
OG0004329.0	OG0010576.0	OG0003776.2	OG0003610.0	OG0020478.0
0.48329929999999993	0.6580618	21.3691	2.647946	3.3972660000000006
OG0003280.0	OG0002040.0
25.9652	nan
OG0002531.4
2.3272169999999996
OG0007200.0	OG0016025.3
3.020995	3.3617169999999996
OG0004475.8	OG0003978.4	OG0000702.24	OG0010498.6	OG0013941.2	OG0000644.0	OG0003123.8
9.428536	2.656494	nan	2.946159	0.9192993	2.369977	21.7425
OG0015124.0	OG0014717.1	OG0009876.3
3.4623199999999996	8.189287	nan
OG0002518.2	OG0002770.0	OG0004959.1	OG0005352.0	OG0006737.2	OG0001860.0
2.9472970000000003	5.027332	3.490479	7.501237	215.774	nan
OG0003056.0	OG0004822.1	OG0001407.24
2.288461	4.960311	nan
OG0001428.1
nan
OG0006846.0	OG0004519.0	OG0000974.2	OG0016958.2
0.4273151	119.0038	nan	1.733829
OG0000368.4	OG0007345.0	OG0006128.2
3.733476	4.182828	5.401783999999999
OG0004448.0	OG0007828.0	OG0002361.0	OG0002663.0	OG0012876.0
118.3498	3.175714	9.105516999999999	229.8811	1.194028
OG0007239.4	OG0006392.0	OG0008535.12	OG0008100.2
4.582543	2.337082	1.219958	2.384863
OG0001013.0	OG0000015.773	OG0008632.0	OG0000024.0	OG0016447.0
3.3013510000000004	nan	nan	nan	1.013688
OG0001726.29	OG0009290.0
4.55091	1.8014759999999999
OG0016941.0	OG0007541.2	OG0001521.0
1.573109	nan	5.038203
OG0000416.102	OG0009857.2	OG0006374.4	OG0017864.0
1.207251	224.4897	1.220066	2.489027
OG0002609.0	OG0014053.1	OG0001973.0	OG0003381.2	OG0005577.0
nan	2.2195150000000003	1.116126	4.196837	214.2689
OG0002689.2	OG0004015.3
22.29205	nan
OG0010128.0	OG0009917.0	OG0016073.4	OG0003233.6
nan	nan	3.139036	1.204808
OG0004780.0	OG0004416.0	OG0007556.0
26.10856	117.7436	1.24945
OG0005008.1	OG0004089.1	OG0003397.24	OG0013531.2	OG0012188.0
96.41497	4.184295	26.232809999999997	2.286172	3.459419
OG0002346.16	OG0001219.24	OG0009953.0
1.538705	nan	1.9838080000000002
OG0004532.24	OG0015336.0
45.36288	1.397411
OG0003219.0	OG0002508.0	OG0004627.2
26.15213	3.261372	0.2432357
OG0013007.4
2.28012
OG0000583.0
nan
OG0007200.0	OG0004059.0	OG0006733.0	OG0017902.0	OG0001073.24
3.020995	73.0749	4.517084	3.3982660000000005	nan
OG0001288.1	OG0013272.0	OG0002827.24
nan	2.545138	169.5774
OG0000372.1	OG0010563.3	OG0020752.0	OG0001059.24	OG0007282.8	OG0008529.2	OG0011198.6
52.41851	2.952641	2.410099	nan	14.039639999999999	0.9021153000000001	4.127832
OG0002223.0	OG0002806.20	OG0004376.0	OG0002632.18
nan	0.5779996000000001	nan	216.0104
OG0003628.6	OG0012656.4
4.4289510000000005	1.194534
OG0000066.107	OG0006101.4	OG0001384.1	OG0003972.0
3.006325	2.2825439999999997	nan	0.5918707
OG0004525.1	OG0012722.2	OG0005895.11
217.3246	1.465375	2.646415
OG0005583.0	OG0011488.0	OG0007460.2
44.80673	2.595127	4.037438
OG0007833.0	OG0002464.28
0.8039578000000001	25.98915
OG0018167.0	OG0006478.0	OG0004710.2	OG0000551.2	OG0000298.0	OG0005435.0
2.1859029999999997	2.174058	0.15399549999999998	nan	4.6242980000000005	2.590594
OG0014707.3	OG0001721.0	OG0004799.0
8.149996	3.7794190000000003	3.923964
OG0009878.0	OG0004851.6	OG0001526.26	OG0008627.0	OG0008743.2
3.824868	8.178705	3.722585	0.7116595	4.620227
OG0003189.0	OG0005826.0	OG0001262.36	OG0000005.545	OG0006664.1
26.703290000000003	1.763895	2.3498099999999997	nan	3.1229810000000002
OG0001306.1	OG0009187.0	OG0006124.2
nan	5.393857	nan
OG0005441.0	OG0012115.4	OG0004534.0	OG0000659.24
nan	224.6832	7.703423	3.763792
OG0004030.3	OG0002280.0
1.4690159999999999	2.370616
OG0001123.1	OG0007034.0	OG0000062.399	OG0002834.0
nan	5.521761	1.086932	5.653043
OG0013941.2	OG0000480.25	OG0014541.2
0.9192993	2.460228	7.988569
OG0001871.4	OG0008768.2	OG0005026.2	OG0006178.4
nan	5.597594	3.7884660000000006	0.8673358
OG0009019.8	OG0000392.72	OG0005414.0
1.921505	nan	10.139669999999999
OG0014674.4	OG0010749.0	OG0000917.1	OG0002488.24	OG0009948.2
8.144602	1.703868	nan	1.1914049999999998	4.590191
OG0001940.2	OG0001315.24	OG0017034.0	OG0014751.4	OG0009058.0	OG0000891.14
nan	nan	1.597572	7.978978	nan	4.020829
OG0000916.24	OG0006127.2	OG0015698.3
nan	0.7604305	1.6879240000000002
OG0000209.2	OG0014027.3	OG0003761.0	OG0011530.4	OG0000877.0
nan	1.403813	14.061860000000001	4.572351	3.292089
OG0001324.24	OG0008457.0	OG0002279.0	OG0004415.0	OG0014774.1
nan	3.4166830000000004	4.490557	118.4646	8.128085
OG0001587.1	OG0012189.0	OG0003324.4	OG0000713.24	OG0001301.24
3.8116839999999996	0.629153	10.65651	nan	nan
OG0002884.0	OG0005304.0	OG0004969.0	OG0005183.3	OG0000900.25	OG0012284.2
45.04037	nan	8.094026	nan	nan	2.251143
OG0004426.0	OG0001949.20	OG0007433.0	OG0010748.0	OG0007161.0
118.5883	20.279239999999998	2.3357330000000003	nan	2.228526
OG0006349.2	OG0017869.0	OG0002925.0	OG0000135.128
4.5670980000000005	2.855229	0.5822978	13.948670000000002
OG0008281.2	OG0016201.4	OG0006477.2	OG0000471.2	OG0006608.0
4.581734	7.905791000000001	1.6879240000000002	nan	217.5279
OG0005261.0	OG0007615.6	OG0018985.0	OG0005126.0	OG0014015.0
7.024845	nan	1.6773330000000002	1.9541110000000002	1.8179880000000002
OG0002532.34	OG0002749.0	OG0001390.24	OG0000011.579	OG0003075.0	OG0001156.1
0.04226627	45.87917	nan	nan	216.6336	nan
OG0013134.6	OG0004222.0	OG0003531.0
1.610083	1.626197	4.860505
OG0011686.0	OG0003805.42	OG0011362.0	OG0010973.0	OG0001278.2
5.2942599999999995	2.7342009999999997	1.311768	1.529226	nan
OG0015264.2	OG0005171.24	OG0003132.0
1.913948	1.124754	45.87061
OG0005069.2	OG0009145.0	OG0005216.0
7.106733999999999	5.332808	2.7572919999999996
OG0003690.16	OG0003461.0	OG0000629.1	OG0003930.0	OG0007873.6
116.6009	45.09509	236.0761	2.9893240000000003	4.65825
OG0013592.3	OG0016107.4	OG0012975.0	OG0014661.1
8.061842	7.938208	0.8965388000000001	8.084931
OG0001404.24	OG0002175.0	OG0009021.0	OG0002512.0	OG0006627.0	OG0000219.0
nan	nan	7.401669	0.41625200000000007	212.8563	1.755925
OG0003064.0	OG0011453.0
21.766679999999997	3.110289
OG0001919.2	OG0005614.2	OG0006666.0	OG0002384.4
2.322714	2.137807	218.077	3.800183
OG0002439.13	OG0001421.30
3.3961379999999997	nan
OG0008558.0	OG0008469.1	OG0016202.4	OG0004881.2
2.768366	1.572558	7.991878	131.4194
OG0001520.24	OG0001437.24
1.308589	nan
OG0003663.2	OG0005669.0	OG0012183.2	OG0014669.4	OG0004757.2	OG0012106.0
117.2609	4.5390440000000005	0.8497161	7.980732000000001	21.74194	2.427693
OG0005483.0	OG0006857.0	OG0002939.24	OG0001266.28	OG0002041.0
2.559561	nan	10.26835	nan	nan
OG0002655.0	OG0001668.0	OG0000381.0	OG0002425.0	OG0016852.0	OG0015300.0
1.231574	5.224346	3.8080800000000004	3.392572	1.845207	1.0907959999999999
OG0006963.0	OG0003212.0	OG0000002.1088
27.94782	2.7330360000000002	1.071291
OG0004279.0	OG0003258.3	OG0003535.14	OG0005083.0
118.61200000000001	1.8895950000000001	0.4202143	8.40816
OG0003281.0	OG0012705.1	OG0022305.0	OG0008638.0	OG0002831.0
26.85091	3.0687919999999997	1.852916	0.9052075	35.294509999999995
OG0011450.0
0.9916033000000001
OG0005657.2	OG0001361.1	OG0002161.0	OG0004165.10	OG0010177.9	OG0000005.545
1.292158	nan	nan	1.167822	nan	nan
OG0002836.4	OG0009299.6
4.581283	2.840157
OG0001192.54	OG0014026.0	OG0001789.0	OG0009951.0
217.2946	1.3273549999999998	1.554617	1.553336
OG0013737.0	OG0001346.24	OG0000401.0	OG0007053.2	OG0005195.2	OG0000978.1	OG0004123.2
1.3618299999999999	nan	9.04455	216.88	45.68544	nan	1.564526
OG0006485.6	OG0001691.24
nan	nan
OG0005083.0	OG0005226.0	OG0004311.0	OG0000048.4	OG0005492.12	OG0012977.2
8.40816	2.38017	3.1893689999999997	2.584531	1.447341	2.965866
OG0006792.0	OG0005880.2	OG0008092.0
1.064035	nan	nan
OG0006673.0	OG0011173.0	OG0001996.0	OG0005314.0
217.6616	1.168696	nan	nan
OG0003990.0	OG0014764.4	OG0000652.22
0.04155589	8.030721	nan
OG0000003.0	OG0015350.0	OG0004403.16	OG0007329.0	OG0003821.20
nan	1.656294	1.73498	216.43900000000002	1.478537
OG0001569.0	OG0007646.0	OG0000250.0	OG0009174.0	OG0012703.2	OG0006933.0	OG0014624.0
1.002381	0.615073	1.035375	5.430361	1.916439	5.468687	1.678507
OG0004492.8	OG0010722.0	OG0001034.6	OG0010057.4
2.726377	4.64867	2.9896380000000002	3.048298
OG0004067.0	OG0008340.0	OG0000473.17	OG0011136.0	OG0010623.2	OG0000013.541
3.523631	2.4954259999999997	nan	1.906222	2.5753630000000003	27.935190000000002
OG0005505.2	OG0009836.16	OG0003446.0	OG0005111.8
4.8652489999999995	1.1385399999999999	45.09363	2.979422
OG0003756.0	OG0012918.2	OG0000048.325	OG0008483.2
26.22522	228.6283	1.530713	0.7372245
OG0002940.48	OG0005742.0	OG0005724.14	OG0004304.0
26.37758	182.9907	2.027976	15.73962
OG0020742.0	OG0010609.0	OG0006200.16	OG0007345.0	OG0017957.0	OG0012281.4	OG0001152.24
2.4218330000000003	4.413965	5.280723	4.182828	1.955887	1.403476	nan
OG0018411.0	OG0003804.0	OG0001464.1	OG0006613.0
0.9519215	44.97744	2.3782970000000003	218.6057
OG0010745.0	OG0006103.0	OG0007870.2
4.591354	2.13477	5.258644
OG0005630.0	OG0004289.0
4.152011	20.42748
OG0001547.24	OG0004243.8
nan	0.6889196
OG0004685.0	OG0006720.0	OG0006158.4	OG0003279.0
5.400051	17.075110000000002	0.9175271	26.132270000000002
OG0010603.0
1.2666190000000002
OG0016394.4	OG0000742.132	OG0008782.8	OG0011393.4	OG0012889.0
2.6652810000000002	1.723021	2.822914	nan	1.2383879999999998
OG0003784.0	OG0018983.0
21.159570000000002	nan
OG0003604.3	OG0009195.0	OG0002154.0
1.413352	5.368678	nan
OG0005755.0	OG0013900.0
25.83509	226.1819
OG0000360.67	OG0001652.0	OG0015363.2	OG0010904.1
nan	1.9584439999999999	1.314725	2.971269
OG0000376.94	OG0001750.0	OG0006617.0
5.353237	3.4136339999999996	215.3586
OG0003941.6	OG0018069.2	OG0004272.1	OG0012226.0	OG0000532.9
4.743444	7.99523	215.8254	1.5296399999999999	nan
OG0001364.24	OG0009862.0	OG0004000.7	OG0013569.4	OG0005401.0	OG0009144.0
nan	1.3451799999999998	9.653811	8.185448	4.89072	5.3131129999999995
OG0006840.0	OG0008188.0
0.9291640999999999	3.089019
OG0010884.0	OG0005324.1	OG0000066.107
3.050131	nan	3.006325
OG0004380.22	OG0006386.0	OG0009045.2
26.398590000000002	10.9432	1.636476
OG0002318.0	OG0000466.0	OG0004956.0	OG0018985.0
20.40822	10.13309	0.880998	1.6773330000000002
OG0003358.3	OG0000696.0	OG0012190.6
0.11851410000000001	3.773625	0.9680492
OG0011448.0	OG0009791.2	OG0014530.2	OG0012674.4
0.9958438000000001	nan	1.275899	4.148816
OG0004395.1	OG0005259.0	OG0000245.1	OG0012122.1	OG0000637.34
213.8394	3.4279029999999997	2.06806	nan	nan
OG0010603.0	OG0000857.0	OG0006161.1
1.2666190000000002	26.167939999999998	3.5272449999999997
OG0003985.0	OG0011414.0
nan	nan
OG0007830.0	OG0000655.0	OG0006487.0	OG0009876.3	OG0000542.0	OG0007056.10
4.271037000000001	nan	0.7109584	nan	7.664791999999999	27.093970000000002
OG0005950.0	OG0011973.4	OG0012070.2	OG0007304.2
26.43013	0.6139397	227.1345	4.246243
OG0004025.11	OG0004977.0	OG0003125.10
0.9814245999999999	1.559956	44.5951
OG0000461.0	OG0006841.0
nan	1.498213
OG0006599.2	OG0008197.4	OG0012106.0	OG0003487.2
220.4367	1.880195	2.427693	0.7033676999999999
OG0008100.2	OG0003241.1	OG0015007.4	OG0005705.2	OG0007715.0
2.384863	10.8124	0.9072421	14.03929	0.5249691
OG0003536.0	OG0005942.6
1.334332	2.192731
OG0002861.24	OG0000002.1495	OG0016059.0	OG0005886.2
0.3860599	0.7957283	0.9474553	113.8672
OG0016950.0	OG0016209.1	OG0005513.0
1.7121380000000002	8.047402	45.86918
OG0001624.47	OG0000485.92	OG0012275.0	OG0001620.0
7.801684	3.273521	1.56915	2.727039
OG0007817.0	OG0000501.150	OG0001325.24	OG0001063.0
150.0831	4.755258	nan	nan
OG0010911.0	OG0005457.0	OG0000189.0	OG0009821.0
nan	3.7882190000000002	2.210975	nan
OG0003895.0	OG0015416.2	OG0003654.1
0.9129608	nan	4.970727
OG0000120.54	OG0006938.4	OG0010747.10	OG0006934.0
0.3167698	4.589015	1.648152	224.2396
OG0006221.6	OG0000972.1	OG0001764.0
4.670707	nan	nan
OG0005296.0	OG0002440.16	OG0004103.6	OG0007128.8	OG0004711.0
1.609198	11.7274	2.604453	0.4949196	2.715841
OG0002095.0	OG0002027.0	OG0002761.0	OG0022323.0
nan	nan	5.282498	268.5751
OG0006112.0	OG0001964.1	OG0003111.0	OG0000732.24	OG0004045.0	OG0003545.0	OG0002402.7
1.086826	2.632984	5.373945	nan	3.021306	188.4324	1.568967
OG0002845.0	OG0011930.8	OG0014064.1	OG0004219.22	OG0000284.1
0.9290286	8.124621000000001	2.244791	116.1961	nan
OG0000455.62	OG0000997.23	OG0003431.0	OG0003700.0
nan	19.50824	45.05052	2.613715
OG0004757.2	OG0012105.0	OG0009799.6	OG0006528.0	OG0010118.0
21.74194	1.619776	1.6193620000000002	219.331	nan
OG0009132.4	OG0003557.10	OG0004212.1	OG0006616.0	OG0012074.4	OG0012514.0	OG0002863.0
1.095753	46.8154	2.913246	5.483778	nan	3.369954	nan
OG0012981.0	OG0018138.0	OG0020749.0	OG0011645.0	OG0000473.1	OG0007460.2
2.9647360000000003	1.110183	2.428074	2.203836	1.691784	4.037438
OG0006327.0	OG0002313.18	OG0000154.251	OG0005104.6	OG0002614.0
nan	nan	1.113302	0.43621040000000005	3.299635
OG0005791.10	OG0015376.0	OG0014750.4	OG0010882.0	OG0004022.8
5.565229	1.6148360000000002	8.073981	3.131298	0.8695676
OG0000928.30	OG0002292.0	OG0003685.2	OG0000000.3
nan	nan	21.93129	nan
OG0002104.0	OG0005167.4	OG0005367.4	OG0012087.2	OG0003572.14
nan	nan	2.125816	2.472648	21.94187
OG0016180.0	OG0012999.0	OG0004636.0	OG0007977.0	OG0007789.0
1.447015	1.914771	20.38404	7.746135000000001	3.503996
OG0001093.24	OG0000270.125	OG0002819.0	OG0007228.0
nan	1.687184	3.302732	1.983269
OG0010758.0	OG0000645.36	OG0001108.4
nan	nan	6.635217
OG0015196.0	OG0003238.0	OG0014585.0
2.380652	5.021148999999999	2.036752
OG0008274.0	OG0001519.24
2.814463	nan
OG0003778.0	OG0004849.0	OG0000557.1	OG0012766.4	OG0007408.6
21.51014	4.929623	3.039676	3.210654	1.689053
OG0002241.0	OG0000181.1
3.790087	nan
OG0008969.0	OG0003746.36	OG0012712.0	OG0006260.0
2.779362	219.612	2.2962279999999997	13.93374
OG0007045.2	OG0005656.10	OG0004961.2	OG0006191.0	OG0006785.2
nan	3.7031519999999998	7.147694	217.7098	1.1000860000000001


OG0003796.0	OG0020584.0	OG0004131.4
3.5289949999999997	2.13643	3.4137370000000002
OG0007544.2	OG0012261.0	OG0016206.4	OG0004819.4
1.131182	0.7166108	8.111765	10.4156
OG0005512.0	OG0011393.4	OG0007529.0
26.574659999999998	nan	147.67
OG0003677.0	OG0003776.2	OG0002028.0	OG0009089.0
45.5317	21.3691	nan	2.9751849999999997
OG0010955.0	OG0005069.2	OG0001682.15	OG0001344.0	OG0000864.26
5.356261	7.106733999999999	1.93798	nan	nan
OG0000696.0	OG0008485.5	OG0012758.0
3.773625	0.7085759	3.1934169999999997
OG0005615.0	OG0011762.0	OG0005347.11	OG0000334.9
nan	5.369366	4.642393	1.265232
OG0014668.0	OG0006337.0	OG0004245.1	OG0004379.8	OG0011470.0	OG0010680.0
8.217747	4.994261	97.91944000000001	1.6775950000000002	2.060324	1.181767
OG0008916.0	OG0002114.0	OG0000664.3
2.643815	nan	nan
OG0001470.0	OG0001894.0	OG0003848.6
1.493709	nan	2.111997
OG0005496.12	OG0005227.24	OG0007797.0	OG0006216.10
0.614236	1.366277	nan	4.616561
OG0005484.6	OG0003240.0	OG0003770.8	OG0006488.0
114.7605	5.605457	9.285036	0.9801363999999999
OG0008128.0	OG0010146.2	OG0000293.1	OG0006775.18
4.047225	2.265657	2.486681	3.5148019999999995
OG0002117.0	OG0001771.12	OG0005505.2	OG0004160.0
4.493335	20.41349	4.8652489999999995	8.314761
OG0009049.12	OG0004984.2	OG0000407.1	OG0002359.22	OG0011387.0	OG0001990.0	OG0003947.0
1.6713360000000002	115.2827	nan	2.9482009999999996	4.463531	nan	nan
OG0014066.4	OG0001450.26	OG0001367.24	OG0005207.0	OG0016034.0
2.2164900000000003	nan	nan	71.7134	1.40069
OG0005895.11	OG0002910.0	OG0004916.18
2.646415	2.699328	20.283520000000003
OG0002118.0	OG0000269.0
nan	nan
OG0002136.0	OG0001434.24	OG0001097.24
nan	nan	nan
OG0001709.27	OG0001181.24	OG0004717.0	OG0003584.16	OG0004126.4	OG0008212.0	OG0000760.17
nan	nan	5.389822000000001	5.347451	8.131960000000001	2.8028169999999997	5.440787
OG0009905.0	OG0006021.0	OG0004088.2	OG0003055.24	OG0016155.0	OG0010127.0
1.3086790000000001	14.07078	1.413427	6.872432000000001	7.972061999999999	3.382775
OG0014828.2	OG0000312.86	OG0001848.0
1.56715	1.926107	nan
OG0001721.0	OG0001275.26	OG0012905.4	OG0008977.6	OG0002004.0
3.7794190000000003	nan	2.038139	2.547275	nan
OG0013884.2	OG0018988.0	OG0008281.2	OG0011204.0
1.7197310000000001	1.356803	4.581734	4.602622
OG0011285.2	OG0011149.0	OG0007044.4	OG0018170.0	OG0005494.2
228.00400000000002	4.5857339999999995	4.637315	2.2084040000000003	3.471982
OG0005659.6
3.323058
OG0001015.0	OG0004643.12	OG0013025.0
3.286599	12.07704	1.35016
OG0001062.24
nan
OG0008162.0	OG0006689.0	OG0014693.4	OG0011301.4
121.6893	219.1215	8.108292	231.9402
OG0003032.7	OG0008561.0	OG0011282.2
1.22666	nan	nan
OG0000992.0	OG0013598.0
nan	nan
OG0001441.1
nan
OG0000995.122	OG0008452.14	OG0003261.23	OG0000451.0
1.8502290000000001	nan	14.19605	1.734186
OG0015301.0	OG0001256.24	OG0000000.3890	OG0011479.0	OG0004974.0
1.645377	nan	nan	3.4708550000000002	1.246214
OG0012936.4	OG0005397.0	OG0006101.4	OG0000348.4	OG0001874.6
1.440628	3.979139	2.2825439999999997	1.3466040000000001	4.570741
OG0001134.24
nan
OG0000104.85	OG0011278.4	OG0006332.2	OG0000457.0
1.108009	3.441649	2.659964	1.393522
OG0004556.0	OG0000092.1	OG0007454.2	OG0004040.1	OG0000006.1122
8.625115	nan	3.7958220000000003	2.651628	nan
OG0002134.0	OG0002500.1	OG0002393.21	OG0002157.0	OG0012197.0
nan	26.33965	9.030164	nan	2.68866
OG0002703.16	OG0007697.0	OG0008945.2
nan	1.561667	0.5855266
OG0011403.0	OG0003290.2	OG0006545.0	OG0002447.0	OG0003401.0	OG0005248.24
0.7076828000000001	45.59815	220.4858	2.6901450000000002	45.1274	3.0101009999999997
OG0006316.0	OG0002974.24	OG0000835.7	OG0002036.0	OG0010165.0
26.16883	5.12025	0.9340764000000001	nan	3.415803
OG0007151.0	OG0000551.2	OG0002783.4
2.325338	nan	0.22958670000000003
OG0013583.0	OG0001659.0	OG0008768.2	OG0004668.0
8.067056	3.6868529999999997	5.597594	7.127778
OG0005817.0	OG0002086.0	OG0007125.8	OG0009314.0	OG0001048.24
2.71408	nan	0.6538129	214.9765	nan
OG0000000.3957	OG0008137.2	OG0008149.4
20.262529999999998	2.877553	0.5679397
OG0008500.2	OG0003687.0	OG0002011.0	OG0000633.0
2.956209	21.17793	nan	11.81605
OG0000503.62	OG0006892.0	OG0004658.0	OG0007562.0	OG0001360.24
nan	5.543247	nan	20.63628	nan
OG0009852.2	OG0005848.4	OG0003129.8	OG0000445.0	OG0012071.2	OG0007431.0	OG0014016.2	OG0003740.0
2.733905	4.165936	9.081882	0.48126899999999995	228.8602	nan	1.694446	0.5551451999999999
OG0020528.0	OG0001936.0	OG0007147.6	OG0003145.0
3.3917059999999997	nan	0.43388069999999995	213.1497
OG0013057.0	OG0003222.0	OG0000105.0	OG0008494.1	OG0004260.3	OG0006292.0
1.926952	1.8804619999999999	nan	0.6152118000000001	4.992061	214.5632


OG0011468.2	OG0000725.8	OG0015124.0	OG0003947.0	OG0003470.0
0.7554966999999999	1.514816	3.4623199999999996	nan	46.12407
OG0000003.0	OG0000627.21	OG0012702.2
nan	2.016556	1.3852870000000002
OG0010756.0	OG0014635.1
4.846026999999999	8.080014
OG0002767.0	OG0004593.0	OG0008631.10	OG0006493.0	OG0002876.0	OG0002815.62
1.7584970000000002	4.563639	1.383569	217.4189	5.658208999999999	nan
OG0004652.6	OG0000582.4	OG0011896.1	OG0003401.0	OG0000238.42	OG0006233.0
222.4477	3.452638	2.295232	45.1274	20.489710000000002	215.5042
OG0001433.2	OG0006821.0	OG0011964.2
1.222124	1.758152	8.027364
OG0011896.1	OG0007719.0	OG0007175.0
2.295232	1.117737	2.235736
OG0001870.2	OG0007841.1	OG0014712.4	OG0014661.1	OG0002554.10
nan	1.541273	7.975592999999999	8.084931	1.947485
OG0006219.0	OG0002372.82	OG0006500.0	OG0004943.22	OG0014805.4
2.1417439999999996	2.983857	218.7299	0.9283152	8.042233999999999
OG0010991.0	OG0011484.2	OG0001356.24	OG0002189.0	OG0012253.0	OG0020520.0	OG0001655.0
5.289893	1.396356	nan	3.302977	3.030761	3.3311040000000003	1.9693630000000002
OG0002073.0	OG0014732.4	OG0004655.2	OG0004185.1	OG0009869.0	OG0000000.1990
nan	8.088279	172.6313	nan	3.255187	2.469747
OG0007745.8	OG0003345.6	OG0002533.0
1.6475830000000002	45.28685	2.342632


OG0004643.12	OG0003893.1	OG0012951.0
12.07704	5.429781	2.041546
OG0018396.0	OG0000562.130	OG0009984.0	OG0000032.225	OG0007607.10	OG0006385.0	OG0002891.4
1.684612	3.4147019999999997	1.182261	0.5715806	1.509552	1.7722939999999998	26.82215
OG0007389.9	OG0005518.0	OG0003116.3
1.413864	169.274	6.454283
OG0008202.0	OG0007783.8	OG0012897.4
2.996887	167.0431	1.9797770000000001
OG0006899.0	OG0001796.6	OG0001109.2	OG0001560.36	OG0002862.0
20.91123	nan	3.2680000000000002	11.84427	2.301273
OG0000722.0	OG0007779.4	OG0006838.6
1.270259	3.009451	219.3747
OG0002942.5	OG0011190.0	OG0008120.0	OG0003081.0
116.273	2.248911	nan	1.158994
OG0007500.0	OG0003305.0	OG0010724.0	OG0003585.0	OG0001433.2	OG0003626.0
146.6456	nan	4.489095	45.71586	1.222124	77.42952
OG0004612.0	OG0014622.2	OG0008937.2	OG0010700.2	OG0006277.13	OG0007725.0
1.1298780000000002	1.3839110000000001	2.4605900000000003	2.1667799999999997	3.357522	4.3362940000000005
OG0003710.2	OG0006418.0	OG0014662.0	OG0004685.0
16.96234	9.499102	8.038734	5.400051
OG0007259.2	OG0008782.8	OG0012882.0	OG0012302.0	OG0001627.24
3.84875	2.822914	225.6692	1.684243	20.39027
OG0015319.0	OG0000666.0	OG0016175.0	OG0003627.17	OG0007181.3
2.5981509999999997	nan	8.005957	19.73469	2.308591
OG0002963.0	OG0000336.0	OG0003014.0	OG0005647.0	OG0003738.4
1.281412	nan	0.8736304	2.961035	0.5884231
OG0006872.0	OG0007651.0	OG0004549.24	OG0001647.0	OG0003660.2
1.8120049999999999	5.284628	6.825069999999999	3.7806019999999996	4.28905
OG0001644.0	OG0010713.2	OG0009099.2	OG0013509.4	OG0001015.0
2.401589	3.450371	1.1408399999999999	1.303808	3.286599
OG0009081.0	OG0006314.0	OG0011367.0	OG0011510.8	OG0001809.5
1.2328629999999998	26.41463	1.076047	5.710579	20.22685
OG0011274.2	OG0002638.2	OG0000273.0	OG0003562.0
224.5315	217.1336	5.356093	6.22445
OG0004138.22	OG0003252.0	OG0014811.0
nan	1.2986469999999999	2.041203
OG0005466.0	OG0005485.2
0.4264567	4.620405
OG0016033.0	OG0005571.0
2.676093	45.33108
OG0005698.4	OG0003944.0	OG0003975.0	OG0011976.0	OG0001808.3
1.026805	4.869058	4.457637999999999	4.6643300000000005	218.2865
OG0005659.6	OG0011163.0	OG0002687.0	OG0002954.0	OG0003608.2	OG0011219.4
3.323058	4.219322	4.552498	28.24649	117.8011	3.4930160000000003
OG0005964.0	OG0001144.24	OG0005539.4	OG0013635.2
13.95689	nan	4.992012	1.879128
OG0002803.15	OG0000271.0	OG0008234.0	OG0017015.0	OG0002820.0	OG0002324.87	OG0000007.976	OG0001485.24	OG0001995.0
1.4548020000000002	1.09096	19.89797	1.657134	5.320449	1.502393	nan	nan	nan
OG0000672.0	OG0008635.2	OG0000101.90	OG0006792.0
0.624209	5.347775	nan	1.064035
OG0007505.2	OG0005976.0	OG0013605.0	OG0002369.0	OG0013562.4
146.751	14.30744	4.722622	44.954570000000004	8.160789999999999
OG0007424.17	OG0005084.2	OG0002553.2
2.0504569999999998	nan	nan
OG0007701.0	OG0004503.8	OG0006001.0	OG0002954.0	OG0007173.2
2.5463430000000002	0.9926476999999999	13.79214	28.24649	143.1528
OG0006043.0	OG0008093.0	OG0005087.2	OG0005143.4	OG0004679.0
3.245473	2.628371	1.124425	1.401802	9.600994
OG0008608.6	OG0001438.24	OG0003291.0
4.481314	nan	191.726
OG0002054.0	OG0007742.2	OG0008689.8	OG0005952.0
nan	1.397553	4.668872	218.5146
OG0014805.4	OG0002398.0
8.042233999999999	71.33652
OG0001518.24	OG0007040.0	OG0003811.0	OG0012135.0
nan	217.1698	45.678329999999995	3.4700349999999998
OG0021386.0	OG0000703.24	OG0003105.0	OG0002992.27	OG0003285.0
1.966473	nan	1.865232	45.20391	21.90768
OG0004915.0	OG0006886.2	OG0020850.0
4.506603	2.042766	1.296802
OG0000120.320	OG0002609.0	OG0005616.0	OG0011575.0
8.083722999999999	nan	1.575734	42.221740000000004
OG0005729.2	OG0001334.24	OG0003498.0	OG0009095.4	OG0003062.1
3.8051209999999998	nan	44.80385	0.8857914000000001	45.394059999999996
OG0004245.1	OG0008113.0	OG0000562.130	OG0011417.2
97.91944000000001	1.8968630000000002	3.4147019999999997	2.954921
OG0006799.0	OG0000979.1	OG0006193.0	OG0008190.4	OG0009959.0	OG0013884.2
2.190193	nan	26.181520000000003	4.048744	3.002985	1.7197310000000001
OG0010904.1	OG0007442.0	OG0001752.4	OG0006292.0	OG0000461.0	OG0005205.6
2.971269	3.054838	0.6663369	214.5632	nan	214.9767
OG0005412.2	OG0003304.0
2.045073	0.8754223
OG0002471.0
nan
OG0003511.4	OG0010753.0	OG0003013.7	OG0004241.1
4.102072	2.210532	8.647413	1.6685029999999998
OG0000830.1	OG0002869.0	OG0010602.0
nan	10.21038	1.389524
OG0002714.0	OG0005605.0	OG0003393.12	OG0002003.1	OG0005066.2
6.272376	nan	0.9125806999999999	nan	0.8344476000000001
OG0011136.0	OG0000647.0	OG0000125.49
1.906222	0.2747485	nan
OG0005772.1	OG0008188.0	OG0002792.1
4.670669	3.089019	nan
OG0008970.0	OG0012734.4	OG0006231.0	OG0006967.13	OG0003802.0
3.8846010000000004	6.37024	3.8114769999999996	nan	8.974392
OG0010179.0	OG0020736.0	OG0002484.5	OG0003449.0	OG0002842.21	OG0008895.6
2.257415	nan	2.455853	nan	11.99395	1.0994389999999998
OG0005767.0	OG0000712.4
5.541114	nan
OG0010096.2	OG0006609.0	OG0007713.0
1.4921149999999999	215.5898	5.947699
OG0000033.0	OG0010540.0
1.293739	221.0958
OG0006737.2	OG0011197.2	OG0000611.0	OG0005100.18	OG0004575.0
215.774	nan	nan	7.896892	0.7394436
OG0011481.0	OG0011423.1	OG0014573.0
0.6085845	1.113577	1.6443139999999998
OG0006167.0	OG0002063.0	OG0006737.2	OG0011219.4
1.102315	nan	215.774	3.4930160000000003
OG0003447.0	OG0003983.0	OG0000524.1
44.90583	0.9902593000000001	nan
OG0005963.0	OG0004063.6	OG0007981.0	OG0002992.27	OG0005207.0	OG0001138.24
4.099568	118.9995	1.4069399999999999	45.20391	71.7134	nan
OG0000042.185	OG0006521.0	OG0003669.6
3.754576	214.8604	nan
OG0014776.1	OG0007125.8
8.126395	0.6538129
OG0009925.0	OG0007452.2	OG0020482.0	OG0003068.0	OG0001923.1	OG0010016.11
3.4938309999999997	3.849451	1.29233	0.6497236	nan	1.597705
OG0005649.2	OG0008087.2
2.098671	5.878545
OG0000577.9	OG0012256.0	OG0001208.24	OG0010973.0	OG0000462.134	OG0001308.24	OG0003204.0
0.946157	3.027604	nan	1.529226	7.7292320000000005	nan	0.6328834
OG0000464.1	OG0013622.2	OG0004618.12	OG0007006.0
1.3521299999999998	nan	0.7266397	7.785946000000001
OG0014542.4	OG0003049.0	OG0020630.0	OG0002952.14	OG0002658.16
8.009424000000001	3.876821	3.5164519999999997	44.29306	12.41916
OG0015341.1	OG0008770.0	OG0020516.0	OG0002666.2
1.227479	2.663869	0.9778698	3.255913
OG0005928.0	OG0004435.0	OG0013118.0
3.291657	8.809806	0.8468110999999999
OG0011999.0	OG0002776.0	OG0016040.2	OG0009271.0
2.964927	3.1673240000000003	2.021747	1.1288479999999999
OG0002669.0	OG0000656.0	OG0000105.0	OG0005293.10
6.403475	4.942446	nan	1.6516110000000002
OG0002074.0	OG0008612.2	OG0006556.0	OG0002536.0
nan	nan	212.899	1.423512
OG0004190.0	OG0000763.4	OG0017439.2	OG0005116.0	OG0017011.0	OG0013640.0	OG0000299.1	OG0011916.2
2.25671	72.3399	1.548294	93.76997	1.469506	2.156404	nan	8.116055000000001
OG0007665.0	OG0000396.79	OG0008114.4	OG0006203.0
nan	nan	1.8932189999999998	217.3178
OG0000083.0	OG0004836.2	OG0006078.4	OG0006797.2
1.331703	9.50084	1.807268	1.265215
OG0009797.0	OG0001069.28	OG0010736.0
2.2425889999999997	nan	4.593754
OG0003028.0	OG0005336.8	OG0002107.0	OG0013051.2	OG0012090.6	OG0001032.24
21.49847	26.32462	nan	nan	3.4282730000000003	nan
OG0004938.0	OG0002209.38
3.386574	13.857779999999998
OG0012102.0	OG0006442.2	OG0000006.1077	OG0002192.0	OG0016148.4
nan	1.9365169999999998	1.933275	2.033199	8.040319
OG0000774.0	OG0000328.0	OG0000179.0	OG0011645.0	OG0002450.4
nan	1.7812169999999998	0.04227756	2.203836	2.017427
OG0002107.0	OG0008330.6	OG0007256.0
nan	3.093892	5.492806
OG0001652.0	OG0005746.7	OG0012071.2	OG0006692.0	OG0001142.24	OG0009120.0
1.9584439999999999	224.6327	228.8602	nan	nan	170.6809
OG0006174.0	OG0022243.0	OG0005820.0	OG0020500.0
6.605625999999999	1.262807	10.99108	nan
OG0004805.0	OG0001562.24	OG0005841.2
10.5095	nan	8.959255
OG0009022.8	OG0006519.0	OG0012945.3	OG0006703.0
227.0422	216.6372	3.3517989999999998	nan
OG0006930.8	OG0000635.48	OG0002871.0	OG0005813.0
19.9691	nan	3.4758620000000002	3.2292520000000002
OG0009935.2	OG0003030.22	OG0001361.1
1.6649490000000002	12.3182	nan
OG0003324.4	OG0012106.0
10.65651	2.427693
OG0003009.56	OG0011451.1	OG0016131.1	OG0009078.0	OG0005084.2
1.4550239999999999	0.9682344	8.194699	nan	nan
OG0005322.4	OG0000002.1088	OG0004972.9	OG0011341.6	OG0008603.0	OG0000755.4
0.8427219000000001	1.071291	212.9888	229.2607	3.868605	nan
OG0001246.24	OG0000004.816	OG0000700.36	OG0003085.8	OG0000441.96
nan	3.152888	nan	46.14912	nan


OG0005639.0	OG0003628.6	OG0006863.2	OG0007664.0	OG0006086.0
0.9248549	4.4289510000000005	2.5198959999999997	3.409614	1.9902990000000003
OG0002331.0	OG0004452.2	OG0002423.2	OG0005268.8	OG0002438.24
nan	19.44812	11.678139999999999	11.87427	0.7654584
OG0002319.0	OG0011313.0	OG0004138.22	OG0006661.0
nan	2.657741	nan	211.5655
OG0003901.10	OG0020525.0	OG0012220.0	OG0004486.3
2.751309	1.8558880000000002	3.011464	4.058368
OG0015008.2	OG0022269.0	OG0003731.0
1.018556	1.721481	1.078873
OG0005852.2	OG0010605.0	OG0005483.0	OG0009262.0	OG0015099.0	OG0014372.0	OG0016902.0
4.227904	1.115318	2.559561	5.290280999999999	2.6324560000000004	2.843572	1.102977
OG0003486.0	OG0017978.2	OG0003347.8	OG0001833.32
13.875070000000001	8.105549	0.5220558	28.486390000000004
OG0008611.0	OG0009931.0	OG0000094.1	OG0004463.2
0.6454181	2.788063	20.370520000000003	3.919287
OG0002561.0
nan
OG0002087.0	OG0007630.0	OG0006083.0	OG0000673.136
nan	215.6415	2.746929	nan
OG0005041.0	OG0007009.0	OG0010715.3	OG0010671.0	OG0001767.0	OG0003979.2	OG0003470.0
3.7888559999999996	7.7221720000000005	0.7615166	3.4499239999999998	9.7155	7.475897	46.12407
OG0001758.4	OG0010613.2
1.361443	1.535808
OG0003602.0	OG0000109.0
nan	nan
OG0004351.0	OG0000032.225	OG0005089.6	OG0003015.24	OG0000614.21
11.41656	0.5715806	1.180898	2.922736	3.426337
OG0012272.0	OG0002468.2	OG0006695.2	OG0000696.0	OG0009798.0	OG0000106.6
2.951155	2.289453	217.1958	3.773625	3.586725	20.58342
OG0014601.0	OG0008595.0	OG0010703.0	OG0001737.0
1.328523	2.566549	4.581062999999999	nan
OG0000360.200	OG0012236.2	OG0008981.0	OG0003971.6
1.2905870000000002	2.0485919999999997	1.3753549999999999	14.62909
OG0001661.0	OG0000697.0	OG0003664.0	OG0012158.0	OG0006386.0
nan	nan	75.86363	1.227336	10.9432
OG0007504.4	OG0012988.2	OG0005794.2
4.807612000000001	1.6397549999999999	2.674187
OG0002289.0	OG0002744.1	OG0012664.4
256.2155	2.0451330000000003	1.183489
OG0004003.0	OG0002473.24	OG0003076.0	OG0001216.24
9.333158000000001	213.81599999999997	45.05491	nan
OG0004039.2	OG0002332.0
222.2392	nan
OG0000921.32	OG0000001.996	OG0000835.7	OG0005027.0
7.970646	1.817836	0.9340764000000001	nan
OG0000524.1	OG0012192.2	OG0001037.26	OG0002382.29
nan	2.399787	nan	12.58751
OG0000376.94	OG0014000.2	OG0004041.23
5.353237	1.640695	167.4475
OG0020453.0	OG0006273.0
3.3729739999999997	26.358829999999998
OG0009199.1	OG0001517.22
3.054443	nan
OG0001818.10	OG0000229.0
20.57757	2.358493
OG0012981.0	OG0003990.0	OG0000903.10
2.9647360000000003	0.04155589	4.817813
OG0000365.0	OG0009055.0	OG0009960.0
2.9083959999999998	165.7987	2.968354
OG0010695.0	OG0007940.2	OG0003981.1	OG0009820.0
4.650275	4.575556	2.563026	1.598419
OG0007916.2	OG0006633.0	OG0002703.16	OG0010682.3
4.579475	221.2646	nan	1.118984
OG0000272.36	OG0008759.0	OG0008221.2
nan	1.663534	nan
OG0010533.4	OG0003860.1	OG0002679.1	OG0004834.0	OG0007953.0
8.028433999999999	5.115496	3.08585	0.8976249	216.7044
OG0015390.0	OG0009945.2
nan	4.570757
OG0013896.0	OG0007026.0	OG0006545.0	OG0008890.18
nan	217.6641	220.4858	8.026753
OG0002629.7	OG0002672.22	OG0003509.26	OG0014028.0
26.27157	0.2620935	nan	1.948087
OG0000796.20	OG0011895.0	OG0010021.0	OG0005090.0
nan	2.66797	20.08695	1.2160540000000002
OG0007034.0	OG0008671.0	OG0011587.0	OG0008211.10	OG0005743.0	OG0002968.0	OG0002952.14	OG0005527.6
5.521761	3.082528	2.264949	nan	218.72	0.04304108	44.29306	nan
OG0002289.0	OG0004034.12	OG0001556.24
256.2155	nan	1.461977
OG0000739.15	OG0002545.0	OG0006680.0	OG0002206.0
nan	3.4469	219.9324	3.02279
OG0002374.6	OG0012703.2	OG0004826.6
3.4239309999999996	1.916439	0.4700614000000001
OG0007573.6	OG0009873.0	OG0002157.0
4.649611	2.7315970000000003	nan
OG0004164.0	OG0005451.4	OG0005634.0	OG0010698.0	OG0005650.10
3.590503	0.3876502	1.572394	nan	2.730545
OG0014583.3	OG0004205.0	OG0004286.0	OG0004332.0
2.15808	nan	1.28972	9.736347
OG0013080.0	OG0007327.2	OG0002233.0	OG0008547.0	OG0007678.0	OG0001353.24
2.151504	4.631814	nan	0.9433404000000001	2.25318	nan
OG0012127.2	OG0003143.0	OG0000930.24	OG0002707.3
228.2908	12.60973	nan	2.210914
OG0009092.0	OG0003524.0
2.149547	1.998225
OG0006327.0	OG0010525.2	OG0005096.16
nan	0.7769116	1.7001700000000002
OG0007260.0
3.44633
OG0007943.0	OG0006470.1
217.8584	1.135605
OG0011405.0	OG0012877.0	OG0020891.0	OG0006638.0
0.8715576999999999	1.857272	1.537053	215.8613
OG0005888.0	OG0003003.15	OG0004327.0
2.058521	nan	0.4813362
OG0004260.3	OG0001618.1	OG0011484.2	OG0005811.32	OG0000631.0
4.992061	9.243912	1.396356	nan	26.24377
OG0003092.12	OG0000597.1	OG0008521.4
6.07673	20.2599	3.189665
OG0011573.0	OG0018011.0	OG0012074.4
2.852618	nan	nan
OG0001229.1	OG0009127.2	OG0013639.0	OG0001007.25	OG0006573.2
nan	1.50942	2.832203	nan	6.654677
OG0000000.305	OG0006297.0	OG0020451.0	OG0005826.0
nan	214.6821	3.3681620000000003	1.763895
OG0002273.0	OG0006716.23	OG0004772.2	OG0020751.0	OG0000414.34
8.005978	3.3751550000000003	2.4661049999999998	2.381799	3.785311
OG0004296.2	OG0000416.1	OG0010667.0	OG0012250.0	OG0005644.0	OG0005876.0
117.8632	155.7325	4.6103510000000005	3.043354	8.578114	2.2743860000000002
OG0009181.4	OG0014669.4	OG0001743.0	OG0010131.2	OG0007159.0
4.587891	7.980732000000001	0.6427071	4.583208	2.546119
OG0007206.0	OG0001338.24	OG0001482.8	OG0000088.202	OG0006979.0	OG0008969.0
2.933707	nan	3.769024	1.370976	5.513668	2.779362
OG0016127.4	OG0002514.2	OG0004867.1	OG0009881.4	OG0001269.1	OG0009968.6
8.051609	1.024714	4.616089	2.549383	nan	1.194105
OG0009209.0	OG0002467.0	OG0002863.0	OG0015397.2
5.518656	3.3703089999999998	nan	2.223992
OG0005184.0	OG0005456.4	OG0006074.0	OG0006625.0	OG0001734.7
3.9349220000000003	5.547556	1.07764	217.0865	nan
OG0007625.0	OG0014857.2	OG0013059.0
4.603404	2.728723	1.9250180000000001
OG0000095.36	OG0006556.0
0.5360695	212.899
OG0016187.1	OG0014801.2	OG0007886.0	OG0010954.0
8.019223	8.129703	0.5720267	215.4658
OG0000558.24	OG0004833.1	OG0002981.24	OG0007796.0	OG0009276.0
nan	6.6779839999999995	0.4151849	0.9018008	4.610777
OG0004668.0	OG0000131.0	OG0002380.0	OG0008513.0	OG0013021.0	OG0002461.28
7.127778	2.009647	20.36644	2.928809	2.9431540000000003	26.18644
OG0014703.0	OG0014773.1	OG0000001.2052
8.054568	8.060404	4.187387999999999
OG0013942.2	OG0011224.0	OG0006494.0	OG0000249.0	OG0002889.0
0.9598327	0.7111385	nan	1.744703	20.569000000000003
OG0005489.4	OG0004823.2	OG0014975.0	OG0000179.0	OG0005276.0	OG0000000.405
nan	1.576342	4.40348	0.04227756	42.190909999999995	45.76733
OG0002925.0	OG0008983.0	OG0002407.0	OG0000002.1495	OG0000358.8
0.5822978	9.38516	2.671241	0.7957283	3.3731
OG0017902.0	OG0000362.42	OG0005504.0	OG0002881.24
3.3982660000000005	1.070892	45.52602	nan
OG0000763.123	OG0003103.24	OG0004442.0
4.618069	2.710228	118.9373
OG0007285.0	OG0005114.2	OG0002986.4
nan	5.2433629999999996	0.9624142
OG0005399.4	OG0009122.0	OG0011485.0
1.245981	0.6110116	1.069232
OG0007888.4
nan
OG0007612.14	OG0004781.0	OG0010515.0	OG0001170.24	OG0008753.0	OG0004362.4	OG0002927.0
5.557112999999999	7.726171000000001	1.524274	nan	20.34627	0.8052608	1.028029
OG0013114.0	OG0009969.2	OG0000037.1	OG0000583.0	OG0013475.2	OG0006182.0
1.944869	1.309982	5.119364	nan	8.06045	0.8801551
OG0007699.0	OG0001331.24	OG0000506.0	OG0012714.0
1.9967840000000001	nan	17.05106	0.7675558000000001
OG0003607.0	OG0002299.6	OG0003399.1	OG0001825.2	OG0014522.0	OG0001480.22
22.07339	2.443093	4.763848	20.29954	1.6555080000000002	nan
OG0002962.1	OG0011923.4	OG0005478.6	OG0004036.30	OG0006717.0
3.802576	1.18534	4.214158	0.6402493	212.0724
OG0004211.1	OG0005015.2	OG0009871.2	OG0004431.0	OG0003416.4
2.272226	nan	0.6797703	117.84700000000001	21.71079
OG0005128.2	OG0012379.4
114.3508	3.741538
OG0001378.24	OG0001087.24
nan	nan
OG0003666.1
1.266515
OG0002295.36	OG0011289.2	OG0011200.0
0.2143632	228.3151	1.211652
OG0004737.6	OG0002035.0	OG0001380.24	OG0003352.0
7.181531	nan	nan	14.12679
OG0008143.4	OG0010135.0	OG0012071.2	OG0000240.8
3.379607	5.286244	228.8602	3.7829370000000004
OG0000760.17	OG0014768.4
5.440787	8.045421000000001
OG0013114.0	OG0000021.823	OG0005445.3	OG0010522.4	OG0004860.1
1.944869	1.7292150000000002	2.8834880000000003	1.804239	1.690655
OG0010627.0	OG0001800.0	OG0001177.22	OG0000135.128	OG0007811.2
2.666023	3.389232	nan	13.948670000000002	149.3036
OG0004069.4	OG0013738.0	OG0008710.2
8.580394	2.000066	1.4945629999999999
OG0006732.2	OG0008516.2	OG0011346.0	OG0013132.4	OG0001091.2
4.634507	2.884775	2.5520549999999997	1.356403	nan
OG0013035.0	OG0000111.1	OG0012229.0	OG0005523.0	OG0001237.24	OG0006775.18	OG0002275.1	OG0013881.0
2.225043	3.5379099999999997	2.952228	13.909720000000002	nan	3.5148019999999995	0.7977460999999999	226.8646
OG0007145.0	OG0007083.0
2.593683	nan
OG0008609.2	OG0002110.0
4.570576	nan
OG0010621.0	OG0001738.24	OG0005127.2	OG0005913.6	OG0020463.0
2.565455	3.338011	35.62596	4.250539	3.3970309999999997
OG0006992.4	OG0002173.26
4.619243	44.91057
OG0016393.4	OG0005074.0	OG0002788.4	OG0006337.0	OG0002425.0	OG0014020.0	OG0014015.0
2.648934	10.17057	0.7698425	4.994261	3.392572	0.9383667	1.8179880000000002
OG0001749.32	OG0008151.2	OG0003314.19	OG0001169.24	OG0002108.0
nan	nan	1.158724	nan	nan
OG0000309.5	OG0001347.26
2.6931380000000003	nan
OG0009304.9	OG0006236.0	OG0009107.2	OG0000723.64	OG0016609.0
4.329286	26.224040000000002	0.7601334	27.521720000000002	nan
OG0000043.242	OG0013900.0
nan	226.1819
OG0006695.2	OG0011183.0	OG0013034.0	OG0003769.4	OG0000475.0
217.1958	1.048223	2.214578	1.5062950000000002	21.65415
OG0005452.0	OG0005959.0	OG0000090.24
2.576135	nan	1.567615
OG0011979.9	OG0002413.24
8.124931	10.323839999999999
OG0001706.22	OG0014677.4	OG0014788.2
1.639384	8.031956	8.20324
OG0000832.1	OG0002836.4	OG0001682.68	OG0004513.4	OG0007759.2
5.261181	4.581283	nan	222.6159	20.103360000000002
OG0006746.0	OG0006776.0	OG0000107.5	OG0016052.0
3.6164629999999995	nan	0.6197526999999999	2.477879
OG0007911.0	OG0001337.24	OG0000779.1	OG0000499.2
215.2042	nan	14.02145	1.607198
OG0006875.0	OG0004691.14	OG0000117.50	OG0000077.0	OG0006167.0	OG0003542.0
6.300184	1.603013	70.22105	0.7036304	1.102315	1.152355
OG0006725.0	OG0005198.1	OG0006476.16	OG0004223.3	OG0020589.0	OG0020480.0	OG0002085.0
3.793627	26.22622	3.376921	1.1188799999999999	0.9713206	nan	nan
OG0007216.0	OG0008067.0	OG0011434.0	OG0013001.4
2.062409	1.7438240000000003	nan	1.672624
OG0004160.0	OG0017933.2	OG0002539.0	OG0016079.0
8.314761	1.655411	3.276402	1.0993389999999998
OG0003799.10	OG0007464.2	OG0012698.0
11.34634	4.088262	1.845777
OG0007189.2	OG0004161.32	OG0001568.0
0.9907738000000001	219.3616	0.7504959
OG0006563.0	OG0006500.0	OG0007360.4	OG0006348.3
nan	218.7299	10.15392	1.4180620000000002
OG0000402.0	OG0000340.72	OG0002833.0
3.780425	4.582380000000001	nan
OG0002735.0	OG0005075.6
19.36117	0.8327017
OG0004774.1	OG0003562.0	OG0019389.0
13.94006	6.22445	1.704636
OG0005754.0	OG0003264.4	OG0002681.0	OG0002812.1	OG0009919.0
218.5643	218.1833	4.58611	20.357470000000003	168.0042
OG0011197.2	OG0006541.0	OG0002779.28	OG0020746.0	OG0005518.0	OG0000323.43
nan	212.6343	21.5221	nan	169.274	nan
OG0003638.22	OG0006661.0	OG0016054.3
12.55729	211.5655	3.3851699999999996
OG0011489.0	OG0000066.328	OG0005301.1
2.624333	12.82677	3.4497089999999995
OG0001059.24	OG0011421.0	OG0001754.102	OG0005565.0
nan	3.475575	4.560313	45.57229
OG0003868.8	OG0005619.0	OG0005536.1	OG0004301.2
117.7734	12.3733	4.811829	1.1965379999999999
OG0003680.0	OG0000834.30	OG0020459.0	OG0001196.1	OG0003440.0
6.354532	nan	3.3420970000000003	nan	45.60032
OG0013645.0	OG0002604.2
2.147217	0.5370611
OG0016394.4	OG0000271.0	OG0014011.2	OG0008161.2	OG0000032.225	OG0015124.0	OG0006977.0	OG0009193.0
2.6652810000000002	1.09096	1.350083	3.615296	0.5715806	3.4623199999999996	nan	5.271819
OG0012930.0	OG0007540.0	OG0000226.4	OG0004453.2	OG0003949.1
0.8931094	1.503039	nan	19.607770000000002	149.8349
OG0007671.2	OG0002113.0	OG0014814.4	OG0003922.0	OG0011460.2	OG0006943.0
20.3584	nan	7.973878	3.262137	3.041041	5.531439
OG0002174.0	OG0010492.0	OG0011220.4	OG0013518.0	OG0012917.0
nan	1.337408	1.6476959999999998	1.86137	3.003853
OG0015203.0	OG0006878.0	OG0015156.0	OG0002954.0	OG0009934.0	OG0012157.2	OG0007505.2
234.9248	1.748304	224.2738	28.24649	2.763989	1.106414	146.751
OG0006575.1	OG0008542.0
3.269247	2.876579
OG0020477.0	OG0008494.1
3.3937190000000004	0.6152118000000001
OG0008243.0	OG0002669.0	OG0002085.0	OG0003029.3
2.529736	6.403475	nan	7.967303
OG0020920.0	OG0003072.2	OG0000010.475	OG0011358.12	OG0014735.4
2.392718	2.2862560000000003	nan	8.041586	8.105722
OG0003874.0
72.13058000000001
OG0012875.0	OG0000237.1	OG0003453.0	OG0002985.0
1.1874959999999999	nan	45.108259999999994	1.930421
OG0003039.0
4.005481
OG0004515.48	OG0005225.0	OG0010599.12
42.262570000000004	1.1061809999999999	2.470326
OG0005490.6	OG0004046.0	OG0010096.2
5.7359919999999995	0.6097945	1.4921149999999999
OG0000739.15	OG0006273.0	OG0003303.67	OG0002533.0
nan	26.358829999999998	8.112335	2.342632
OG0015299.0	OG0006475.2	OG0013870.0	OG0003386.20	OG0002344.91
2.406029	nan	2.05234	0.7306029	3.7893480000000004
OG0003692.4	OG0003545.0	OG0010991.0	OG0002040.0
9.5558	188.4324	5.289893	nan
OG0004679.0	OG0001068.1
9.600994	nan
OG0000198.0	OG0011218.0	OG0004687.0	OG0014609.0	OG0000063.48
nan	2.04694	9.185118	0.8536069	1.516324
OG0007253.14	OG0014690.4	OG0010506.0
5.330247	nan	11.97418
OG0003055.24	OG0005281.1	OG0009817.0	OG0006931.8
6.872432000000001	3.804523	3.6700269999999997	20.11157
OG0006404.2	OG0002078.0	OG0001159.0
2.1887529999999997	nan	nan
OG0006243.2	OG0014545.2	OG0011149.0	OG0004254.6	OG0018899.0
214.8581	8.060316	4.5857339999999995	1.409416	1.891513
OG0009820.0	OG0003322.8	OG0007725.0
1.598419	3.037248	4.3362940000000005
OG0001408.24	OG0002894.0	OG0005365.0
nan	0.9566614999999999	26.38287
OG0005696.4	OG0012638.0	OG0000203.0	OG0002700.0
2.84135	nan	1.31484	3.5457419999999997
OG0009943.0	OG0009971.0	OG0016086.0
168.4816	0.9038156999999999	2.157444
OG0012127.2	OG0000000.3774	OG0016054.3
228.2908	20.945610000000002	3.3851699999999996
OG0011593.0	OG0009819.0	OG0002456.12	OG0005080.0	OG0007932.0	OG0001015.0
3.095048	2.96561	3.25211	8.014515	4.656426000000001	3.286599
OG0001789.0	OG0007416.4
1.554617	1.197882
OG0000900.25	OG0000002.1088	OG0004565.2	OG0009836.1	OG0020459.0
nan	1.071291	9.92426	261.2405	3.3420970000000003
OG0003280.0	OG0020432.0	OG0000629.1	OG0002530.28	OG0013629.2
25.9652	3.3992379999999995	236.0761	1.9247759999999998	2.84956
OG0007036.2	OG0008485.5	OG0007103.3
20.55291	0.7085759	3.134327
OG0007676.5
1.3076530000000002
OG0005387.2	OG0005355.1	OG0012157.2	OG0001698.26
4.663236	26.291420000000002	1.106414	nan
OG0002239.6	OG0009193.0
2.545543	5.271819
OG0013050.2	OG0003215.0	OG0000469.0	OG0013641.2
2.211309	nan	3.771094	2.210528
OG0005888.0	OG0005319.19	OG0002593.5	OG0011373.0
2.058521	0.9895724	28.51125	1.18759
OG0004058.7	OG0000512.25	OG0005492.12	OG0014991.0	OG0014859.0	OG0003336.0
1.186341	nan	1.447341	1.657816	1.355667	nan
OG0010626.0	OG0007705.4	OG0006831.0	OG0000715.0	OG0006866.0
nan	nan	2.702841	5.623693	5.5109379999999994
OG0001727.2
260.1444
OG0002678.0	OG0012694.0	OG0007137.6	OG0006519.0	OG0001354.22	OG0006825.0
19.98334	2.207643	1.768572	216.6372	nan	2.2144340000000002
OG0004365.14	OG0010918.0	OG0001194.24
13.32504	5.618407	nan
OG0013564.0	OG0000715.0
4.747928	5.623693
OG0000249.0	OG0004041.23	OG0001973.0
1.744703	167.4475	1.116126
OG0004522.18	OG0000482.64	OG0004186.6
0.7227336999999999	nan	117.8359
OG0012110.3	OG0009059.4	OG0001099.24
1.910119	4.578241	3.349285
OG0005700.0	OG0003811.0	OG0007426.2	OG0016177.4	OG0014749.1	OG0016148.4
1.236653	45.678329999999995	1.66798	8.07815	nan	8.040319
OG0016111.4	OG0005104.6	OG0003239.9	OG0012986.3	OG0009974.0
8.080962	0.43621040000000005	14.970089999999999	2.6462529999999997	2.9546509999999997
OG0007012.0	OG0006740.4	OG0020433.0
216.202	212.1954	3.3450830000000003
OG0007462.4	OG0004522.18	OG0007486.2	OG0015286.0	OG0003873.0	OG0010657.2
nan	0.7227336999999999	3.813998	2.164749	77.50316	nan
OG0000000.2010	OG0007768.18	OG0011285.2	OG0006565.0	OG0012990.0	OG0004347.0
20.28206	2.8164689999999997	228.00400000000002	220.2083	1.013651	nan
OG0004826.6	OG0000320.0	OG0013937.0
0.4700614000000001	nan	1.574435
OG0013032.0	OG0007970.2	OG0014659.1	OG0006926.0
0.8221697	21.5114	8.048446	5.258093
OG0004388.0	OG0007602.2	OG0005123.4
71.68302	1.418815	0.38684650000000004
OG0020517.0	OG0000361.3	OG0014719.4
3.008855	45.456959999999995	7.948989999999999
OG0002279.0	OG0000946.1
4.490557	nan
OG0013954.0	OG0004860.1	OG0012071.2	OG0000103.271	OG0011288.6	OG0003387.0	OG0000641.120
2.3751439999999997	1.690655	228.8602	4.246519999999999	227.2738	1.968934	7.819381
OG0005577.0	OG0008930.0	OG0009814.0	OG0000675.1	OG0004370.2
214.2689	nan	2.744402	nan	5.134958999999999
OG0002427.0	OG0006285.0
26.57889	193.2857
OG0020452.0	OG0003822.0	OG0006381.0	OG0004351.0
3.366312	2.525088	7.585967	11.41656
OG0008995.2	OG0008743.2	OG0017979.2	OG0004040.1
0.5310395	4.620227	6.318643	2.651628
OG0001662.7	OG0009787.0
5.382562	4.47269
OG0001525.3	OG0011227.0	OG0004239.0	OG0003106.0
0.1918136	nan	2.022675	1.6718810000000002
OG0014750.4	OG0010128.0	OG0004590.28	OG0000338.41
8.073981	nan	2.344601	nan
OG0000736.0	OG0000851.0
nan	3.6777839999999995
OG0013477.2	OG0011172.0	OG0001284.24	OG0001737.0
8.110415	2.846991	nan	nan
OG0004042.0	OG0013854.2	OG0000517.3	OG0007957.0	OG0008353.0
3.165457	3.4480459999999997	0.1230653	5.275354	224.3226
OG0000442.2	OG0005556.2	OG0017920.2
4.111063	nan	3.131582
OG0005205.6	OG0014757.0	OG0004645.0	OG0000185.5
214.9767	8.121074	72.23532	1.468887
OG0000654.23	OG0013620.0
1.742366	3.2425450000000002
OG0004105.26	OG0000902.24	OG0004440.1	OG0004640.1	OG0000177.8
1.277851	nan	0.75635	nan	5.586796
OG0004611.1	OG0000034.305	OG0001213.1	OG0000622.0
nan	nan	0.9997834000000001	252.502
OG0009774.0	OG0014866.0	OG0009183.0	OG0003231.24
1.983788	1.9871299999999998	5.319311	2.433399
OG0010058.2	OG0007069.0	OG0001689.24	OG0020529.0
3.100953	0.7197553000000001	4.033035	3.380093
OG0006358.1	OG0006426.2	OG0000120.105	OG0014563.1	OG0013809.0
1.780243	nan	nan	3.353143	1.402876
OG0001327.26	OG0001175.1	OG0000225.48	OG0009068.4	OG0010106.14	OG0011432.0
nan	nan	nan	nan	8.073665	4.54062
OG0000059.59	OG0002657.5	OG0014655.1
1.170247	15.952729999999999	7.9757039999999995
OG0001412.1
nan
OG0003874.0	OG0004876.0	OG0002985.0	OG0005150.0	OG0009209.0
72.13058000000001	0.6759645000000001	1.930421	2.458211	5.518656
OG0002045.0	OG0012707.6	OG0004632.0
nan	3.231882	20.4724
OG0005067.0
9.842589
OG0007265.0	OG0009097.4	OG0022477.0
214.6781	2.01572	2.357673
OG0000001.2003	OG0004154.30	OG0006459.10	OG0010492.0	OG0001229.1
0.8731018	212.8405	1.526511	1.337408	nan
OG0006831.0	OG0000017.3	OG0005547.4
2.702841	41.77885	14.12287
OG0006038.0	OG0000158.1	OG0013567.4	OG0005320.0
185.8343	4.873151999999999	8.029211	1.7023110000000001
OG0000403.25	OG0006272.0	OG0005117.0
nan	26.14196	1.02078
OG0002053.0	OG0000462.2	OG0003571.2	OG0016268.0	OG0012894.0
nan	1.716594	116.8147	2.74494	1.6205399999999999
OG0000396.79	OG0001325.24	OG0005950.0
nan	nan	26.43013
OG0008092.0	OG0019002.0	OG0001769.28	OG0003414.2
nan	2.0248369999999998	1.3235190000000001	0.8153974
OG0000283.1	OG0011485.0	OG0000536.32	OG0004249.0
5.777285	1.069232	1.883228	1.1216270000000002
OG0008702.0	OG0000079.92
4.607986	1.533295
OG0005334.0	OG0007523.4	OG0001230.26	OG0008753.0	OG0000585.30	OG0002998.0
nan	2.2071419999999997	nan	20.34627	1.496191	26.411690000000004
OG0013045.1	OG0006342.12	OG0006160.0	OG0000070.0	OG0008197.4
2.744774	2.451542	1.889354	2.631888	1.880195
OG0007665.0	OG0002320.0	OG0002289.0
nan	3.7941309999999997	256.2155
OG0003239.9	OG0004134.8	OG0003341.0	OG0008920.2
14.970089999999999	0.9715299000000001	4.6414919999999995	3.3934029999999997
OG0004833.1	OG0020749.0	OG0002197.0	OG0008168.4	OG0013020.0	OG0008209.0	OG0007555.0
6.6779839999999995	2.428074	3.525168	2.89561	2.937827	3.5174309999999998	1.235042
OG0016143.0	OG0002983.24	OG0002955.0	OG0000100.1
0.8151041	8.51136	0.5204284	nan
OG0000032.225	OG0004558.0
0.5715806	7.224487
OG0011311.2	OG0007192.0
223.4335	2.0014830000000003
OG0008760.0	OG0006335.0	OG0007127.0	OG0007800.5
4.6383220000000005	184.0713	1.0815059999999999	3.050093
OG0002947.0	OG0003073.0	OG0006196.0
nan	22.6773	27.10554
OG0013006.4	OG0008963.0	OG0013870.0	OG0000007.976
2.295986	9.039347	2.05234	nan
OG0005266.0	OG0013971.1	OG0003596.12	OG0000577.45	OG0001102.24	OG0009098.2
1.5427620000000002	1.634965	19.809829999999998	2.6238479999999997	nan	1.734304
OG0001314.1	OG0003821.20	OG0002529.1	OG0005074.0	OG0020477.0	OG0009797.0
nan	1.478537	1.914741	10.17057	3.3937190000000004	2.2425889999999997
OG0010845.0	OG0004757.2	OG0009048.1	OG0012274.0
nan	21.74194	nan	3.212725
OG0014631.1	OG0008117.0	OG0009214.0
nan	1.7064990000000002	2.7662709999999997
OG0003714.0	OG0005227.24	OG0008134.4
9.019125	1.366277	2.876618
OG0001590.32	OG0001929.26	OG0004650.6	OG0002166.0	OG0007053.2
5.178105	2.272421	185.3412	nan	216.88
OG0006829.2	OG0001032.24	OG0003131.0	OG0007704.0	OG0011885.0
1.306994	nan	8.278526	2.004693	nan
OG0014522.0	OG0000382.41	OG0014795.4	OG0007666.0	OG0006891.4
1.6555080000000002	nan	8.040550999999999	1.283116	216.3866
OG0000017.1174	OG0001941.0	OG0018396.0	OG0003374.0
0.3141384	nan	1.684612	2.273966
OG0004906.0	OG0005963.0	OG0016123.1	OG0000469.0
5.533081	4.099568	8.047642999999999	3.771094
OG0009802.1	OG0000327.54	OG0013937.0	OG0003551.0
1.7990540000000002	268.1961	1.574435	1.5104389999999999
OG0006349.2	OG0006565.0	OG0006979.0	OG0000000.169	OG0012986.3	OG0020884.0	OG0002471.0
4.5670980000000005	220.2083	5.513668	4.579842	2.6462529999999997	1.945599	nan
OG0013103.0	OG0003854.24	OG0008505.0
nan	1.633618	1.496102
OG0005515.0	OG0010587.0	OG0011606.2
172.0608	nan	1.076583
OG0000377.2	OG0003561.0	OG0013494.3	OG0003808.0	OG0011164.2	OG0008701.2
nan	1.307225	8.159616	51.034890000000004	3.569891	4.645035
OG0006166.2	OG0001708.32
0.8932505	12.65674
OG0000107.5	OG0006413.1	OG0007149.0
0.6197526999999999	2.697757	2.941211
OG0003050.2	OG0000234.28	OG0022277.0	OG0001375.24
2.177635	1.302132	1.6845009999999998	nan
OG0009229.0	OG0006821.0	OG0015161.0	OG0003548.11	OG0000564.24	OG0011364.6	OG0001486.1
5.322604	1.758152	nan	44.55495	3.244457	1.7890259999999998	nan
OG0000433.1	OG0008616.0	OG0002659.0	OG0012146.2
3.272984	168.019	27.873409999999996	220.1804
OG0004903.1	OG0008200.0	OG0002346.16
26.225070000000002	2.528164	1.538705
OG0002946.0	OG0008602.0	OG0005578.0	OG0005318.2	OG0010682.3	OG0009989.0
5.215943	2.845302	225.5136	1.711264	1.118984	1.744186
OG0000728.24	OG0006491.0	OG0003106.0
nan	0.5837588	1.6718810000000002
OG0013713.0	OG0020589.0
4.374532	0.9713206


OG0004697.0	OG0004687.0	OG0000416.1	OG0005628.2	OG0007239.4
9.453142999999999	9.185118	155.7325	2.9565669999999997	4.582543
OG0000255.41	OG0005683.0	OG0003902.0
nan	1.434353	4.57868
OG0001651.17	OG0006474.4
2.877996	9.43061
OG0012773.4	OG0001702.28	OG0002759.0
0.7784641	1.5321200000000001	0.6000826
OG0005395.4	OG0009795.0	OG0002386.0	OG0020432.0	OG0000606.2
2.677389	1.594217	nan	3.3992379999999995	nan
OG0002204.0	OG0006542.0	OG0001633.24	OG0007182.0
3.807632	220.4878	nan	5.10559
OG0016210.4	OG0013474.2	OG0010772.2
nan	8.138143	2.6187970000000003
OG0009844.0	OG0002352.25
1.793321	7.775492
OG0005231.3	OG0006194.0	OG0002057.0	OG0020688.0
0.4280607	26.21405	nan	8.055308
OG0000316.2	OG0006042.4	OG0002118.0
2.471525	3.552907	nan
OG0005066.2
0.8344476000000001
OG0007847.3	OG0001185.1	OG0017868.0	OG0004657.0
nan	nan	nan	5.475739
OG0016108.3	OG0012230.3	OG0004226.0	OG0007642.2	OG0002544.6
8.053687	0.8324523000000001	0.8604552	4.6126190000000005	4.4968330000000005
OG0018899.0	OG0014750.4	OG0003978.4	OG0005878.30
1.891513	8.073981	2.656494	2.097721
OG0002157.0	OG0006829.2	OG0014767.1	OG0005513.0	OG0014791.4	OG0004246.12
nan	1.306994	8.103209	45.86918	8.100938000000001	6.9882979999999995
OG0000632.24	OG0016115.4
nan	8.092802
OG0020532.0
nan
OG0005475.2	OG0000024.0	OG0020418.0	OG0003775.0	OG0006707.0
189.3439	nan	3.37455	68.03086	218.4359
OG0002081.0	OG0016060.0	OG0006919.0	OG0010123.0	OG0010623.2
nan	2.636933	219.2896	5.262398999999999	2.5753630000000003
OG0011494.6
2.22186
OG0000062.197	OG0011293.4	OG0004136.2
1.716759	228.7904	6.885
OG0013585.4	OG0000000.1777	OG0002282.2
8.047917	1.8801919999999999	3.427029
OG0004447.2	OG0018050.0	OG0002320.0
117.6154	7.964906	3.7941309999999997
OG0008938.0	OG0000305.0	OG0000203.0
0.7285252	2.818772	1.31484
OG0001396.24	OG0003256.1	OG0000926.24
nan	52.828509999999994	nan
OG0009923.1	OG0002795.0	OG0000374.0	OG0002756.4
1.047801	14.446370000000002	nan	4.252673000000001
OG0004426.0	OG0007433.0	OG0003456.0	OG0016146.4
118.5883	2.3357330000000003	45.09786	8.181694
OG0000396.25	OG0006575.1	OG0005546.6	OG0004641.0	OG0012251.0
4.549869	3.269247	25.901120000000002	221.2464	3.019918
OG0004113.4	OG0002804.2	OG0000790.0	OG0002217.0	OG0012669.7
1.834727	1.332547	0.94527	nan	8.204235
OG0003853.0	OG0004066.0	OG0005140.0	OG0006688.0	OG0000345.40	OG0005267.1	OG0000514.0
6.232056	72.26948	7.186413000000001	218.8321	0.7151469	11.665389999999999	1.713457
OG0011188.0	OG0002284.0	OG0014719.4	OG0001198.26
0.7752100000000001	5.867358	7.948989999999999	nan
OG0002666.2	OG0001084.24
3.255913	nan
OG0000045.0	OG0001977.0
nan	3.5613839999999994
OG0008246.0	OG0011450.0	OG0001327.26
5.338203	0.9916033000000001	nan
OG0007697.0	OG0007204.8
1.561667	1.373264
OG0007795.0	OG0001343.24
0.7351147	nan
OG0001915.0	OG0007400.9	OG0002545.0	OG0001804.24	OG0004791.0	OG0008960.0	OG0012214.4	OG0007563.0	OG0010720.2
nan	1.293372	3.4469	220.7282	214.7668	4.4485220000000005	0.9369254000000001	7.223012	4.552834
OG0004496.0	OG0000521.2	OG0005305.2	OG0012037.4	OG0009945.2
1.9941689999999999	20.31952	2.316651	1.40415	4.570757
OG0002834.0	OG0001894.0	OG0014044.0	OG0004597.2
5.653043	nan	2.206301	6.338925
OG0000545.2	OG0016273.0	OG0006148.0
5.3467519999999995	2.6434849999999996	1.9404549999999998
OG0020432.0	OG0000849.32	OG0000798.2	OG0011171.2	OG0006814.0	OG0002384.4
3.3992379999999995	261.4328	1.7639470000000002	0.7098755	4.85784	3.800183
OG0005146.0	OG0003559.24	OG0014506.6
1.1254790000000001	26.114720000000002	1.637723
OG0004434.0
nan
OG0006982.0	OG0001403.24	OG0010700.2
28.47079	nan	2.1667799999999997
OG0000001.2114	OG0001005.6	OG0002533.0	OG0013312.8	OG0002359.22	OG0005174.2	OG0012934.2
0.8892957	nan	2.342632	1.463309	2.9482009999999996	45.36352	3.5073239999999997
OG0003935.2	OG0010749.0	OG0006797.2
146.1885	1.703868	1.265215
OG0008977.6	OG0006181.0	OG0002736.0
2.547275	nan	19.39738
OG0002256.11	OG0009229.0	OG0005438.0
1.296132	5.322604	8.6354
OG0006406.2	OG0001406.24
nan	nan
OG0006950.4	OG0006600.2	OG0007801.6	OG0005535.2	OG0000546.2	OG0008913.0
4.677226	221.5234	3.479946	3.796436	5.305291	1.3472600000000001
OG0001126.24	OG0005924.2	OG0020499.0	OG0000727.24
nan	3.466882	3.3593379999999997	nan
OG0010937.1	OG0000850.12	OG0007734.2
3.11046	nan	1.118001
OG0009228.0	OG0004438.0	OG0001583.18	OG0003060.0	OG0002431.0
5.2888779999999995	118.8878	nan	0.04260319	0.874426
OG0003220.0	OG0012692.2	OG0006719.1	OG0003332.0
0.248809	1.602311	4.904444	0.7908965
OG0004158.0	OG0003921.12	OG0006337.0
2.8429349999999998	2.739286	4.994261
OG0003424.0	OG0004931.0	OG0015349.0	OG0001306.1	OG0010951.0
3.149033	1.049287	1.6698279999999999	nan	3.522649
OG0000875.1	OG0000321.2
nan	nan
OG0010589.8	OG0005646.0	OG0000966.4
223.8356	91.75452	1.7591709999999998
OG0003711.6	OG0015338.0	OG0006734.5	OG0010952.0	OG0008625.0
0.3315715	1.365224	4.628515	3.54049	3.850253
OG0002567.2	OG0005610.8	OG0014569.0	OG0000021.823	OG0001064.24	OG0008920.2
2.801195	10.97945	3.109885	1.7292150000000002	nan	3.3934029999999997
OG0020732.0	OG0000504.24	OG0004610.1
8.109103	nan	3.1983639999999998
OG0005743.0
218.72
OG0002154.0	OG0000047.282	OG0005924.2	OG0004961.2
nan	3.909817	3.466882	7.147694
OG0008088.0	OG0006990.0	OG0003951.8	OG0002492.0
5.892437	0.5920135999999999	3.8513629999999996	4.927243
OG0005904.2	OG0002438.24	OG0016033.0	OG0006021.0
5.6017589999999995	0.7654584	2.676093	14.07078
OG0008963.0	OG0007632.0	OG0003266.1
9.039347	215.0992	nan
OG0014536.2	OG0011956.0
1.368457	0.7825404
OG0005069.2	OG0000004.888	OG0009932.0	OG0005500.2
7.106733999999999	nan	2.78248	2.033429
OG0010671.0	OG0004618.12
3.4499239999999998	0.7266397
OG0006001.0	OG0004896.2	OG0005350.0
13.79214	20.59316	1.479278
OG0001561.0	OG0004575.0	OG0004148.0	OG0004985.3	OG0005216.0
nan	0.7394436	nan	3.1023400000000003	2.7572919999999996
OG0000027.457	OG0007602.2	OG0007217.0
nan	1.418815	2.749584
OG0007999.8	OG0001704.6	OG0000266.0
1.0376809999999999	3.235019	1.208104
OG0009941.0	OG0005427.0
3.298492	2.939363
OG0007282.8	OG0004255.2	OG0007167.0	OG0000405.0	OG0013565.5	OG0005123.4
14.039639999999999	1.032511	3.349811	nan	8.071701	0.38684650000000004
OG0001057.24	OG0008511.4	OG0005286.0	OG0016113.4	OG0000000.2010	OG0000082.1
nan	3.6389739999999997	0.7106045999999999	7.97425	20.28206	nan
OG0020434.0	OG0007597.0	OG0007243.4	OG0000706.25	OG0015376.0	OG0003088.0	OG0002301.1	OG0000906.25	OG0003901.10	OG0002700.0
3.362538	7.749586999999999	5.3084050000000005	nan	1.6148360000000002	2.919757	40.49138	nan	2.751309	3.5457419999999997
OG0006957.2	OG0007770.3	OG0007581.0	OG0003614.8	OG0004397.22	OG0005359.4
nan	3.0163330000000004	216.7856	6.696791999999999	2.391356	0.9163614
OG0003033.0	OG0002509.0
3.499157	3.413035
OG0000061.0
1.095665
OG0006002.6	OG0006748.0
215.5146	3.4592050000000003
OG0012268.0	OG0006169.1	OG0012076.2	OG0005158.0
nan	5.568217	225.571	0.9085219000000001
OG0002225.0	OG0005643.0	OG0000343.0	OG0007955.13
nan	3.7910559999999998	4.3776980000000005	194.0996
OG0003653.0	OG0004116.4	OG0000449.14	OG0004970.0	OG0010750.6	OG0002808.0
4.806004	3.890366	2.489202	10.375869999999999	0.711935	1.6484439999999998
OG0004698.10	OG0005639.0	OG0005299.0	OG0003432.0
nan	0.9248549	8.106142	5.768014
OG0001629.5
nan
OG0001218.24	OG0003060.0	OG0000000.3774	OG0001917.0	OG0007221.2
nan	0.04260319	20.945610000000002	nan	2.503477
OG0006221.6	OG0005528.0
4.670707	45.004979999999996
OG0007072.0	OG0002268.0	OG0000881.3
4.049892	259.9384	1.223184
OG0006016.4	OG0000683.0	OG0016192.0
220.8625	nan	4.222913
OG0004722.6	OG0004447.2
10.0636	117.6154
OG0000014.240	OG0003375.2	OG0006017.0	OG0007527.4	OG0002093.0
nan	4.098201	28.026159999999997	2.672777	nan
OG0000960.25
1.1458700000000002
OG0003479.0	OG0008581.0	OG0004314.0	OG0008489.7	OG0008975.0	OG0002573.0
nan	nan	1.0626799999999998	1.045404	3.092234	1.458841
OG0005829.2	OG0003997.0	OG0008706.0	OG0004883.0	OG0000315.0
1.226289	1.563634	5.346324	5.640321	1.474826
OG0003831.0	OG0006396.7	OG0010700.2	OG0008136.4	OG0006999.0
3.7581010000000004	nan	2.1667799999999997	2.883839	5.552825
OG0014013.2
2.1140779999999997
OG0004933.6	OG0007305.2	OG0001289.1	OG0006097.0	OG0005041.0	OG0007175.0
0.824491	nan	nan	1.588056	3.7888559999999996	2.235736
OG0008342.0	OG0000950.4	OG0007317.4
1.355743	4.8363879999999995	4.62594
OG0003238.0	OG0000394.3	OG0012317.2
5.021148999999999	3.7086370000000004	1.740344
OG0006417.0	OG0003080.3	OG0012831.0	OG0000726.25	OG0002796.1
9.304538	20.60983	3.5999589999999997	nan	3.084954
OG0002643.3	OG0002577.26	OG0004882.0	OG0005892.2
nan	2.024321	4.825958999999999	113.094
OG0012681.0	OG0013738.0	OG0002309.26	OG0004514.0	OG0000008.388	OG0000901.0
nan	2.000066	1.2466270000000002	4.138966	3.9754690000000004	nan
OG0004812.0	OG0003075.0	OG0005546.6	OG0008518.2	OG0018011.0
9.01097	216.6336	25.901120000000002	0.4303441	nan
OG0000224.26	OG0000020.626	OG0004727.1
1.079417	1.664518	1.191835
OG0001236.24	OG0001302.24	OG0003971.6
nan	nan	14.62909
OG0001887.0	OG0012898.2	OG0016143.0	OG0018155.0	OG0008944.6
1.884768	1.4344649999999999	0.8151041	2.186154	4.432476
OG0018485.0	OG0004321.0
1.9303540000000001	10.63536
OG0006962.4	OG0013058.0	OG0008624.0
4.616035	2.725829	3.1587669999999997
OG0013899.0	OG0000983.28	OG0002182.4	OG0001478.0	OG0007737.0
0.9468416999999999	nan	3.5627459999999997	4.499107	0.6801111999999999
OG0000037.360	OG0009937.0	OG0009777.0	OG0004567.0	OG0011750.0
45.65416	nan	0.7182036	3.125675	4.311239
OG0005691.3
3.8636839999999997
OG0005539.4	OG0016027.4	OG0004733.0	OG0003043.33	OG0004788.0	OG0001837.22	OG0002270.30
4.992012	nan	1.155933	44.726240000000004	6.207863	2.990141	14.24172
OG0006401.2	OG0005212.2	OG0009007.0	OG0007723.0
1.347051	2.1819029999999997	2.516135	4.362633
OG0009066.4	OG0003284.0
4.585621	215.6955


OG0010098.0	OG0003918.5	OG0000320.0	OG0004450.0	OG0003323.0
nan	115.8874	nan	119.2539	1.911459
OG0006040.0	OG0002121.0	OG0011288.6
1.049669	nan	227.2738
OG0017885.0	OG0007189.2	OG0002149.0
1.183392	0.9907738000000001	nan
OG0002131.0	OG0006699.0	OG0004882.0
nan	222.0783	4.825958999999999
OG0001315.24	OG0013935.0	OG0004950.0	OG0001271.1
nan	1.251573	9.564928	nan
OG0003828.1	OG0003461.0	OG0003064.0	OG0005261.0
1.670078	45.09509	21.766679999999997	7.024845
OG0002084.0	OG0001382.24
nan	nan
OG0012092.2	OG0017897.0
nan	1.441164
OG0007896.0	OG0001930.36
5.387507	217.2424
OG0000197.0	OG0000379.0
2.007182	3.3008660000000005
OG0002743.0	OG0002709.2	OG0000659.24	OG0001769.28	OG0003450.0
19.37561	1.314254	3.763792	1.3235190000000001	45.41144
OG0001960.2	OG0006206.2	OG0001711.10
nan	26.44708	1.625292
OG0020920.0	OG0000583.0	OG0006307.4
2.392718	nan	nan
OG0015375.2	OG0002561.0	OG0002344.12	OG0000372.1
1.507617	nan	0.5580598000000001	52.41851
OG0006115.1	OG0002910.0	OG0009960.0	OG0010526.2
2.075196	2.699328	2.968354	0.7694839
OG0002699.0	OG0016015.0	OG0006441.2
11.89777	4.579994999999999	2.777455
OG0007231.0	OG0008984.2
4.347783	0.9008966999999999
OG0003599.0	OG0010674.0	OG0000504.24	OG0013471.0	OG0014657.4	OG0004849.0
2.301556	4.54524	nan	nan	8.064708999999999	4.929623
OG0002934.1	OG0008570.0	OG0005780.0	OG0006037.18	OG0002843.0	OG0005138.18
2.650182	3.873322	45.50006	4.546144	nan	145.5012
OG0008172.0	OG0007342.2	OG0012930.0
2.187131	2.049748	0.8931094
OG0007166.14	OG0002367.20	OG0001547.24	OG0000058.46	OG0007013.0	OG0002206.0
2.233995	1.076274	nan	263.2595	214.8339	3.02279
OG0002992.27	OG0007591.0
45.20391	1.198575
OG0001375.24	OG0011190.0
nan	2.248911
OG0004523.4	OG0001167.24	OG0003170.2	OG0006567.0
3.826189	nan	nan	4.286376000000001
OG0012745.4	OG0000167.8	OG0005306.0	OG0007553.0	OG0012125.2
8.075024	0.2733614	4.21019	2.734876	227.4876
OG0003407.16	OG0002156.0
3.081299	nan
OG0005005.8	OG0006277.13	OG0003868.8
2.304525	3.357522	117.7734
OG0007438.0	OG0012965.0	OG0011743.0
3.8319089999999996	3.471576	4.63171
OG0002529.1	OG0016958.2	OG0000962.24	OG0007677.15
1.914741	1.733829	nan	3.269319
OG0016859.0	OG0011995.5	OG0000818.1	OG0000862.34
2.111072	2.66947	nan	nan
OG0000466.0	OG0003843.12	OG0003197.4	OG0001470.0	OG0001976.0
10.13309	12.17437	20.78047	1.493709	1.209039
OG0005073.0	OG0009207.3	OG0001593.20	OG0000707.0
7.6432020000000005	4.553766	nan	3.27805
OG0000332.0	OG0007533.2	OG0016862.2	OG0004645.0	OG0005848.4
1.115902	0.8681813	3.4057989999999996	72.23532	4.165936
OG0006739.0	OG0002817.63	OG0020744.0	OG0010639.2
14.05221	1.482437	2.390052	2.8904400000000003
OG0005303.2	OG0011505.6	OG0006994.14	OG0004307.0
2.0787	2.212902	18.87504	14.579329999999999
OG0013051.2	OG0020891.0	OG0009844.0
nan	1.537053	1.793321
OG0012267.0	OG0009812.0	OG0004232.0	OG0007191.0
1.113998	7.328684	2.455835	3.362117
OG0001750.0	OG0004831.2	OG0005219.1
3.4136339999999996	1.86443	4.457001
OG0009900.2	OG0012710.10
2.3152310000000003	nan
OG0006927.0	OG0000574.68	OG0000542.0	OG0020437.0	OG0000739.15
5.526052	4.023966000000001	7.664791999999999	3.3972300000000004	nan
OG0013980.0	OG0005429.0	OG0001476.0	OG0000157.23	OG0018479.0
nan	0.6138296999999999	1.1281450000000002	0.41315150000000006	0.961526
OG0016115.4	OG0001244.24
8.092802	nan
OG0007159.0	OG0005290.0	OG0001236.24	OG0001682.15
2.546119	7.064151	nan	1.93798
OG0014714.4	OG0000255.41	OG0006483.2	OG0000997.23
8.064135	nan	0.7835453	19.50824
OG0005881.0	OG0006216.10	OG0000385.4	OG0004956.0	OG0002752.1	OG0003223.2
3.8565650000000002	4.616561	44.89181	0.880998	1.6424470000000002	8.407209
OG0004327.0	OG0006195.0
0.4813362	26.12538
OG0007820.0	OG0008962.0	OG0001819.6	OG0007554.0	OG0011315.0
4.535483	4.404105	nan	1.013676	1.864047
OG0014753.1	OG0014713.1	OG0001927.0	OG0005500.2	OG0012665.4
8.092364	8.073953999999999	nan	2.033429	1.17851
OG0016157.0	OG0017903.2	OG0010751.0	OG0011419.0	OG0000394.176
8.086718	1.725481	1.346571	3.4625230000000005	2.079755
OG0002579.0	OG0013057.0	OG0003470.0	OG0000819.6
2.9670959999999997	1.926952	46.12407	17.26504
OG0008936.2	OG0000697.0	OG0005067.0	OG0003898.0	OG0012274.0
4.012575	nan	9.842589	45.128820000000005	3.212725
OG0003017.0	OG0006848.0	OG0019374.0	OG0001175.1
211.7664	3.819142	nan	nan
OG0012667.0	OG0000035.3	OG0009025.0	OG0006232.0	OG0005245.10
4.943304	0.1167052	2.770196	nan	6.763924
OG0007313.0	OG0000945.1	OG0012773.4
217.6063	nan	0.7784641
OG0006289.0	OG0007161.0	OG0000934.26	OG0004090.26
25.93985	2.228526	nan	4.207705000000001
OG0013469.3	OG0008933.0	OG0015095.0	OG0000414.34	OG0004227.0
8.042110000000001	2.085789	3.691408	3.785311	3.0179669999999996
OG0004155.0	OG0003668.0	OG0004748.0	OG0007895.0
169.0855	3.6866779999999997	4.394572	5.316851
OG0014522.0	OG0006458.0	OG0011472.4
1.6555080000000002	1.562227	0.9026427
OG0008196.2	OG0002798.0
2.3857209999999998	3.439229
OG0003486.0	OG0002007.0	OG0013558.0	OG0002020.0
13.875070000000001	nan	2.328625	nan
OG0007187.0
3.9188419999999997
OG0002979.0	OG0007290.2	OG0002764.20	OG0002875.0	OG0007780.0	OG0008520.11
3.4548160000000006	4.119851000000001	nan	3.454847	3.47557	nan
OG0010937.1	OG0009084.0	OG0002452.52
3.11046	3.197445	72.44993000000001
OG0005499.0	OG0001120.26	OG0015292.0	OG0008542.0	OG0009798.0
nan	nan	1.6615799999999998	2.876579	3.586725
OG0004473.2	OG0004138.22	OG0000557.1	OG0007671.2	OG0000419.1	OG0001823.24
5.219119999999999	nan	3.039676	20.3584	17.71953	nan
OG0004820.0	OG0013582.0	OG0005093.2
0.2055866	3.4070440000000004	12.73497
OG0012190.6	OG0002572.0	OG0013566.4
0.9680492	1.468732	8.234769
OG0012999.0	OG0006235.0	OG0001023.7
1.914771	217.8483	nan
OG0002552.0	OG0000802.1	OG0016187.1
1.452754	nan	8.019223
OG0002524.0	OG0002532.34	OG0000769.0
28.13788	0.04226627	nan
OG0004004.10	OG0009193.0	OG0007153.2	OG0008345.6
9.554746000000002	5.271819	145.9408	4.640134
OG0007384.1	OG0006340.0	OG0000826.25	OG0002687.0	OG0001953.2	OG0001231.24
1.7717619999999998	211.6591	nan	4.552498	nan	nan
OG0003552.0	OG0006139.0	OG0003254.52	OG0004460.9	OG0006963.0
186.043	114.8513	2.047156	2.468181	27.94782
OG0000050.0	OG0004575.0
1.6780529999999998	0.7394436
OG0004093.2	OG0005306.0	OG0006270.12
0.2281873	4.21019	2.78317
OG0007547.0	OG0010757.0	OG0006827.2	OG0012908.0	OG0003779.0
2.79535	4.615461	5.2185	2.085582	21.54435
OG0012755.0	OG0001440.24	OG0007107.0
2.2705599999999997	nan	1.132751
OG0003030.22	OG0000138.41
12.3182	nan
OG0001620.0
2.727039
OG0002025.0	OG0011345.0	OG0000665.0	OG0008119.2
nan	2.2629490000000003	16.98015	2.271474
OG0000372.1	OG0007116.0	OG0008623.4	OG0004543.0	OG0002756.4
52.41851	2.6700180000000002	2.866004	5.568015	4.252673000000001
OG0004561.41	OG0002852.4	OG0008451.4
nan	44.98404	1.069972
OG0007596.0	OG0014697.1
7.830655	8.059463000000001
OG0004154.1	OG0004714.0	OG0001389.24	OG0001935.0
218.0085	1.917368	nan	nan
OG0004941.0	OG0016200.2	OG0020586.0
0.3388218	nan	2.180383
OG0015995.2	OG0006516.0	OG0016180.0
nan	220.06	1.447015
OG0007983.8	OG0012268.0	OG0008509.10	OG0005624.0
4.637485	nan	225.8588	2.650204
OG0016260.0	OG0020455.0	OG0005691.3	OG0000430.0
1.892123	3.356246	3.8636839999999997	3.46636
OG0011307.2	OG0005061.1	OG0004960.0	OG0001104.0	OG0001355.24	OG0001510.0
2.0983240000000003	3.596797	5.532083999999999	20.37033	nan	3.798825
OG0009812.0	OG0013491.2	OG0001902.2	OG0008466.18
7.328684	nan	1.690016	20.52019
OG0007515.0	OG0012684.0
149.1514	2.475157
OG0012280.0	OG0005841.2
2.587001	8.959255
OG0008982.0	OG0016914.0	OG0004237.0
2.6233310000000003	nan	1.248535
OG0004658.0	OG0009113.4	OG0000253.1	OG0014724.4
nan	0.6267406999999999	6.851114999999999	8.081977
OG0003520.2	OG0000751.0	OG0020432.0
6.442149	nan	3.3992379999999995
OG0004658.0	OG0012099.0	OG0001946.0	OG0000757.36	OG0002263.24
nan	2.705669	4.35712	4.820168	1.386398
OG0007117.0	OG0006873.3	OG0012953.3	OG0002142.4	OG0009124.0	OG0003713.0	OG0001850.26
1.172442	5.381396	7.975353999999999	1.304768	2.311312	1.980761	3.8253209999999997
OG0003348.0	OG0014691.1	OG0001016.1	OG0006301.2
3.478772	8.099857	nan	222.3427
OG0007707.8	OG0003433.0	OG0002553.2	OG0001166.24	OG0006378.0	OG0004847.6	OG0008920.2	OG0004939.0
4.772394	45.80592	nan	nan	7.420953	1.998578	3.3934029999999997	5.121427
OG0000643.24	OG0006983.0	OG0005309.2
nan	5.497029	2.680418
OG0001708.32	OG0006310.0
12.65674	26.36352
OG0017896.0	OG0005049.0	OG0001591.32	OG0013514.0	OG0007636.2
3.315426	3.787029	5.146091	1.819236	nan
OG0011248.0	OG0002054.0	OG0004823.2	OG0003030.22	OG0000145.16
2.81338	nan	1.576342	12.3182	135.9556
OG0007332.0	OG0002021.4	OG0003578.0	OG0009252.0	OG0004670.1
5.555231	3.399834	12.46505	2.5216369999999997	1.191063
OG0003525.58	OG0000816.36	OG0006138.20	OG0004079.0
2.065028	nan	1.667934	10.78353
OG0012102.0	OG0002675.22	OG0011437.0	OG0004139.0	OG0008655.4
nan	1.336981	4.583848000000001	2.280427	4.591362999999999
OG0012653.0	OG0002160.1	OG0002770.0	OG0009922.0	OG0016060.0
2.481564	0.04008895	5.027332	4.525081	2.636933
OG0001284.24
nan
OG0007806.7	OG0006350.3
0.9415343	1.110158
OG0010510.2	OG0004486.3	OG0013924.0	OG0000354.184
2.330443	4.058368	1.668825	2.069323
OG0002740.0	OG0009905.0	OG0006295.0	OG0005552.1
19.41756	1.3086790000000001	26.189510000000002	8.090009
OG0003769.4	OG0000426.123
1.5062950000000002	45.343779999999995
OG0001623.1	OG0001539.22	OG0016862.2	OG0012033.0	OG0017864.0	OG0007048.0	OG0005283.0
1.3599860000000001	nan	3.4057989999999996	2.251518	2.489027	211.7527	1.090324
OG0011332.6	OG0000860.24	OG0001517.22	OG0000195.0	OG0008702.0	OG0020499.0	OG0003663.2
nan	nan	nan	nan	4.607986	3.3593379999999997	117.2609
OG0000239.0	OG0004386.2	OG0008155.2	OG0006286.4
nan	26.25378	3.647407	210.8252
OG0005530.6	OG0001524.1
1.027084	5.1131660000000005
OG0005714.0	OG0006134.2	OG0004995.0	OG0002024.0	OG0007734.2	OG0010973.0	OG0007278.2
0.7433799	nan	nan	nan	1.118001	1.529226	1.81715
OG0005466.0	OG0004394.36	OG0008680.0	OG0002226.0	OG0008665.0
0.4264567	20.41899	4.63709	1.4409319999999999	2.5550439999999996
OG0006761.1	OG0006048.0	OG0013620.0	OG0004775.6	OG0001756.0	OG0009092.0
4.625821	215.9108	3.2425450000000002	4.637613	nan	2.149547
OG0000027.457	OG0002279.0
nan	4.490557
OG0006130.1	OG0017897.0	OG0003811.0	OG0000969.0
2.217981	1.441164	45.678329999999995	2.342855
OG0000094.1	OG0009939.0
20.370520000000003	4.5709290000000005
OG0007304.2	OG0002618.0	OG0009089.0	OG0001550.0	OG0010591.0	OG0020616.0
4.246243	2.750083	2.9751849999999997	nan	3.234845	1.6928159999999999
OG0007114.6	OG0006707.0
3.994094	218.4359
OG0004320.3	OG0001658.112	OG0000525.2	OG0001353.24
2.082949	3.242195	5.132035	nan
OG0005805.2	OG0001808.3
0.8360356	218.2865
OG0016153.4	OG0007840.0	OG0005572.8
8.115536	2.7624779999999998	2.8097830000000004
OG0000307.20	OG0000205.24	OG0006633.0
0.5161384	1.3390600000000001	221.2646
OG0004814.0	OG0015186.2	OG0006461.4	OG0000408.0	OG0000154.2	OG0005829.2
10.32145	2.459654	5.0453589999999995	1.591801	nan	1.226289
OG0017875.0	OG0013637.0	OG0011146.2	OG0010722.0	OG0006073.4	OG0000195.0
2.828796	3.228136	0.8004238	4.64867	nan	nan
OG0001020.31	OG0003188.1	OG0013567.4
2.870709	171.5466	8.029211
OG0003458.0	OG0006998.14	OG0002579.0
45.68632	4.606833999999999	2.9670959999999997
OG0015334.2	OG0000460.47	OG0005572.8
1.9266580000000002	nan	2.8097830000000004
OG0008968.4	OG0014766.3	OG0003167.0	OG0005944.0
nan	8.157061	0.5911562	190.0778
OG0014853.2	OG0006122.0	OG0008918.4	OG0006968.0	OG0005565.0
2.210311	7.274373	2.283934	5.511661	45.57229
OG0006315.0
26.1312
OG0006611.0	OG0020454.0	OG0000771.24	OG0002812.52	OG0004240.0
223.018	3.3988730000000005	nan	44.79696	5.701112999999999
OG0006036.0	OG0001110.3	OG0009109.6	OG0008775.0	OG0006743.4
14.0988	1.973891	0.7593744	4.584471	2.002553
OG0007122.8	OG0001876.0	OG0000083.0
4.167566000000001	3.7635300000000003	1.331703
OG0003818.6	OG0006584.0	OG0000883.0	OG0007435.0
0.5238347	214.0781	0.5195157	2.7380400000000003
OG0016992.2	OG0003078.0	OG0009913.0	OG0007544.2	OG0012255.0
2.199488	220.1018	2.2959400000000003	1.131182	3.029611
OG0000955.28	OG0001825.2
nan	20.29954
OG0006463.10	OG0005918.2	OG0004753.0	OG0000325.0	OG0007701.0	OG0017010.0
3.219753	5.085091	1.709766	nan	2.5463430000000002	0.9715067
OG0006791.0	OG0001546.1
0.5163283	nan
OG0000354.7	OG0001801.0	OG0013864.2	OG0000037.1	OG0013927.0	OG0012920.2	OG0004612.0
3.737075	nan	2.054116	5.119364	1.117182	231.8491	1.1298780000000002
OG0006099.2	OG0013645.0	OG0001051.24	OG0004361.0
3.4422980000000005	2.147217	nan	2.187166
OG0004739.0	OG0013802.0	OG0003967.0	OG0009819.0	OG0000776.26	OG0000870.0
93.61041999999999	5.683853	7.817046	2.96561	nan	1.148542
OG0006921.0	OG0000634.26	OG0002439.13	OG0001333.24	OG0009875.0	OG0003940.0
223.3703	nan	3.3961379999999997	nan	2.241206	6.338737
OG0000334.9	OG0003082.0	OG0004772.2	OG0007748.0	OG0005371.4
1.265232	19.76278	2.4661049999999998	2.612802	45.20742
OG0002780.28	OG0005251.2	OG0001728.20	OG0017901.0
21.493479999999998	1.0498459999999998	45.14038	2.867779
OG0011284.4	OG0005916.0	OG0006196.0	OG0005841.2
234.7337	1.273882	27.10554	8.959255
OG0007851.2	OG0004644.0	OG0012105.0	OG0000056.0	OG0000126.1	OG0000660.14
2.006179	117.9946	1.619776	nan	nan	4.726062000000001
OG0009073.4	OG0012704.0	OG0014686.4
4.532287	2.165184	7.992122
OG0012193.0	OG0002854.0	OG0000328.0
1.431716	3.9668309999999996	1.7812169999999998
OG0015021.0	OG0008578.0	OG0004292.0
1.3428440000000001	166.8713	2.012439
OG0000535.36	OG0001263.26	OG0001168.24	OG0005666.2
nan	nan	nan	113.8237
OG0001022.34	OG0006372.2	OG0012724.0	OG0001706.22	OG0020449.0	OG0007216.0
3.722147	0.7192581	11.82943	1.639384	3.411174	2.062409
OG0001429.24	OG0010922.5	OG0000078.2	OG0002930.20
nan	nan	nan	0.7611998000000001
OG0018167.0	OG0016062.2	OG0006637.5	OG0000001.2114
2.1859029999999997	2.4199889999999997	4.562401	0.8892957
OG0002597.0	OG0001482.8
2.2367630000000003	3.769024
OG0012122.1	OG0001153.126
nan	1.115342
OG0003480.0	OG0010591.0	OG0004877.0	OG0011456.0	OG0000815.24
2.048018	3.234845	1.229863	3.459957	nan
OG0020919.0	OG0004910.0	OG0007576.0	OG0001663.24
2.382732	184.1852	5.305842	nan
OG0002050.0	OG0004686.0	OG0001199.24	OG0008276.6	OG0016252.0	OG0008533.3
nan	118.9571	nan	5.67516	2.416575	3.236082
OG0016272.0	OG0004852.0
1.344568	2.4851419999999997
OG0001376.24
nan
OG0000047.282	OG0002116.0	OG0019040.0	OG0005860.0
3.909817	nan	2.872809	nan
OG0004853.2	OG0002921.0	OG0000862.1
9.718264	6.344917	2.504783
OG0003652.0	OG0010963.0	OG0000059.368	OG0000766.0
1.20003	4.643413	nan	nan
OG0000752.42	OG0010496.0	OG0006632.0	OG0004124.0
nan	4.555076000000001	218.9676	2.066031
OG0000925.1	OG0002050.0	OG0000916.24	OG0000347.80
nan	nan	nan	nan


OG0006552.0	OG0003293.4	OG0003744.6	OG0004436.0	OG0001741.1	OG0000141.8	OG0001533.2
219.1443	44.99615	0.7882786999999999	117.3032	nan	3.8992169999999997	3.15212
OG0020523.0	OG0003260.25
3.092764	nan
OG0011287.3	OG0006901.0	OG0003883.2	OG0001136.24
223.8923	20.24578	11.72063	3.3798470000000003
OG0006524.0	OG0000144.1	OG0006016.4
217.8214	4.813765	220.8625
OG0001726.29	OG0006413.1	OG0011447.0	OG0016236.0	OG0001925.32	OG0008628.0
4.55091	2.697757	1.016168	2.0975900000000003	4.603453	1.536139
OG0012907.2	OG0006972.4	OG0010748.0	OG0000168.0	OG0006848.0	OG0016263.0
3.4905180000000002	4.597605000000001	nan	0.3805715	3.819142	2.0051799999999997
OG0012995.0	OG0013980.0	OG0000001.2142	OG0000514.0	OG0007463.1
1.339217	nan	3.7512730000000003	1.713457	2.258452
OG0011949.0	OG0002673.0	OG0005306.0	OG0012891.0	OG0012198.0	OG0008122.4	OG0000502.0	OG0005466.0
nan	2.3099950000000002	4.21019	1.698871	1.333941	1.5377530000000001	6.232137000000001	0.4264567
OG0003926.2	OG0000324.0	OG0004899.0	OG0005851.2
8.087157000000001	3.801515	4.912845	4.245092
OG0006421.0	OG0007162.4	OG0016408.0	OG0007450.0
2.329615	2.0341549999999997	2.4358619999999997	0.6401551
OG0002614.0	OG0008665.0	OG0001301.24	OG0002138.0
3.299635	2.5550439999999996	nan	nan
OG0008926.4	OG0012464.0	OG0007290.2
0.7724297	1.787318	4.119851000000001
OG0008481.0	OG0008237.0	OG0008768.2	OG0001703.17
nan	13.97056	5.597594	1.303776
OG0000762.2	OG0002021.4	OG0009195.0	OG0005068.0
17.06766	3.399834	5.368678	8.291416
OG0012771.2	OG0004180.7
0.7248977	2.422793
OG0016037.0	OG0004557.0	OG0006178.4	OG0005431.0
nan	8.517184	0.8673358	nan
OG0001615.98	OG0005191.0
4.529038	nan
OG0013967.0	OG0002019.0	OG0002747.20	OG0001615.25
2.1806740000000002	nan	45.08984	0.7114483
OG0010714.0	OG0000197.0	OG0000177.191
4.605085	2.007182	0.5658478
OG0007734.2	OG0008169.4	OG0006800.0	OG0004454.2
1.118001	2.8395189999999997	1.136567	nan
OG0007819.0	OG0004124.0	OG0018170.0	OG0006957.2
2.52926	2.066031	2.2084040000000003	nan
OG0016149.0	OG0004932.20	OG0012000.2
7.9867550000000005	2.362083	nan
OG0013497.4	OG0005474.0	OG0000942.24	OG0003268.0
8.160279	70.68760999999999	nan	0.7514875
OG0011896.1	OG0018482.0	OG0005685.0	OG0015390.0	OG0002393.21
2.295232	1.212173	nan	nan	9.030164
OG0009781.2	OG0012922.0	OG0006107.0	OG0012163.0
1.2147299999999999	2.979305	1.607049	2.304975
OG0009946.2	OG0012987.3	OG0002947.0
4.583368	1.2524030000000002	nan
OG0002095.0	OG0022269.0
nan	1.721481
OG0009307.2	OG0001242.28	OG0003955.0	OG0000530.136	OG0007183.2
3.142759	nan	216.6063	2.956096	5.34124
OG0000005.968	OG0013973.0	OG0014991.0
nan	2.313739	1.657816
OG0004124.0	OG0004842.6
2.066031	9.5442
OG0001174.24	OG0002985.0
nan	1.930421
OG0006014.0	OG0004055.0	OG0001409.1	OG0007441.4	OG0001974.3
26.418590000000002	78.03796	nan	nan	46.239779999999996
OG0003135.0	OG0007053.2	OG0015380.0
12.81969	216.88	1.724825
OG0022267.0	OG0004596.0	OG0001147.24	OG0006367.16
1.748302	2.84298	nan	7.809511
OG0011670.8	OG0010953.4	OG0010043.0
8.109112	4.642728	3.469158
OG0001362.22	OG0003873.0	OG0000938.24	OG0006738.0	OG0010621.0
nan	77.50316	nan	215.0896	2.565455
OG0016115.4	OG0002079.0	OG0014847.0
8.092802	nan	nan
OG0007053.2	OG0000250.0	OG0007320.10
216.88	1.035375	4.603475
OG0000828.16	OG0010920.0	OG0003536.0	OG0005234.0
nan	2.685661	1.334332	nan
OG0002065.0	OG0002292.0
nan	nan
OG0000127.0	OG0003844.0	OG0005249.2	OG0009214.0	OG0004298.0
nan	182.6896	1.7995400000000001	2.7662709999999997	nan
OG0001059.24	OG0014763.4
nan	8.123385
OG0001641.24	OG0000274.29	OG0011743.0	OG0001536.0	OG0004279.0	OG0005756.2
3.211986	nan	4.63171	nan	118.61200000000001	13.98559
