OG0004710.2	OG0022825.0	OG0012896.0	OG0016785.2	OG0000471.2
-1.8401125212694995	nan	nan	nan	-1.5627722610870904
OG0007333.0	OG0011513.15	OG0013502.0	OG0002894.0	OG0005481.0
nan	nan	nan	-0.3147325934831586	nan
OG0015762.3	OG0004155.0	OG0011927.6	OG0016607.0	OG0007658.2
nan	nan	nan	nan	nan
OG0029980.0	OG0043356.0	OG0013576.4	OG0000928.30	OG0005440.0
nan	nan	nan	nan	nan
OG0038603.0	OG0047019.0	OG0027827.0	OG0057014.0	OG0000571.0
nan	nan	nan	nan	-0.0868137745110052
OG0016134.2	OG0045151.0	OG0022291.0	OG0001730.2	OG0013548.2
nan	nan	nan	-0.896200256842332	nan
OG0000682.0	OG0004423.0	OG0002987.2	OG0001531.24	OG0044553.0
-1.453636426114565	-1.7495234474970307	nan	-1.5108681471472827	nan
OG0007400.9	OG0000321.132	OG0048126.0	OG0018069.2	OG0015980.3
-1.847881495568057	-0.45502011674419607	nan	nan	nan
OG0018859.6	OG0011360.2	OG0015270.2	OG0043383.0	OG0028982.0
nan	nan	nan	nan	nan
OG0007810.5	OG0047597.0	OG0011949.0	OG0019494.0	OG0006039.1
nan	nan	nan	nan	-1.5228407888133588
OG0001567.1	OG0037949.0	OG0053856.0	OG0020590.0	OG0001833.32
nan	nan	nan	nan	-1.3158096335039826
OG0046902.0	OG0009194.1	OG0016807.0	OG0008668.22	OG0006468.8
nan	nan	nan	nan	nan
OG0053926.0	OG0024628.0	OG0003305.0	OG0034348.0	OG0038651.0
nan	nan	nan	nan	nan
OG0053991.0	OG0057080.0	OG0005598.38	OG0022053.0	OG0046872.0
nan	nan	nan	nan	nan
OG0001040.1	OG0023205.0	OG0018588.1	OG0012515.12	OG0025971.0
nan	nan	nan	nan	nan
OG0012164.0	OG0045990.0	OG0025137.0	OG0001413.1	OG0003613.0
nan	nan	nan	nan	nan
OG0005498.6	OG0000546.2	OG0002703.16	OG0004268.26	OG0019062.1
nan	-0.7036894392919077	-2.456405135747399	-0.47433199262472187	nan
OG0043736.0	OG0028147.0	OG0007732.0	OG0015604.7	OG0003085.8
nan	nan	-2.038598926835721	nan	nan
OG0003408.0	OG0006271.0	OG0004639.6	OG0019752.0	OG0001845.2
nan	nan	nan	nan	nan
OG0005244.10	OG0005275.2	OG0013618.1	OG0013322.2	OG0022027.0
nan	nan	nan	nan	nan
OG0007061.32	OG0014025.6	OG0004215.0	OG0034908.0	OG0053973.0
nan	nan	-1.39744810252834	nan	nan
OG0003897.10	OG0001608.24	OG0057272.0	OG0029027.0	OG0002856.0
nan	-1.0436459153546316	nan	nan	-2.046325015550513
OG0043939.0	OG0022733.0	OG0006963.0	OG0003997.0	OG0014683.4
nan	nan	nan	nan	nan
OG0005485.2	OG0026929.0	OG0016166.2	OG0000083.0	OG0009932.0
nan	nan	nan	0.2547149679769182	nan
OG0035782.0	OG0002516.0	OG0010116.20	OG0034772.0	OG0005228.0
nan	nan	nan	nan	-13.287712379549449
OG0005075.42	OG0009082.0	OG0056969.0	OG0020856.0	OG0004466.4
nan	nan	nan	nan	-1.7504939790108534
OG0003298.30	OG0038594.0	OG0016290.2	OG0005869.0	OG0044284.0
nan	nan	nan	-1.779917739350753	nan
OG0043496.0	OG0002065.0	OG0044202.0	OG0002275.1	OG0025963.0
nan	nan	nan	-1.656535323845471	nan
OG0015324.6	OG0019317.0	OG0006502.0	OG0003042.54	OG0020396.0
nan	nan	nan	-3.2283679187250245	nan
OG0047563.0	OG0038895.0	OG0004806.1	OG0034318.0	OG0045140.0
nan	nan	nan	nan	nan
OG0000436.0	OG0003030.22	OG0047101.0	OG0028482.0	OG0037681.0
-0.8748779394301761	nan	nan	nan	nan
OG0001415.132	OG0013585.4	OG0057570.0	OG0015202.0	OG0020497.0
nan	-1.166502663140165	nan	nan	nan
OG0005702.0	OG0045741.0	OG0000000.503	OG0000010.2	OG0006581.6
-1.1000510138103283	nan	nan	-0.9364970576938421	-1.1526444337716326
OG0035771.0	OG0006193.0	OG0029965.0	OG0000618.54	OG0007910.4
nan	nan	nan	nan	nan
OG0015960.2	OG0001938.0	OG0003484.0	OG0000836.25	OG0002324.87
nan	nan	nan	nan	nan
OG0021217.0	OG0041519.0	OG0017324.1	OG0011415.2	OG0010602.0
nan	nan	nan	nan	-1.6656605600930732
OG0006833.2	OG0023504.0	OG0048892.0	OG0004105.5	OG0023041.0
nan	nan	nan	nan	nan
OG0004442.0	OG0016256.4	OG0013635.2	OG0048144.0	OG0015548.8
nan	nan	nan	nan	nan
OG0018761.5	OG0022461.0	OG0041731.0	OG0034283.0	OG0002891.4
nan	nan	nan	nan	-1.7883647466728505
OG0009833.18	OG0001950.6	OG0012213.0	OG0002775.2	OG0001295.24
nan	-1.3309732344903695	nan	nan	nan
OG0016716.6	OG0046728.0	OG0011380.2	OG0000106.6	OG0013189.5
nan	nan	nan	-1.4615611647492424	nan
OG0034893.0	OG0007965.0	OG0006423.0	OG0024403.0	OG0024330.0
nan	nan	nan	nan	nan
OG0027798.0	OG0046349.0	OG0022864.0	OG0009934.0	OG0017880.2
nan	nan	nan	nan	nan
OG0006713.0	OG0034597.0	OG0020642.0	OG0006079.0	OG0038727.0
nan	nan	nan	nan	nan
OG0015519.3	OG0024562.0	OG0010822.13	OG0029158.0	OG0011216.10
nan	nan	nan	nan	nan
OG0038716.0	OG0007578.1	OG0001645.0	OG0034915.0	OG0024746.0
nan	nan	-1.1610079067062593	nan	nan
OG0007344.0	OG0009072.0	OG0027672.0	OG0012395.1	OG0008003.2
nan	nan	nan	nan	nan
OG0013888.0	OG0022594.0	OG0007947.25	OG0002880.0	OG0011487.0
nan	nan	nan	-2.8262329322632938	-2.2095615718147994
OG0002896.8	OG0038921.0	OG0034629.0	OG0001744.0	OG0008715.9
-1.5968413702571356	nan	nan	-1.1084252749034458	nan
OG0045833.0	OG0001963.0	OG0009817.0	OG0048104.0	OG0000361.81
nan	nan	nan	nan	-1.0
OG0011167.0	OG0008596.4	OG0026844.0	OG0044711.0	OG0028882.0
-3.7256608006280647	nan	nan	nan	nan
OG0022793.0	OG0020493.0	OG0008193.4	OG0028437.0	OG0018172.5
nan	nan	nan	nan	nan
OG0056939.0	OG0005685.0	OG0016716.6	OG0014735.4	OG0018158.5
nan	-1.0985055449524253	nan	nan	nan
OG0002529.86	OG0003436.4	OG0000494.1	OG0006049.4	OG0013811.11
nan	nan	nan	nan	nan
OG0035742.0	OG0046526.0	OG0001179.24	OG0012348.14	OG0044337.0
nan	nan	nan	nan	nan
OG0056753.0	OG0024573.0	OG0006212.0	OG0027145.0	OG0010139.0
nan	nan	nan	nan	nan
OG0025058.0	OG0035788.0	OG0015165.4	OG0048819.0	OG0022949.0
nan	nan	nan	nan	nan
OG0007110.33	OG0001426.2	OG0015962.0	OG0000450.1	OG0037846.0
nan	nan	nan	nan	nan
OG0060358.0	OG0007386.1	OG0017488.1	OG0010755.16	OG0015106.9
nan	nan	nan	nan	nan
OG0045408.0	OG0017853.0	OG0007128.8	OG0011670.8	OG0011944.4
nan	nan	nan	nan	nan
OG0001056.26	OG0002206.0	OG0012806.6	OG0002808.0	OG0011380.2
-2.7690592238760594	nan	nan	nan	nan
OG0006285.0	OG0019916.0	OG0043673.0	OG0046663.0	OG0034487.0
nan	nan	nan	nan	nan
OG0060430.0	OG0004064.0	OG0017998.0	OG0007456.5	OG0045507.0
nan	nan	nan	nan	nan
OG0006357.12	OG0041652.0	OG0046183.0	OG0002583.0	OG0007353.2
nan	nan	nan	nan	nan
OG0019633.0	OG0012166.6	OG0025076.0	OG0019409.0	OG0014828.2
-1.5743258646124194	nan	nan	nan	nan
OG0014983.3	OG0056701.0	OG0012702.2	OG0024980.0	OG0000063.48
nan	nan	nan	nan	-0.21390553237095686
OG0018755.3	OG0035764.0	OG0007671.2	OG0019580.0	OG0047156.0
nan	nan	nan	nan	nan
OG0049008.0	OG0034346.0	OG0004357.0	OG0017768.2	OG0001035.0
nan	nan	nan	nan	-0.853866171106625
OG0004554.6	OG0046767.0	OG0029947.0	OG0011648.5	OG0030110.0
-0.7983661388303496	nan	nan	nan	nan
OG0057099.0	OG0026530.0	OG0022589.0	OG0037753.0	OG0057409.0
nan	nan	nan	nan	nan
OG0005554.0	OG0010710.2	OG0006210.12	OG0045913.0	OG0015005.2
nan	nan	nan	nan	nan
OG0060403.0	OG0003159.70	OG0026485.0	OG0027921.0	OG0003189.0
nan	nan	nan	nan	nan
OG0017165.3	OG0041576.0	OG0002638.2	OG0004859.0	OG0004761.2
nan	nan	nan	nan	nan
OG0000006.561	OG0002250.0	OG0001396.24	OG0008396.1	OG0025588.0
-0.17266872938773947	nan	nan	nan	nan
OG0023397.0	OG0024783.0	OG0018094.5	OG0005151.29	OG0009777.0
nan	nan	nan	nan	nan
OG0046010.0	OG0004621.4	OG0008131.2	OG0016298.6	OG0000565.36
nan	-4.04572922985512	nan	nan	nan
OG0003066.1	OG0000826.148	OG0056616.0	OG0043695.0	OG0041961.0
-1.2997378552532965	nan	nan	nan	nan
OG0048177.0	OG0046502.0	OG0022633.0	OG0024553.0	OG0002445.1
nan	nan	nan	nan	-1.1012885820105052
OG0056714.0	OG0004927.0	OG0021326.0	OG0018995.0	OG0014830.9
nan	nan	nan	nan	nan
OG0018080.2	OG0018407.0	OG0053963.0	OG0041841.0	OG0002841.0
-2.707453812049662	nan	nan	nan	nan
OG0018188.1	OG0018740.0	OG0024758.0	OG0007110.29	OG0047330.0
nan	nan	nan	nan	nan
OG0053920.0	OG0008592.0	OG0045250.0	OG0016691.6	OG0014110.0
nan	nan	nan	nan	nan
OG0006709.0	OG0035837.0	OG0012054.14	OG0004385.0	OG0029005.0
nan	nan	nan	nan	nan
OG0000048.382	OG0043655.0	OG0008282.0	OG0028056.0	OG0016474.1
-1.5585165204173554	nan	nan	nan	nan
OG0022042.0	OG0026473.0	OG0038007.0	OG0034685.0	OG0011198.6
nan	nan	nan	nan	nan
OG0011880.1	OG0021349.0	OG0018988.0	OG0012724.0	OG0014026.0
nan	nan	nan	-0.9922304058540823	nan
OG0005057.0	OG0004932.20	OG0021626.0	OG0004238.6	OG0015209.2
nan	-2.389110992145512	nan	nan	nan
OG0053826.0	OG0028982.0	OG0006355.24	OG0011713.10	OG0005276.0
nan	nan	nan	nan	nan
OG0011673.0	OG0007880.0	OG0044249.0	OG0001730.2	OG0029626.0
nan	nan	nan	-0.896200256842332	nan
OG0003906.0	OG0000116.0	OG0026486.0	OG0028121.0	OG0007057.4
nan	-0.9276883599775736	nan	nan	-1.0908029370083125
OG0015618.5	OG0000707.0	OG0034745.0	OG0021181.0	OG0017850.0
nan	-1.6882643980207304	nan	nan	nan
OG0022998.0	OG0005353.1	OG0009800.2	OG0047606.0	OG0000797.20
nan	nan	nan	nan	-1.652447723009936
OG0046490.0	OG0011261.0	OG0004117.11	OG0007096.15	OG0019514.0
nan	nan	nan	nan	nan
OG0015467.8	OG0043820.0	OG0009913.0	OG0004384.0	OG0022174.0
nan	nan	nan	nan	nan
OG0025841.0	OG0047507.0	OG0022233.0	OG0022890.0	OG0044510.0
nan	nan	nan	nan	nan
OG0056879.0	OG0002238.0	OG0007763.20	OG0006746.0	OG0001382.24
nan	nan	nan	nan	nan
OG0045848.0	OG0019673.0	OG0003046.0	OG0005554.0	OG0046184.0
nan	nan	-1.8437328369481965	nan	nan
OG0000706.150	OG0035043.0	OG0003864.2	OG0012126.3	OG0010566.0
nan	nan	nan	nan	nan
OG0017754.4	OG0024826.0	OG0002534.16	OG0010054.0	OG0041643.0
nan	nan	nan	nan	nan
OG0007116.0	OG0026914.0	OG0027497.0	OG0004377.2	OG0017861.4
1.1303378595937155	nan	nan	-13.287712379549449	nan
OG0010876.2	OG0057375.0	OG0015981.1	OG0060474.0	OG0014658.0
nan	nan	nan	nan	nan
OG0010031.14	OG0000048.382	OG0045957.0	OG0017845.2	OG0019604.0
nan	-1.5585165204173554	nan	nan	nan
OG0048857.0	OG0020665.0	OG0016213.0	OG0041511.0	OG0011909.12
nan	nan	nan	nan	nan
OG0001170.24	OG0030135.0	OG0044037.0	OG0014559.0	OG0013190.8
nan	nan	nan	nan	nan
OG0023469.0	OG0057476.0	OG0012995.0	OG0045060.0	OG0011881.8
nan	nan	nan	nan	nan
OG0013037.0	OG0008607.0	OG0020634.0	OG0000554.14	OG0008686.0
nan	nan	nan	-1.2636115992965395	nan
OG0034347.0	OG0016933.0	OG0060497.0	OG0001775.0	OG0004395.1
nan	nan	nan	0.014498126999352837	nan
OG0004825.0	OG0000795.40	OG0016951.2	OG0041506.0	OG0025020.0
nan	nan	nan	nan	nan
OG0001083.26	OG0009895.5	OG0003160.34	OG0015796.7	OG0002785.91
nan	nan	nan	nan	nan
OG0016157.0	OG0029114.0	OG0000596.1	OG0028174.0	OG0044087.0
nan	nan	nan	nan	nan
OG0047063.0	OG0024576.0	OG0019122.1	OG0013617.6	OG0009212.2
nan	nan	nan	nan	nan
OG0041535.0	OG0028130.0	OG0008583.6	OG0002669.0	OG0003749.1
nan	nan	nan	-1.3811975347025	-1.4043053931610798
OG0046523.0	OG0006366.0	OG0018805.5	OG0003492.0	OG0016112.0
nan	nan	nan	nan	nan
OG0027628.0	OG0045522.0	OG0002247.8	OG0010043.0	OG0005373.2
nan	nan	-1.0223903553145803	nan	-1.7641504234924366
OG0045171.0	OG0011581.2	OG0025652.0	OG0007040.0	OG0026996.0
nan	nan	nan	nan	nan
OG0016393.4	OG0002469.0	OG0010073.0	OG0057345.0	OG0044458.0
nan	nan	nan	nan	nan
OG0020640.0	OG0006525.0	OG0015768.3	OG0013140.1	OG0045064.0
-1.4177330466494877	nan	nan	nan	nan
OG0003308.0	OG0016974.4	OG0017354.4	OG0057485.0	OG0018052.2
nan	nan	nan	nan	nan
OG0004309.0	OG0017149.4	OG0004245.1	OG0049169.0	OG0008537.0
nan	nan	-2.3118644115426648	nan	-2.364384894130257
OG0005801.2	OG0037847.0	OG0018001.2	OG0017513.6	OG0049054.0
nan	nan	nan	nan	nan
OG0018078.1	OG0004931.0	OG0017323.1	OG0012773.4	OG0045747.0
nan	-1.159395776645905	nan	nan	nan
OG0000004.875	OG0000623.24	OG0043740.0	OG0012985.0	OG0014563.1
nan	-0.9378782880922025	nan	nan	nan
OG0047536.0	OG0005624.0	OG0034794.0	OG0013721.0	OG0007329.0
nan	-1.7178567712185016	nan	nan	nan
OG0006529.0	OG0035810.0	OG0015409.6	OG0016658.6	OG0008927.0
nan	nan	nan	nan	-1.9235777245413976
OG0025098.0	OG0016779.2	OG0010654.9	OG0001846.4	OG0024461.0
nan	nan	nan	nan	nan
OG0018183.2	OG0056554.0	OG0035646.0	OG0000136.2	OG0006781.4
nan	nan	nan	0.07874644707664835	nan
OG0043620.0	OG0043932.0	OG0000377.2	OG0046743.0	OG0046675.0
nan	nan	nan	nan	nan
OG0021274.0	OG0013929.8	OG0029166.0	OG0007888.4	OG0000096.148
nan	nan	nan	nan	nan
OG0015594.3	OG0007537.0	OG0048956.0	OG0044165.0	OG0044000.0
nan	nan	nan	nan	nan
OG0003149.1	OG0027704.0	OG0034959.0	OG0004844.10	OG0018938.4
-1.443398918346153	nan	nan	-3.3980563213572847	nan
OG0003740.0	OG0004777.0	OG0045486.0	OG0004119.0	OG0017441.1
-0.8828369245342406	nan	nan	nan	nan
OG0000091.0	OG0000079.19	OG0017471.0	OG0003864.2	OG0017992.5
-0.1015981400078069	-0.7597467384154951	nan	nan	nan
OG0017031.0	OG0000035.64	OG0056789.0	OG0002106.0	OG0003723.0
nan	-0.2618807112174235	nan	nan	-0.747826586797973
OG0034816.0	OG0047549.0	OG0028116.0	OG0016464.0	OG0046602.0
nan	nan	nan	nan	nan
OG0005918.2	OG0017426.3	OG0002901.4	OG0027872.0	OG0005965.0
nan	nan	nan	nan	nan
OG0048862.0	OG0030103.0	OG0028150.0	OG0016129.3	OG0018956.1
nan	nan	nan	nan	nan
OG0046456.0	OG0001836.0	OG0007327.2	OG0007157.3	OG0027042.0
nan	-0.862496476250065	nan	nan	nan
OG0056739.0	OG0034721.0	OG0011164.2	OG0002314.12	OG0005534.0
nan	nan	nan	nan	nan
OG0027922.0	OG0002479.6	OG0006121.6	OG0000760.146	OG0019744.0
nan	-1.1645609467758746	nan	nan	nan
OG0004329.0	OG0015183.8	OG0010542.2	OG0046352.0	OG0048107.0
nan	nan	nan	nan	nan
OG0017284.6	OG0045183.0	OG0013592.3	OG0000577.54	OG0008960.0
nan	nan	nan	nan	nan
OG0057373.0	OG0045023.0	OG0060515.0	OG0006579.6	OG0002524.0
nan	nan	nan	nan	-1.5786285669991056
OG0005207.0	OG0029095.0	OG0023137.0	OG0007444.0	OG0043752.0
nan	nan	nan	nan	nan
OG0025836.0	OG0038179.0	OG0001289.1	OG0002370.0	OG0034540.0
nan	nan	nan	-0.5351226619084587	nan
OG0043739.0	OG0008327.2	OG0000772.0	OG0010700.2	OG0023016.0
nan	nan	nan	nan	nan
OG0006147.3	OG0000359.28	OG0003823.8	OG0041677.0	OG0046826.0
nan	-1.15521264992094	nan	nan	nan
OG0046922.0	OG0020762.0	OG0010812.8	OG0047472.0	OG0047306.0
nan	nan	nan	nan	nan
OG0000189.0	OG0009242.4	OG0048898.0	OG0043778.0	OG0000826.25
-0.2523977697250569	nan	nan	nan	nan
OG0002727.0	OG0002962.1	OG0005031.0	OG0019191.0	OG0011377.0
-1.3543905588165042	-1.134793803412827	-1.6099927379084407	nan	nan
OG0003159.84	OG0000283.1	OG0000852.1	OG0026930.0	OG0060503.0
nan	-1.6402539530945293	nan	nan	nan
OG0024633.0	OG0006331.37	OG0016047.3	OG0025676.0	OG0057133.0
nan	nan	nan	nan	nan
OG0003604.62	OG0009997.2	OG0000493.20	OG0043540.0	OG0045615.0
nan	nan	-0.9498117766885221	nan	nan
OG0017888.0	OG0008926.4	OG0006813.2	OG0025956.0	OG0015234.2
nan	nan	nan	nan	nan
OG0041956.0	OG0001624.47	OG0004108.36	OG0000091.0	OG0007563.0
nan	nan	-2.5344956303704946	-0.1015981400078069	nan
OG0005078.0	OG0005117.0	OG0056846.0	OG0046308.0	OG0045557.0
nan	-1.636212158896711	nan	nan	nan
OG0006175.0	OG0014326.9	OG0034455.0	OG0012150.2	OG0004135.0
nan	nan	nan	nan	-2.180495303958067
OG0060449.0	OG0000232.19	OG0020291.0	OG0005062.1	OG0048798.0
nan	-1.7164337610348535	nan	nan	nan
OG0010606.0	OG0011736.2	OG0012509.13	OG0044526.0	OG0006054.19
nan	nan	nan	nan	nan
OG0017915.4	OG0006030.0	OG0045309.0	OG0035072.0	OG0028154.0
nan	nan	nan	nan	nan
OG0035536.0	OG0004712.2	OG0026926.0	OG0006144.3	OG0003273.0
nan	-2.900772134225139	nan	nan	nan
OG0041675.0	OG0000383.2	OG0057522.0	OG0006604.0	OG0013602.0
nan	-3.432843996289213	nan	nan	nan
OG0047042.0	OG0044864.0	OG0035051.0	OG0012981.0	OG0025917.0
nan	nan	nan	nan	nan
OG0001157.1	OG0016269.0	OG0000276.1	OG0010791.5	OG0014685.4
nan	nan	nan	nan	nan
OG0002142.4	OG0010980.0	OG0047114.0	OG0015406.0	OG0020603.0
nan	nan	nan	nan	nan
OG0020656.0	OG0007818.0	OG0041641.0	OG0016609.0	OG0046853.0
nan	nan	nan	nan	nan
OG0029612.0	OG0018085.1	OG0035576.0	OG0057296.0	OG0022467.0
nan	nan	nan	nan	nan
OG0060369.0	OG0020491.0	OG0006763.34	OG0045014.0	OG0029028.0
nan	nan	nan	nan	nan
OG0043783.0	OG0030184.0	OG0009229.0	OG0018000.0	OG0001759.18
nan	nan	nan	nan	nan
OG0025966.0	OG0004846.2	OG0000613.0	OG0004271.1	OG0034706.0
nan	nan	-1.6326289343514706	nan	nan
OG0027065.0	OG0017781.4	OG0046323.0	OG0000015.600	OG0043720.0
nan	nan	nan	-1.343732465205711	nan
OG0043553.0	OG0026984.0	OG0001420.22	OG0018047.4	OG0009837.11
nan	nan	nan	nan	nan
OG0009264.20	OG0017029.4	OG0021295.0	OG0008463.1	OG0023068.0
nan	nan	nan	nan	nan
OG0044038.0	OG0044938.0	OG0003900.2	OG0043526.0	OG0024451.0
nan	nan	nan	nan	nan
OG0044669.0	OG0028117.0	OG0019200.0	OG0018131.0	OG0013821.6
nan	nan	nan	nan	nan
OG0009899.0	OG0027092.0	OG0022791.0	OG0003754.0	OG0000517.3
-3.7854772646926538	nan	nan	nan	-0.20157615452214014
OG0006866.0	OG0000773.0	OG0014540.0	OG0010609.0	OG0043416.0
nan	-1.1827860757416735	nan	nan	nan
OG0008972.0	OG0048193.0	OG0001557.1	OG0005995.0	OG0020580.0
nan	nan	-1.033864894562046	nan	nan
OG0044949.0	OG0044275.0	OG0026984.0	OG0003789.22	OG0027026.0
nan	nan	nan	-0.9364970576938421	nan
OG0048118.0	OG0010168.13	OG0008982.0	OG0009287.0	OG0005634.0
nan	nan	-1.0391917746110202	nan	nan
OG0035677.0	OG0014712.4	OG0045652.0	OG0003035.0	OG0026206.0
nan	nan	nan	-0.7086321957146922	nan
OG0005189.0	OG0016911.0	OG0005782.2	OG0026125.0	OG0004268.3
-0.5953148240809638	nan	nan	nan	nan
OG0000828.16	OG0019024.6	OG0008262.0	OG0007796.0	OG0000000.1571
-1.2894745576614033	nan	nan	-2.455613533510315	-2.3569750419865634
OG0011022.7	OG0046559.0	OG0001928.13	OG0021030.0	OG0044318.0
nan	nan	-0.8929817501178796	nan	nan
OG0044957.0	OG0006092.14	OG0004796.1	OG0048024.0	OG0015278.4
nan	nan	nan	nan	nan
OG0002373.38	OG0014852.0	OG0043937.0	OG0006159.0	OG0005128.2
nan	nan	nan	nan	nan
OG0047123.0	OG0030000.0	OG0011907.0	OG0020846.0	OG0013912.6
nan	nan	nan	nan	nan
OG0002672.22	OG0023575.0	OG0029033.0	OG0000476.2	OG0030131.0
-0.6695563317709907	nan	nan	-0.9010415199118312	nan
OG0007931.1	OG0013577.0	OG0020907.0	OG0000983.28	OG0020951.0
nan	-2.0746081599075428	nan	nan	nan
OG0006173.16	OG0022644.0	OG0004632.0	OG0021939.0	OG0003357.4
nan	nan	nan	nan	nan
OG0006841.0	OG0010788.2	OG0017932.3	OG0045823.0	OG0021937.0
-2.687799537362322	nan	nan	nan	nan
OG0001075.1	OG0044777.0	OG0003129.8	OG0016206.4	OG0011287.3
nan	nan	-1.3284348738289469	nan	nan
OG0045464.0	OG0056675.0	OG0045199.0	OG0019238.0	OG0035646.0
nan	nan	nan	nan	nan
OG0007556.0	OG0024682.0	OG0016426.6	OG0003984.0	OG0005001.32
nan	nan	nan	-2.853084151912725	nan
OG0006411.2	OG0027478.0	OG0020725.0	OG0045379.0	OG0018964.1
nan	nan	nan	nan	nan
OG0029003.0	OG0028860.0	OG0014183.2	OG0012193.0	OG0006879.1
nan	nan	nan	nan	nan
OG0028156.0	OG0016630.4	OG0018110.0	OG0047088.0	OG0009821.0
nan	nan	nan	nan	nan
OG0000021.252	OG0004082.2	OG0024153.0	OG0026386.0	OG0004300.2
-0.5024642736039957	-2.3090019204430923	nan	nan	nan
OG0046384.0	OG0001419.3	OG0030144.0	OG0012048.15	OG0018036.3
nan	nan	nan	nan	nan
OG0026811.0	OG0002670.1	OG0004588.6	OG0010576.0	OG0007252.0
nan	-1.0694518807521451	nan	nan	nan
OG0009456.1	OG0017801.3	OG0034905.0	OG0004070.2	OG0015100.0
nan	nan	nan	nan	nan
OG0004147.24	OG0003704.6	OG0028235.0	OG0041577.0	OG0034440.0
nan	nan	nan	nan	nan
OG0018972.4	OG0022380.0	OG0038072.0	OG0005968.0	OG0011217.1
nan	nan	nan	nan	nan
OG0002918.1	OG0002124.0	OG0056755.0	OG0001213.30	OG0057504.0
nan	nan	nan	nan	nan
OG0034543.0	OG0021925.0	OG0016101.6	OG0005942.6	OG0047951.0
nan	nan	nan	-1.5332423842738285	nan
OG0027796.0	OG0009193.0	OG0016416.2	OG0003670.16	OG0016936.0
nan	nan	nan	nan	-4.748553568441418
OG0046761.0	OG0034307.0	OG0057409.0	OG0013127.10	OG0047474.0
nan	nan	nan	nan	nan
OG0017891.0	OG0005210.0	OG0044764.0	OG0028062.0	OG0023847.0
nan	nan	nan	nan	nan
OG0045124.0	OG0000694.0	OG0029246.0	OG0043806.0	OG0006902.4
nan	-0.7722589241608719	nan	nan	-2.633076351021482
OG0025588.0	OG0017771.0	OG0012219.0	OG0005177.0	OG0018482.0
nan	nan	nan	nan	-1.6670343374140395
OG0005320.0	OG0025928.0	OG0004097.3	OG0037702.0	OG0002893.12
nan	nan	nan	nan	nan
OG0005863.4	OG0022195.0	OG0012055.0	OG0017500.6	OG0010047.13
nan	nan	nan	nan	nan
OG0004941.0	OG0044432.0	OG0001621.2	OG0056742.0	OG0001713.22
nan	nan	-0.9498117766885221	nan	-1.701810929858678
OG0001790.24	OG0044914.0	OG0009308.0	OG0016769.0	OG0017786.3
-1.4908615842822894	nan	nan	nan	nan
OG0011598.13	OG0015575.7	OG0005552.1	OG0007291.0	OG0013073.2
nan	nan	nan	-2.1603628384903306	nan
OG0005931.4	OG0000552.139	OG0045803.0	OG0022767.0	OG0043976.0
nan	nan	nan	nan	nan
OG0009976.1	OG0041756.0	OG0048084.0	OG0005365.0	OG0010027.2
-0.78413506084676	nan	nan	-0.697827200259248	nan
OG0049136.0	OG0007394.2	OG0018374.2	OG0024743.0	OG0035607.0
nan	nan	nan	nan	nan
OG0013267.12	OG0000450.6	OG0007504.4	OG0048063.0	OG0000013.994
nan	-0.30009306762512383	nan	nan	-0.4751339354140695
OG0024916.0	OG0003633.0	OG0006247.0	OG0004225.4	OG0001790.24
nan	-2.9456377115503107	nan	nan	-1.4908615842822894
OG0019010.4	OG0018963.4	OG0035698.0	OG0016722.7	OG0011894.0
nan	nan	nan	nan	nan
OG0060431.0	OG0017972.6	OG0027867.0	OG0004699.1	OG0005340.0
nan	nan	nan	nan	-1.437134832343836
OG0010500.6	OG0047028.0	OG0034553.0	OG0013236.0	OG0023946.0
-2.937878288092203	nan	nan	nan	nan
OG0002976.5	OG0030096.0	OG0035033.0	OG0015003.6	OG0027861.0
-1.3703403000726082	nan	nan	nan	nan
OG0000518.24	OG0012630.11	OG0020426.0	OG0025106.0	OG0016757.0
-1.1597180585730555	nan	nan	nan	nan
OG0044809.0	OG0007882.4	OG0043396.0	OG0001268.24	OG0060516.0
nan	nan	nan	nan	nan
OG0047174.0	OG0000021.847	OG0038161.0	OG0002937.24	OG0012666.4
nan	-3.505533185718241	nan	nan	nan
OG0003273.0	OG0038177.0	OG0000007.560	OG0053829.0	OG0021458.0
nan	nan	nan	nan	nan
OG0003076.0	OG0007420.0	OG0046565.0	OG0047502.0	OG0004172.0
-0.9156635542766762	nan	nan	nan	-2.518701058452435
OG0001651.17	OG0006043.0	OG0008373.2	OG0007854.4	OG0028168.0
nan	nan	nan	nan	nan
OG0005420.14	OG0015400.0	OG0002641.29	OG0003736.12	OG0027708.0
-2.0156658551595115	nan	nan	-3.50930665531027	nan
OG0048113.0	OG0045888.0	OG0046490.0	OG0049185.0	OG0008162.0
nan	nan	nan	nan	nan
OG0013719.12	OG0010000.0	OG0024421.0	OG0043666.0	OG0038589.0
nan	nan	nan	nan	nan
OG0002105.0	OG0056805.0	OG0015948.6	OG0004847.6	OG0016125.1
nan	nan	nan	nan	nan
OG0003253.7	OG0002403.0	OG0017985.2	OG0005347.11	OG0009851.6
-1.4900508536956893	-0.4414384681995431	nan	nan	nan
OG0017344.6	OG0014227.10	OG0013017.9	OG0056625.0	OG0034277.0
nan	nan	nan	nan	nan
OG0018101.2	OG0020292.0	OG0002015.0	OG0024636.0	OG0018614.1
nan	nan	nan	nan	nan
OG0009091.4	OG0034924.0	OG0060426.0	OG0004975.0	OG0010893.6
nan	nan	nan	-1.4219791086976907	nan
OG0025059.0	OG0034653.0	OG0035832.0	OG0041575.0	OG0027511.0
nan	nan	nan	nan	nan
OG0021932.0	OG0017418.1	OG0044923.0	OG0003317.2	OG0010869.7
-1.9029286294560968	nan	nan	nan	nan
OG0001938.0	OG0022414.0	OG0000347.80	OG0017434.1	OG0014861.3
nan	nan	-2.9126729482025246	nan	nan
OG0005722.0	OG0047945.0	OG0017338.1	OG0004461.4	OG0001862.2
nan	nan	nan	nan	nan
OG0026952.0	OG0012193.0	OG0034276.0	OG0044364.0	OG0025814.0
nan	nan	nan	nan	nan
OG0008242.3	OG0060542.0	OG0049030.0	OG0005355.1	OG0000537.8
nan	nan	nan	-3.1053180261449205	-0.7223722523409946
OG0046373.0	OG0037772.0	OG0035712.0	OG0002300.0	OG0016302.8
nan	nan	nan	-1.4872168790826374	nan
OG0012902.0	OG0021967.0	OG0060444.0	OG0037731.0	OG0005049.0
nan	nan	nan	nan	-1.4811627575634883
OG0008531.0	OG0017867.2	OG0005337.4	OG0016977.2	OG0000483.0
nan	nan	nan	nan	-1.2327689629761245
OG0041931.0	OG0003079.0	OG0022767.0	OG0002766.0	OG0013450.0
nan	nan	nan	-0.6665762662748083	nan
OG0057095.0	OG0000877.0	OG0007322.0	OG0012129.10	OG0019034.6
nan	-1.1844245711374275	nan	nan	nan
OG0002763.0	OG0006749.7	OG0046758.0	OG0045754.0	OG0008738.4
nan	nan	nan	nan	nan
OG0043940.0	OG0008640.19	OG0019771.0	OG0008356.17	OG0006215.0
nan	nan	nan	nan	nan
OG0060547.0	OG0037798.0	OG0008221.2	OG0027498.0	OG0045899.0
nan	nan	nan	nan	nan
OG0024064.0	OG0017253.6	OG0002358.24	OG0009852.2	OG0002484.5
nan	nan	nan	nan	-0.40717224521571527
OG0029237.0	OG0037991.0	OG0057319.0	OG0003975.0	OG0022914.0
nan	nan	nan	nan	nan
OG0048027.0	OG0010958.0	OG0007051.0	OG0005130.24	OG0027473.0
nan	nan	nan	-3.130365444186607	nan
OG0015563.1	OG0003565.14	OG0020975.0	OG0044743.0	OG0017123.3
nan	nan	nan	nan	nan
OG0013865.2	OG0026537.0	OG0020320.0	OG0010117.20	OG0012862.0
nan	nan	nan	nan	-1.414268267034073
OG0000876.20	OG0038778.0	OG0010063.10	OG0014527.2	OG0000412.1
-0.9423071328316541	nan	nan	nan	-1.5274082542630671
OG0019652.0	OG0015099.0	OG0001704.1	OG0000921.32	OG0044213.0
nan	nan	nan	-1.7631706645136003	nan
OG0020754.0	OG0000855.24	OG0045522.0	OG0018795.6	OG0056712.0
nan	-0.9186603725480612	nan	nan	nan
OG0041951.0	OG0057045.0	OG0020626.0	OG0003904.0	OG0007588.4
nan	nan	nan	nan	nan
OG0034541.0	OG0005042.6	OG0045428.0	OG0010855.2	OG0024304.0
nan	-0.8502203694240974	nan	nan	nan
OG0024492.0	OG0000881.3	OG0046798.0	OG0027665.0	OG0004395.1
nan	-1.6241542753321765	nan	nan	nan
OG0004639.6	OG0045831.0	OG0049151.0	OG0043640.0	OG0009156.13
nan	nan	nan	nan	nan
OG0000288.196	OG0028292.0	OG0019497.0	OG0028435.0	OG0041751.0
nan	nan	nan	nan	nan
OG0008067.0	OG0002283.0	OG0004946.5	OG0017834.1	OG0016467.4
-2.1259506362447746	-0.9509269033456944	nan	nan	nan
OG0057116.0	OG0001545.0	OG0017207.2	OG0013948.0	OG0047215.0
nan	nan	nan	nan	nan
OG0047343.0	OG0011991.0	OG0011689.4	OG0006563.0	OG0046516.0
nan	nan	nan	nan	nan
OG0002594.0	OG0000481.49	OG0002385.0	OG0014761.4	OG0016645.1
nan	-1.550887680450584	nan	nan	nan
OG0012902.0	OG0021944.0	OG0056654.0	OG0020471.0	OG0007015.0
nan	nan	nan	nan	nan
OG0047563.0	OG0034920.0	OG0007348.0	OG0045394.0	OG0041859.0
nan	nan	nan	nan	nan
OG0028214.0	OG0043614.0	OG0002966.2	OG0021970.0	OG0000757.36
nan	nan	-1.4799549759601824	nan	-1.2709040918628955
OG0001724.10	OG0020628.0	OG0048002.0	OG0043889.0	OG0038152.0
-2.1335271702841525	nan	nan	nan	nan
OG0043944.0	OG0017287.5	OG0005473.2	OG0053834.0	OG0047156.0
nan	nan	nan	nan	nan
OG0015134.10	OG0041663.0	OG0015785.0	OG0020444.0	OG0043811.0
nan	nan	nan	nan	nan
OG0002810.2	OG0015714.7	OG0008764.0	OG0043686.0	OG0004749.2
-0.5086086399651577	nan	nan	nan	-2.6117553466077004
OG0015813.7	OG0002444.1	OG0046636.0	OG0018575.5	OG0000057.0
nan	-0.18360509083087875	nan	nan	-0.27945885245340113
OG0018193.2	OG0027864.0	OG0057188.0	OG0010996.0	OG0045027.0
nan	nan	nan	nan	nan
OG0022014.0	OG0009889.2	OG0013909.8	OG0016824.0	OG0048168.0
nan	nan	nan	nan	nan
OG0006105.0	OG0047165.0	OG0011891.8	OG0005435.0	OG0006713.0
nan	nan	nan	-0.921663428878821	nan
OG0000268.165	OG0005972.0	OG0028224.0	OG0007088.30	OG0012714.0
nan	nan	nan	nan	nan
OG0008212.0	OG0046297.0	OG0003304.0	OG0025742.0	OG0011263.7
nan	nan	nan	nan	nan
OG0002666.2	OG0005717.2	OG0015651.4	OG0045483.0	OG0044211.0
nan	nan	nan	nan	nan
OG0019194.0	OG0005106.0	OG0006037.18	OG0007478.0	OG0020507.0
nan	nan	nan	nan	nan
OG0006443.2	OG0015357.0	OG0045093.0	OG0003966.0	OG0022254.0
nan	nan	nan	nan	-1.5623461216538077
OG0000002.1059	OG0006747.20	OG0034635.0	OG0010624.0	OG0003664.0
nan	nan	nan	nan	nan
OG0012073.2	OG0028372.0	OG0044584.0	OG0004440.1	OG0029062.0
nan	nan	nan	-3.7036894392919075	nan
OG0019419.0	OG0002840.0	OG0009039.2	OG0006950.4	OG0001068.1
nan	nan	-2.3481331652347563	nan	nan
OG0014988.0	OG0044560.0	OG0000331.1	OG0002473.24	OG0004877.0
nan	nan	nan	nan	-1.817053505488898
OG0043507.0	OG0023033.0	OG0053948.0	OG0046817.0	OG0027228.0
nan	nan	nan	nan	nan
OG0025799.0	OG0043944.0	OG0004549.24	OG0010842.0	OG0013817.2
nan	nan	nan	nan	nan
OG0002122.0	OG0016628.5	OG0027529.0	OG0000005.559	OG0047551.0
nan	nan	nan	nan	nan
OG0037787.0	OG0012395.1	OG0009966.4	OG0043571.0	OG0005816.7
nan	nan	nan	nan	nan
OG0028968.0	OG0001379.1	OG0006678.4	OG0012064.0	OG0022597.0
nan	nan	nan	-2.2515387669959646	nan
OG0000255.174	OG0045829.0	OG0003128.0	OG0007073.12	OG0022992.0
-1.2636115992965395	nan	nan	nan	nan
OG0048102.0	OG0000412.76	OG0016796.4	OG0005461.0	OG0041532.0
nan	nan	nan	nan	nan
OG0001426.2	OG0023188.0	OG0000354.184	OG0005161.25	OG0005522.8
nan	nan	nan	nan	nan
OG0045252.0	OG0011758.5	OG0017833.2	OG0016393.4	OG0020037.0
nan	nan	nan	nan	nan
OG0028073.0	OG0019004.6	OG0013800.0	OG0015074.9	OG0015931.5
nan	nan	nan	nan	nan
OG0015349.0	OG0035628.0	OG0018637.6	OG0013618.1	OG0046784.0
nan	nan	nan	nan	nan
OG0007838.0	OG0022657.0	OG0009098.2	OG0015121.8	OG0012889.0
-1.1880358246898064	-2.310432456049533	nan	nan	-3.001154617941492
OG0000962.24	OG0003446.0	OG0027803.0	OG0014660.0	OG0011909.7
-3.8360891280083074	nan	nan	nan	nan
OG0004998.0	OG0001389.24	OG0023729.0	OG0030108.0	OG0043355.0
nan	nan	nan	nan	nan
OG0006246.0	OG0020622.0	OG0005904.2	OG0008644.19	OG0006748.0
nan	nan	nan	nan	nan
OG0005147.4	OG0047426.0	OG0056524.0	OG0005378.40	OG0025172.0
-3.139235797371172	nan	nan	nan	nan
OG0008117.0	OG0002123.0	OG0047583.0	OG0006770.1	OG0008746.2
nan	nan	nan	-2.354759487354735	nan
OG0009194.1	OG0005698.42	OG0013014.0	OG0022297.0	OG0001438.24
nan	nan	nan	nan	nan
OG0026274.0	OG0029022.0	OG0046626.0	OG0044921.0	OG0010675.4
nan	nan	nan	nan	nan
OG0020457.0	OG0046754.0	OG0008145.4	OG0005140.0	OG0007028.3
nan	nan	nan	nan	nan
OG0004290.0	OG0008628.0	OG0013920.1	OG0014623.3	OG0043748.0
nan	nan	nan	nan	nan
OG0002468.2	OG0047202.0	OG0034815.0	OG0046413.0	OG0010100.0
nan	nan	nan	nan	nan
OG0010601.5	OG0035038.0	OG0017552.6	OG0044374.0	OG0001806.0
nan	nan	nan	nan	nan
OG0011649.14	OG0057006.0	OG0002194.0	OG0024741.0	OG0011384.8
nan	nan	-0.7417826104639821	nan	nan
OG0012462.14	OG0028199.0	OG0003440.0	OG0005257.0	OG0009451.4
nan	nan	nan	nan	nan
OG0025040.0	OG0023061.0	OG0022831.0	OG0047030.0	OG0001592.24
nan	nan	nan	nan	nan
OG0019362.0	OG0012881.2	OG0049042.0	OG0004235.0	OG0027702.0
nan	nan	nan	nan	nan
OG0008985.0	OG0014017.4	OG0047182.0	OG0044387.0	OG0004512.2
nan	nan	nan	nan	nan
OG0038760.0	OG0043598.0	OG0018845.0	OG0025867.0	OG0056853.0
nan	nan	nan	nan	nan
OG0014660.0	OG0025093.0	OG0045544.0	OG0000561.24	OG0018362.5
nan	nan	nan	-1.6952553422813692	nan
OG0056652.0	OG0023469.0	OG0002294.0	OG0008330.6	OG0005875.0
nan	nan	nan	nan	-1.9384311507319976
OG0012965.0	OG0053969.0	OG0005188.2	OG0005456.4	OG0018110.0
nan	nan	-1.2155797753822157	-1.4868124796291446	nan
OG0014033.0	OG0005012.2	OG0016628.5	OG0011278.4	OG0007720.0
nan	-1.0162493516450748	nan	nan	-3.250165425587271
OG0014056.0	OG0047011.0	OG0000955.28	OG0008735.0	OG0007281.9
nan	nan	nan	nan	-2.2202780187929276
OG0024775.0	OG0012935.0	OG0038715.0	OG0008103.4	OG0015463.6
nan	nan	nan	nan	nan
OG0022393.0	OG0008151.2	OG0021457.0	OG0005060.2	OG0045946.0
nan	nan	nan	nan	nan
OG0034782.0	OG0012337.3	OG0002470.79	OG0000673.80	OG0024810.0
nan	nan	nan	nan	nan
OG0008171.0	OG0018378.2	OG0053848.0	OG0008124.0	OG0024802.0
nan	nan	nan	nan	nan
OG0021995.0	OG0037998.0	OG0013578.4	OG0023139.0	OG0028079.0
nan	nan	nan	nan	nan
OG0044879.0	OG0000000.1571	OG0005823.12	OG0003725.5	OG0003640.42
nan	-2.3569750419865634	nan	-1.8328990310369249	nan
OG0018027.1	OG0005342.24	OG0043692.0	OG0003916.0	OG0047378.0
nan	nan	nan	-2.937878288092203	nan
OG0000371.137	OG0045789.0	OG0006169.1	OG0047213.0	OG0002516.0
nan	nan	nan	nan	nan
OG0027636.0	OG0018117.2	OG0044712.0	OG0007619.0	OG0012534.2
nan	nan	nan	nan	nan
OG0012434.10	OG0028798.0	OG0018759.2	OG0025867.0	OG0000004.778
nan	nan	nan	nan	nan
OG0022793.0	OG0034477.0	OG0001329.24	OG0045278.0	OG0024678.0
nan	nan	nan	nan	-1.8458056750072103
OG0038782.0	OG0056699.0	OG0012231.1	OG0005239.0	OG0024787.0
nan	nan	nan	nan	nan
OG0034455.0	OG0018078.1	OG0018479.0	OG0027666.0	OG0048128.0
nan	nan	-0.8653847555748917	nan	nan
OG0020255.0	OG0018477.0	OG0047540.0	OG0019302.0	OG0001556.24
nan	nan	nan	nan	nan
OG0000623.24	OG0002294.0	OG0004939.0	OG0022252.0	OG0028511.0
-0.9378782880922025	nan	-1.6268251092468837	nan	nan
OG0004343.11	OG0003912.0	OG0006024.0	OG0008122.4	OG0000765.3
nan	-3.0185857004000316	nan	-0.9367731980030187	nan
OG0056527.0	OG0046260.0	OG0015351.0	OG0002434.0	OG0018913.6
nan	nan	nan	-1.701341684435485	nan
OG0009203.0	OG0001216.24	OG0019444.0	OG0034789.0	OG0015031.3
nan	nan	nan	nan	nan
OG0017764.3	OG0029048.0	OG0007110.29	OG0024552.0	OG0001103.24
nan	nan	nan	nan	nan
OG0013147.0	OG0018475.3	OG0017221.3	OG0002209.38	OG0041954.0
nan	nan	nan	-1.3496030533302108	nan
OG0011529.8	OG0016820.0	OG0000483.0	OG0045626.0	OG0001851.13
nan	nan	-1.2327689629761245	nan	-1.5568177330077777
OG0046224.0	OG0020396.0	OG0007382.1	OG0013430.11	OG0016821.5
nan	nan	nan	nan	nan
OG0044660.0	OG0014619.0	OG0057479.0	OG0015616.1	OG0008143.4
nan	nan	nan	nan	nan
OG0044117.0	OG0000833.0	OG0046973.0	OG0012308.1	OG0002119.0
nan	nan	nan	nan	nan
OG0010867.13	OG0000397.3	OG0013111.11	OG0000059.5	OG0004730.4
nan	nan	nan	nan	nan
OG0008224.0	OG0021370.0	OG0041634.0	OG0006551.0	OG0044424.0
nan	nan	nan	nan	nan
OG0006139.0	OG0028281.0	OG0016185.4	OG0054085.0	OG0013645.0
nan	nan	nan	nan	nan
OG0019480.0	OG0004879.3	OG0046799.0	OG0012131.2	OG0027161.0
nan	nan	nan	nan	nan
OG0056919.0	OG0045544.0	OG0045510.0	OG0035749.0	OG0010926.16
nan	nan	nan	nan	nan
OG0005291.6	OG0010820.11	OG0045751.0	OG0001967.0	OG0022304.0
nan	nan	nan	-1.5700359564830535	nan
OG0008869.1	OG0024858.0	OG0020408.0	OG0044695.0	OG0044576.0
nan	nan	nan	nan	nan
OG0012938.1	OG0010074.0	OG0013871.2	OG0003504.8	OG0013041.6
nan	nan	nan	nan	nan
OG0000392.25	OG0006809.5	OG0006189.2	OG0024500.0	OG0029989.0
nan	nan	nan	nan	nan
OG0014028.0	OG0028935.0	OG0006074.0	OG0007063.22	OG0004520.2
nan	nan	-0.8921782440871464	nan	nan
OG0045636.0	OG0000799.22	OG0015744.0	OG0010660.4	OG0023624.0
nan	-1.5568177330077777	nan	nan	nan
OG0000385.81	OG0028050.0	OG0044558.0	OG0020747.0	OG0024834.0
-1.322649622804822	nan	nan	nan	nan
OG0005185.26	OG0010022.0	OG0002644.24	OG0008032.1	OG0047230.0
nan	nan	nan	nan	nan
OG0002230.0	OG0007156.2	OG0024682.0	OG0013151.1	OG0021307.0
-0.5981511252639242	nan	nan	nan	nan
OG0057579.0	OG0024637.0	OG0004557.0	OG0003945.0	OG0044934.0
nan	nan	nan	nan	nan
OG0002753.0	OG0003565.14	OG0022368.0	OG0044540.0	OG0000873.24
nan	nan	nan	nan	-1.7908586021614084
OG0005298.1	OG0008278.4	OG0045945.0	OG0025896.0	OG0047982.0
nan	nan	nan	nan	nan
OG0004559.0	OG0008720.0	OG0007816.0	OG0035047.0	OG0041719.0
nan	nan	-2.0782590139204995	nan	nan
OG0034943.0	OG0005075.6	OG0041896.0	OG0002589.0	OG0021349.0
nan	nan	nan	-0.45442694396496797	nan
OG0019602.0	OG0029594.0	OG0015759.0	OG0003775.0	OG0005073.0
nan	nan	nan	nan	-1.2216231890916769
OG0035661.0	OG0009990.14	OG0023395.0	OG0007999.8	OG0046090.0
nan	nan	nan	nan	nan
OG0045588.0	OG0027065.0	OG0045222.0	OG0041572.0	OG0013554.0
nan	nan	nan	nan	nan
OG0013542.6	OG0000389.1	OG0004889.28	OG0028428.0	OG0020762.0
nan	nan	nan	nan	nan
OG0006884.2	OG0008684.0	OG0045677.0	OG0001639.24	OG0007125.8
nan	nan	nan	nan	nan
OG0002797.0	OG0029559.0	OG0022427.0	OG0021463.0	OG0003132.0
-0.9810810178369486	nan	nan	nan	-3.9273042047254334
OG0041811.0	OG0011890.6	OG0027200.0	OG0006984.0	OG0049005.0
nan	nan	nan	nan	nan
OG0028970.0	OG0056761.0	OG0001998.0	OG0037790.0	OG0034861.0
nan	nan	nan	nan	nan
OG0007309.0	OG0000273.0	OG0005706.0	OG0022054.0	OG0046629.0
nan	-0.47915034959192476	nan	nan	nan
OG0044622.0	OG0002822.4	OG0000251.0	OG0037720.0	OG0029090.0
nan	-0.7280962937367248	-0.9159357352115255	nan	nan
OG0057236.0	OG0015486.2	OG0047052.0	OG0012398.0	OG0044566.0
nan	nan	nan	nan	nan
OG0011159.0	OG0014832.6	OG0000048.38	OG0053850.0	OG0038638.0
nan	nan	nan	nan	nan
OG0021673.0	OG0005624.0	OG0047100.0	OG0000009.802	OG0001839.6
nan	-1.7178567712185016	nan	nan	nan
OG0045193.0	OG0008959.14	OG0047009.0	OG0006526.0	OG0003137.0
nan	nan	nan	nan	nan
OG0016264.2	OG0001147.24	OG0012906.6	OG0000217.183	OG0016137.4
nan	nan	nan	nan	nan
OG0011514.11	OG0006992.4	OG0005952.0	OG0047323.0	OG0013236.0
nan	nan	nan	nan	nan
OG0004603.0	OG0001758.4	OG0006696.0	OG0049122.0	OG0044004.0
nan	-0.9785202725895487	nan	nan	nan
OG0022175.0	OG0013262.2	OG0047198.0	OG0007266.2	OG0027146.0
nan	nan	nan	nan	nan
OG0046525.0	OG0007987.0	OG0012106.0	OG0057517.0	OG0012496.8
nan	nan	nan	nan	nan
OG0016148.4	OG0027126.0	OG0004380.22	OG0012310.1	OG0015673.5
nan	nan	nan	nan	nan
OG0016109.1	OG0027843.0	OG0005657.2	OG0044559.0	OG0044037.0
nan	nan	nan	nan	nan
OG0001025.23	OG0025020.0	OG0056706.0	OG0023402.0	OG0003448.0
-1.2716005413289375	nan	nan	nan	nan
OG0005869.0	OG0013236.0	OG0002636.1	OG0005621.0	OG0014352.0
-1.779917739350753	nan	nan	nan	nan
OG0045593.0	OG0007852.0	OG0004740.53	OG0000142.1	OG0043483.0
nan	nan	nan	nan	nan
OG0023629.0	OG0016199.2	OG0046927.0	OG0001812.2	OG0012125.2
nan	nan	nan	-1.5353317329965557	nan
OG0004816.10	OG0021350.0	OG0046516.0	OG0016189.4	OG0008099.0
nan	-1.3606752108291549	nan	nan	-0.37763184758309515
OG0054041.0	OG0047517.0	OG0002721.1	OG0008762.0	OG0000002.1495
nan	nan	-1.8525630411825191	nan	-1.677610316549785
OG0000641.120	OG0018664.5	OG0000758.2	OG0006403.0	OG0003642.0
-2.5278241963276145	nan	-0.7408179196618127	nan	-1.415037499278844
OG0000334.9	OG0015258.7	OG0016117.2	OG0027607.0	OG0057156.0
-0.4353779475630195	nan	nan	nan	nan
OG0002838.0	OG0041918.0	OG0017915.4	OG0027903.0	OG0035810.0
nan	nan	nan	nan	nan
OG0018860.2	OG0007874.12	OG0015934.8	OG0022805.0	OG0003750.8
nan	nan	nan	nan	-1.6077925010310299
OG0003472.3	OG0018088.5	OG0037957.0	OG0015595.5	OG0034622.0
-1.509224518327078	nan	nan	nan	nan
OG0010163.0	OG0022894.0	OG0003420.0	OG0025733.0	OG0000426.114
nan	nan	nan	nan	nan
OG0012348.13	OG0057066.0	OG0027123.0	OG0019702.0	OG0013816.9
nan	nan	nan	nan	nan
OG0010892.0	OG0005975.16	OG0046902.0	OG0012691.6	OG0005875.0
nan	nan	nan	nan	-1.9384311507319976
OG0018119.6	OG0010916.6	OG0019298.0	OG0005333.0	OG0001828.65
nan	nan	nan	nan	-0.9414756881592
OG0044768.0	OG0013255.2	OG0015130.9	OG0024558.0	OG0043360.0
nan	nan	nan	nan	nan
OG0025816.0	OG0000283.117	OG0000531.38	OG0003209.0	OG0026912.0
nan	nan	-1.3269863847103913	nan	nan
OG0008874.19	OG0007027.0	OG0008728.0	OG0046699.0	OG0001812.2
nan	nan	nan	nan	-1.5353317329965557
OG0053776.0	OG0016958.2	OG0011573.0	OG0002581.4	OG0027647.0
nan	nan	nan	-1.1814766179337017	nan
OG0035596.0	OG0004053.9	OG0001651.17	OG0002677.13	OG0016619.8
nan	nan	nan	nan	nan
OG0020608.0	OG0002317.3	OG0014524.2	OG0007820.0	OG0016922.2
nan	-3.068543859087288	nan	nan	nan
OG0009072.0	OG0004757.2	OG0015817.7	OG0054010.0	OG0020598.0
nan	nan	nan	nan	nan
OG0034955.0	OG0035618.0	OG0000973.2	OG0056611.0	OG0003787.0
nan	nan	nan	nan	nan
OG0053974.0	OG0024285.0	OG0004459.0	OG0044463.0	OG0012530.0
nan	nan	nan	nan	nan
OG0017143.5	OG0045253.0	OG0011358.12	OG0013914.9	OG0015546.3
nan	nan	nan	nan	nan
OG0003920.14	OG0019680.0	OG0005557.0	OG0038715.0	OG0034565.0
-1.1877071551267289	nan	nan	nan	nan
OG0002121.0	OG0005302.10	OG0004442.0	OG0025015.0	OG0048809.0
nan	nan	nan	nan	nan
OG0008185.0	OG0011142.10	OG0000244.36	OG0044481.0	OG0007110.22
nan	nan	nan	nan	nan
OG0026969.0	OG0009980.2	OG0007561.6	OG0027698.0	OG0019566.0
nan	nan	nan	-1.961844798974031	nan
OG0000169.1	OG0005435.0	OG0006588.0	OG0011498.6	OG0001120.26
nan	-0.921663428878821	nan	nan	nan
OG0000805.29	OG0000751.0	OG0012387.5	OG0021196.0	OG0045322.0
-2.5907448533151625	-1.6859415911417395	nan	nan	nan
OG0010845.0	OG0027470.0	OG0000653.1	OG0008963.0	OG0016405.5
nan	nan	nan	nan	nan
OG0014067.0	OG0009292.1	OG0010655.2	OG0029240.0	OG0047180.0
nan	nan	nan	nan	nan
OG0001227.24	OG0013262.2	OG0016707.2	OG0035761.0	OG0015893.1
nan	nan	nan	nan	nan
OG0014106.1	OG0006846.0	OG0013996.0	OG0017745.4	OG0010884.0
nan	nan	nan	nan	nan
OG0002121.0	OG0045585.0	OG0022341.0	OG0005392.0	OG0006963.0
nan	nan	-2.930160374931366	nan	nan
OG0020503.0	OG0006150.0	OG0010162.0	OG0003162.80	OG0045459.0
nan	-2.276485124126195	nan	nan	nan
OG0012494.14	OG0028090.0	OG0037915.0	OG0034641.0	OG0038810.0
nan	nan	nan	nan	nan
OG0045957.0	OG0020906.0	OG0000177.8	OG0011214.2	OG0011595.16
nan	nan	-1.1697446758323171	nan	nan
OG0057507.0	OG0045619.0	OG0043448.0	OG0004528.0	OG0005273.11
nan	nan	nan	nan	nan
OG0020922.0	OG0002952.14	OG0056879.0	OG0010519.1	OG0043383.0
nan	nan	nan	nan	nan
OG0025085.0	OG0027925.0	OG0025050.0	OG0016451.0	OG0022983.0
nan	nan	nan	nan	nan
OG0043421.0	OG0018449.0	OG0056785.0	OG0013577.0	OG0002708.0
nan	nan	nan	-2.0746081599075428	-0.7140651920561273
OG0006239.4	OG0002241.0	OG0004759.3	OG0026975.0	OG0006197.0
nan	nan	nan	nan	nan
OG0024537.0	OG0027013.0	OG0060526.0	OG0034653.0	OG0006167.0
nan	nan	nan	nan	nan
OG0009810.0	OG0046381.0	OG0034534.0	OG0010660.4	OG0002994.0
nan	nan	nan	nan	-0.6677217169430707
OG0034296.0	OG0043988.0	OG0046183.0	OG0014716.0	OG0016877.0
nan	nan	nan	nan	nan
OG0011338.3	OG0014614.0	OG0003260.25	OG0024750.0	OG0021348.0
nan	nan	nan	nan	nan
OG0017841.6	OG0025743.0	OG0007269.1	OG0014650.4	OG0002090.0
nan	nan	nan	nan	nan
OG0013727.2	OG0019317.0	OG0018808.6	OG0056725.0	OG0000837.0
nan	nan	nan	nan	-0.896200256842332
OG0037798.0	OG0045264.0	OG0057414.0	OG0004596.0	OG0013853.0
nan	nan	nan	-1.1034568841441008	nan
OG0044391.0	OG0028372.0	OG0013044.2	OG0012059.8	OG0028129.0
nan	nan	nan	nan	nan
OG0004655.2	OG0000599.0	OG0004664.15	OG0045731.0	OG0016841.3
nan	-0.9962538607671053	nan	nan	nan
OG0011460.2	OG0060519.0	OG0004791.0	OG0047589.0	OG0035650.0
nan	nan	-1.3473987824034805	nan	nan
OG0025647.0	OG0012069.0	OG0006547.0	OG0002983.24	OG0010859.1
nan	nan	nan	nan	nan
OG0022843.0	OG0016758.3	OG0000505.0	OG0014605.5	OG0047100.0
nan	nan	-1.1115392304419596	nan	nan
OG0007518.0	OG0002149.0	OG0014523.10	OG0028058.0	OG0006825.0
nan	nan	nan	nan	nan
OG0035563.0	OG0028973.0	OG0024566.0	OG0006738.0	OG0047197.0
nan	nan	nan	nan	nan
OG0015150.0	OG0012234.0	OG0001779.0	OG0047978.0	OG0004980.0
nan	nan	nan	nan	nan
OG0011641.1	OG0011938.0	OG0010602.0	OG0002130.0	OG0044672.0
nan	-1.7235628895637176	-1.6656605600930732	nan	nan
OG0034845.0	OG0025778.0	OG0001022.34	OG0027490.0	OG0001534.44
nan	nan	nan	nan	-1.8815073741305954
OG0010170.17	OG0006636.0	OG0016006.7	OG0013816.1	OG0048169.0
nan	nan	nan	nan	nan
OG0000001.2899	OG0003297.0	OG0019161.0	OG0003856.24	OG0007794.5
-0.7214204495415766	nan	nan	nan	nan
OG0045602.0	OG0009240.7	OG0010797.0	OG0045765.0	OG0000987.19
nan	nan	nan	nan	-1.8003747643422678
OG0014328.0	OG0001533.2	OG0007094.3	OG0012902.0	OG0014806.4
nan	-0.9770995978899212	nan	nan	nan
OG0003323.0	OG0024288.0	OG0001503.3	OG0047013.0	OG0017223.6
-1.9674759343078005	nan	-1.5950968778548693	nan	nan
OG0007001.0	OG0008768.2	OG0021470.0	OG0046789.0	OG0021351.0
nan	nan	nan	nan	nan
OG0004105.26	OG0041646.0	OG0015647.2	OG0005361.21	OG0046037.0
-5.35225263174416	nan	nan	nan	nan
OG0011555.2	OG0009914.2	OG0025354.0	OG0025126.0	OG0004912.22
nan	nan	nan	nan	nan
OG0012716.0	OG0000242.29	OG0000173.0	OG0000463.51	OG0022348.0
nan	-1.4441838449383604	-0.8054085972262663	-2.152644433771633	nan
OG0014705.5	OG0004725.0	OG0010579.4	OG0008297.0	OG0027511.0
nan	-1.9094175236375577	nan	nan	nan
OG0007343.0	OG0011410.1	OG0007086.1	OG0007119.0	OG0015956.8
nan	nan	nan	nan	nan
OG0027797.0	OG0013550.8	OG0057458.0	OG0044702.0	OG0038704.0
nan	nan	nan	nan	nan
OG0024641.0	OG0025683.0	OG0002236.0	OG0022279.0	OG0025918.0
nan	nan	nan	nan	nan
OG0017813.6	OG0000185.5	OG0038124.0	OG0005802.1	OG0046986.0
nan	-0.61285807160283	nan	nan	nan
OG0007840.0	OG0044067.0	OG0006796.0	OG0000411.0	OG0025897.0
-2.0197552951466102	nan	nan	-1.1165355818976774	nan
OG0000141.8	OG0054010.0	OG0049030.0	OG0011993.0	OG0016713.6
-0.4763376860395076	nan	nan	-2.0954195650786827	nan
OG0046438.0	OG0000724.26	OG0015239.2	OG0020408.0	OG0029340.0
nan	-0.622598569214206	nan	nan	nan
OG0019833.0	OG0045810.0	OG0034602.0	OG0026987.0	OG0007187.0
nan	nan	nan	nan	nan
OG0001056.26	OG0014416.5	OG0006602.0	OG0034435.0	OG0000223.2
-2.7690592238760594	nan	-1.7269019108215087	nan	-1.087426774325152
OG0021279.0	OG0025851.0	OG0027642.0	OG0045466.0	OG0010911.0
nan	nan	nan	nan	nan
OG0012869.5	OG0012247.0	OG0000932.1	OG0021463.0	OG0004522.18
nan	nan	nan	nan	-3.320486120713456
OG0044357.0	OG0011400.5	OG0020702.0	OG0056712.0	OG0046072.0
nan	nan	nan	nan	nan
OG0009203.0	OG0007406.0	OG0003624.1	OG0022578.0	OG0004139.0
nan	nan	nan	nan	-0.9896498118304331
OG0014260.0	OG0016454.7	OG0041691.0	OG0000741.0	OG0057504.0
nan	nan	nan	nan	nan
OG0034957.0	OG0027060.0	OG0010077.0	OG0044078.0	OG0029120.0
nan	nan	nan	nan	nan
OG0007124.2	OG0054001.0	OG0041518.0	OG0006851.4	OG0024877.0
nan	nan	nan	nan	nan
OG0045986.0	OG0013244.11	OG0006128.2	OG0044810.0	OG0028144.0
nan	nan	nan	nan	nan
OG0001520.24	OG0043779.0	OG0003125.10	OG0044967.0	OG0057320.0
nan	nan	nan	nan	nan
OG0018471.2	OG0016604.0	OG0007018.0	OG0000923.0	OG0048109.0
nan	nan	nan	-0.41773304664948757	nan
OG0012406.10	OG0014748.1	OG0016259.4	OG0045818.0	OG0019367.0
nan	nan	nan	nan	nan
OG0016892.2	OG0026983.0	OG0026556.0	OG0004973.2	OG0012163.0
nan	nan	nan	-1.6161713128375652	-1.5972778231543954
OG0019297.0	OG0027718.0	OG0047049.0	OG0022347.0	OG0038722.0
nan	nan	nan	nan	nan
OG0004023.0	OG0043557.0	OG0021057.0	OG0004903.1	OG0002550.0
nan	nan	nan	nan	-1.7878664924662442
OG0043736.0	OG0041874.0	OG0008959.20	OG0004527.0	OG0046143.0
nan	nan	nan	nan	nan
OG0003694.2	OG0008530.2	OG0002882.0	OG0000012.1	OG0006396.7
-1.3025820060825506	nan	-1.965220841951981	-0.10423206821567078	-1.5790595438629198
OG0045136.0	OG0000544.0	OG0025049.0	OG0024661.0	OG0018172.3
nan	-2.061300186760664	nan	nan	nan
OG0001388.12	OG0041959.0	OG0041838.0	OG0019071.5	OG0018788.0
-2.0661252582846443	nan	nan	nan	-1.4363537305159362
OG0000005.126	OG0016999.2	OG0035070.0	OG0046419.0	OG0009815.0
nan	nan	nan	nan	nan
OG0044444.0	OG0017014.0	OG0011540.2	OG0041649.0	OG0003407.1
nan	nan	nan	nan	nan
OG0014612.0	OG0041808.0	OG0010912.7	OG0008733.10	OG0008282.0
nan	nan	nan	nan	nan
OG0015365.0	OG0011290.2	OG0045808.0	OG0000601.1	OG0006673.0
nan	nan	nan	nan	nan
OG0034990.0	OG0010134.19	OG0045834.0	OG0008933.0	OG0038685.0
nan	nan	nan	nan	nan
OG0044431.0	OG0023963.0	OG0034272.0	OG0011906.10	OG0008126.4
nan	nan	nan	nan	-0.6279394176678392
OG0024557.0	OG0043651.0	OG0000396.57	OG0029064.0	OG0016162.0
nan	nan	nan	nan	nan
OG0010779.2	OG0046512.0	OG0005328.10	OG0009155.0	OG0046797.0
nan	nan	nan	nan	nan
OG0027772.0	OG0026126.0	OG0005815.0	OG0030016.0	OG0013850.0
nan	nan	nan	nan	nan
OG0025994.0	OG0002308.0	OG0045585.0	OG0013504.0	OG0029564.0
nan	nan	nan	-3.663465233713253	nan
OG0012174.6	OG0018478.0	OG0011584.2	OG0034401.0	OG0038932.0
nan	nan	nan	nan	nan
OG0002936.4	OG0000402.0	OG0057165.0	OG0013157.2	OG0057148.0
-2.668409424133763	-0.6989977439671857	nan	nan	nan
OG0012627.1	OG0046587.0	OG0044669.0	OG0009274.0	OG0011015.6
nan	nan	nan	nan	nan
OG0003843.12	OG0057149.0	OG0006016.4	OG0004444.0	OG0060486.0
nan	nan	nan	nan	nan
OG0008086.6	OG0018126.5	OG0014146.2	OG0035545.0	OG0001230.26
nan	nan	nan	nan	nan
OG0002197.0	OG0026218.0	OG0021256.0	OG0013819.1	OG0015338.0
-0.8833690879636935	nan	nan	nan	nan
OG0001489.105	OG0046588.0	OG0027568.0	OG0010869.7	OG0047288.0
nan	nan	nan	nan	nan
OG0046473.0	OG0007930.0	OG0015594.3	OG0044679.0	OG0047431.0
nan	nan	nan	nan	nan
OG0001275.26	OG0045268.0	OG0060396.0	OG0018820.2	OG0018355.6
nan	nan	nan	nan	nan
OG0043908.0	OG0024592.0	OG0048862.0	OG0003648.0	OG0002418.9
nan	nan	nan	nan	-1.2529134169721818
OG0034300.0	OG0045164.0	OG0022338.0	OG0045409.0	OG0016994.3
nan	nan	nan	nan	nan
OG0047614.0	OG0002834.0	OG0017405.4	OG0008581.0	OG0044408.0
nan	nan	nan	nan	nan
OG0041967.0	OG0047086.0	OG0002757.0	OG0006917.0	OG0045237.0
nan	nan	-3.15200309344505	nan	nan
OG0025171.0	OG0034817.0	OG0023113.0	OG0018441.3	OG0002787.0
nan	nan	nan	nan	-0.7720125412654069
OG0000249.0	OG0024482.0	OG0017895.4	OG0027732.0	OG0027556.0
-0.5998993169845188	nan	nan	nan	nan
OG0007310.0	OG0044736.0	OG0008073.0	OG0011140.0	OG0026584.0
nan	nan	nan	nan	nan
OG0000242.190	OG0053937.0	OG0022058.0	OG0006415.0	OG0013763.1
nan	nan	nan	nan	nan
OG0011579.2	OG0011133.0	OG0001882.4	OG0047123.0	OG0013750.0
nan	nan	-3.325539348439741	nan	-1.5644780786560724
OG0004226.0	OG0056947.0	OG0045695.0	OG0004920.24	OG0004049.8
-2.41119543298445	nan	nan	nan	-1.3532843389226457
OG0012329.4	OG0046546.0	OG0041957.0	OG0046574.0	OG0003649.6
nan	nan	nan	nan	nan
OG0011467.0	OG0007841.1	OG0044751.0	OG0049020.0	OG0048963.0
nan	-2.175924643748438	nan	nan	nan
OG0025201.0	OG0045721.0	OG0034893.0	OG0045234.0	OG0046352.0
nan	nan	nan	nan	nan
OG0043362.0	OG0022251.0	OG0009988.0	OG0044501.0	OG0011485.0
nan	nan	nan	nan	nan
OG0053970.0	OG0005011.0	OG0010869.7	OG0020505.0	OG0017519.5
nan	nan	nan	nan	nan
OG0041862.0	OG0022314.0	OG0000945.1	OG0000039.0	OG0019210.0
nan	-2.0040452120579486	nan	-0.23158274510390153	nan
OG0048948.0	OG0022165.0	OG0007905.18	OG0002907.66	OG0046913.0
nan	nan	nan	nan	nan
OG0008741.10	OG0034844.0	OG0007301.2	OG0014845.2	OG0002781.2
nan	nan	nan	nan	-0.9088756663388353
OG0044942.0	OG0001413.1	OG0012683.2	OG0005533.0	OG0006505.0
nan	nan	nan	nan	nan
OG0029014.0	OG0034802.0	OG0057150.0	OG0025077.0	OG0026948.0
nan	nan	nan	nan	nan
OG0008182.0	OG0029075.0	OG0056585.0	OG0001698.26	OG0054120.0
nan	nan	nan	nan	nan
OG0004335.0	OG0000955.28	OG0000283.1	OG0021987.0	OG0043451.0
nan	nan	-1.6402539530945293	nan	nan
OG0020419.0	OG0008528.0	OG0053923.0	OG0000208.18	OG0003453.0
nan	-1.8023861903089258	nan	-0.3315177504586711	nan
OG0007980.0	OG0030009.0	OG0003728.31	OG0057289.0	OG0047142.0
nan	nan	nan	nan	nan
OG0013814.3	OG0006421.0	OG0010611.4	OG0034543.0	OG0037787.0
nan	-1.016833084220665	nan	nan	nan
OG0006109.16	OG0012651.6	OG0034839.0	OG0016753.2	OG0057236.0
nan	nan	nan	nan	nan
OG0015067.3	OG0007649.2	OG0000269.0	OG0035691.0	OG0007020.8
nan	nan	-1.0794780212096609	nan	nan
OG0029610.0	OG0003476.0	OG0002902.14	OG0025695.0	OG0011264.1
nan	nan	-1.0779544229680562	nan	-2.9748294242650943
OG0009013.2	OG0022450.0	OG0027413.0	OG0008246.0	OG0025941.0
-1.4115791795064325	-1.567040592723894	nan	nan	nan
OG0014343.0	OG0017166.0	OG0057393.0	OG0027579.0	OG0054113.0
nan	nan	nan	nan	nan
OG0017858.0	OG0013875.2	OG0041511.0	OG0043728.0	OG0003894.0
nan	nan	nan	nan	-1.4477213090095638
OG0009315.7	OG0005225.0	OG0049019.0	OG0001545.0	OG0030026.0
-1.6985294125100983	-1.874613394634186	nan	nan	nan
OG0034795.0	OG0010834.8	OG0002529.86	OG0029560.0	OG0009249.0
nan	nan	nan	nan	nan
OG0006529.0	OG0018392.0	OG0002285.24	OG0000219.0	OG0053845.0
nan	nan	-1.8567372069613801	0.4762261325462324	nan
OG0017936.0	OG0001153.25	OG0003172.0	OG0009823.12	OG0019081.5
nan	nan	nan	nan	nan
OG0005259.0	OG0027060.0	OG0025673.0	OG0006696.0	OG0048144.0
-2.0493076402243706	nan	nan	nan	nan
OG0017766.5	OG0060432.0	OG0000949.3	OG0011398.0	OG0000000.2172
nan	nan	-0.49086158428228954	nan	nan
OG0046307.0	OG0018383.2	OG0017359.4	OG0045037.0	OG0005585.0
nan	nan	nan	nan	-0.6684094241337628
OG0054007.0	OG0012811.9	OG0008506.0	OG0019312.0	OG0011717.6
nan	nan	nan	nan	nan
OG0022854.0	OG0022295.0	OG0047296.0	OG0045738.0	OG0053991.0
nan	nan	nan	nan	nan
OG0014991.0	OG0005190.4	OG0013521.0	OG0025974.0	OG0057559.0
nan	nan	nan	nan	nan
OG0007418.4	OG0053948.0	OG0004052.1	OG0000103.2	OG0043354.0
-1.4679324477109694	nan	nan	-0.6239319288663145	nan
OG0046574.0	OG0018529.6	OG0007073.12	OG0017970.4	OG0029511.0
nan	nan	nan	nan	-1.2591156024823411
OG0044395.0	OG0023008.0	OG0008463.1	OG0002134.0	OG0005886.2
nan	nan	nan	nan	nan
OG0046976.0	OG0011006.0	OG0002710.32	OG0000962.24	OG0046160.0
nan	nan	nan	-3.8360891280083074	nan
OG0046086.0	OG0002899.2	OG0001398.24	OG0044286.0	OG0009086.4
nan	-2.1165355818976774	nan	nan	nan
OG0004203.0	OG0002915.0	OG0046474.0	OG0002623.11	OG0044649.0
-2.610873773075296	-1.3277104474813686	nan	-1.509224518327078	nan
OG0005465.0	OG0000805.29	OG0003270.25	OG0020972.0	OG0046453.0
nan	-2.5907448533151625	nan	nan	nan
OG0001640.130	OG0002446.4	OG0049031.0	OG0047032.0	OG0056723.0
nan	-0.8577826381961765	nan	nan	nan
OG0001693.0	OG0001895.0	OG0007104.0	OG0006093.15	OG0020284.0
-2.0631076980109504	nan	-0.5758303511973623	nan	nan
OG0043823.0	OG0000054.0	OG0012420.0	OG0054018.0	OG0003442.0
nan	-0.4819685073978307	nan	nan	nan
OG0044768.0	OG0027761.0	OG0001572.24	OG0029553.0	OG0038704.0
nan	nan	nan	nan	nan
OG0015863.3	OG0000340.72	OG0048130.0	OG0046952.0	OG0005108.0
nan	-1.0232697793228471	nan	nan	nan
OG0000005.131	OG0007110.8	OG0056669.0	OG0044866.0	OG0020442.0
-1.6099927379084407	nan	nan	nan	nan
OG0017443.5	OG0022908.0	OG0003736.12	OG0002420.1	OG0000848.32
nan	nan	-3.50930665531027	nan	-5.250989273543925
OG0000752.25	OG0015100.0	OG0010640.0	OG0016063.0	OG0005513.0
nan	nan	-1.495735558650761	nan	nan
OG0001196.1	OG0038783.0	OG0018146.2	OG0000771.24	OG0003059.10
nan	nan	nan	-1.4445764684381	-1.720707009302416
OG0008381.1	OG0001758.4	OG0046138.0	OG0002331.0	OG0006970.0
nan	-0.9785202725895487	nan	nan	nan
OG0043857.0	OG0045400.0	OG0018441.3	OG0014113.6	OG0004694.0
nan	nan	nan	nan	nan
OG0057348.0	OG0034775.0	OG0043589.0	OG0000401.0	OG0021369.0
nan	nan	nan	-0.9638131971521541	nan
OG0044367.0	OG0044485.0	OG0005147.4	OG0000000.305	OG0010973.0
nan	nan	-3.139235797371172	nan	-0.8847003559744527
OG0041789.0	OG0018407.0	OG0029199.0	OG0011466.0	OG0045476.0
nan	nan	nan	nan	nan
OG0010748.0	OG0006307.4	OG0056899.0	OG0001654.84	OG0016465.0
nan	nan	nan	-3.4018635095087983	nan
OG0044291.0	OG0056776.0	OG0044393.0	OG0011889.2	OG0005280.1
nan	nan	nan	nan	nan
OG0043797.0	OG0011473.0	OG0046929.0	OG0029954.0	OG0019473.0
nan	nan	nan	nan	nan
OG0000116.0	OG0003543.0	OG0006511.0	OG0010782.2	OG0012467.10
-0.9276883599775736	-1.8365012677171206	nan	nan	nan
OG0001696.0	OG0027607.0	OG0000777.0	OG0007320.10	OG0022876.0
-2.175272872767897	nan	-1.2877123795494496	nan	nan
OG0027046.0	OG0008151.2	OG0010077.0	OG0034811.0	OG0049179.0
nan	nan	nan	nan	nan
OG0044415.0	OG0005226.0	OG0017072.1	OG0001401.24	OG0007976.0
nan	nan	nan	nan	nan
OG0015956.8	OG0003643.2	OG0045798.0	OG0045142.0	OG0012831.0
nan	nan	nan	nan	-1.7734914701913203
OG0045342.0	OG0001421.30	OG0047129.0	OG0048863.0	OG0008926.4
nan	nan	nan	nan	nan
OG0034584.0	OG0013808.2	OG0006928.9	OG0001472.0	OG0027832.0
nan	-1.0270868234812223	nan	nan	nan
OG0000007.560	OG0048900.0	OG0013072.9	OG0027692.0	OG0000000.169
nan	nan	nan	nan	-1.2065618582775808
OG0044416.0	OG0020795.0	OG0022894.0	OG0002788.4	OG0004304.0
nan	nan	nan	-0.4111954329844497	nan
OG0035023.0	OG0012806.6	OG0012255.0	OG0021941.0	OG0043382.0
nan	nan	nan	nan	nan
OG0029955.0	OG0057283.0	OG0053909.0	OG0015316.0	OG0045393.0
nan	nan	nan	nan	nan
OG0057462.0	OG0038692.0	OG0045167.0	OG0002112.8	OG0043646.0
nan	nan	nan	nan	nan
OG0057308.0	OG0045638.0	OG0009110.6	OG0017298.6	OG0014503.2
nan	nan	nan	nan	nan
OG0008300.2	OG0022189.0	OG0001291.1	OG0004732.0	OG0000048.4
nan	nan	nan	nan	nan
OG0013827.0	OG0026975.0	OG0000549.1	OG0014784.4	OG0001692.24
nan	nan	-0.10314692710329343	nan	nan
OG0060501.0	OG0018407.0	OG0019357.0	OG0006623.0	OG0006571.8
nan	nan	nan	nan	nan
OG0019487.0	OG0044138.0	OG0002557.1	OG0005322.4	OG0003541.1
nan	nan	nan	nan	-1.4603696753153335
OG0045633.0	OG0003892.6	OG0023104.0	OG0009836.16	OG0023431.0
nan	nan	nan	-2.173970213500261	nan
OG0019003.1	OG0028302.0	OG0007687.1	OG0017782.2	OG0045608.0
nan	nan	nan	nan	nan
OG0019038.6	OG0029621.0	OG0004354.0	OG0008245.0	OG0029231.0
nan	nan	-1.4568010998066674	nan	-13.287712379549449
OG0022655.0	OG0041787.0	OG0019401.0	OG0004103.6	OG0026884.0
nan	nan	nan	nan	nan
OG0015611.5	OG0006898.0	OG0007663.0	OG0048021.0	OG0004958.0
nan	nan	nan	nan	-3.808134187800376
OG0003362.0	OG0018155.0	OG0006855.18	OG0019677.0	OG0000566.0
nan	nan	nan	-0.9887906385796966	-1.3306103379871632
OG0001580.0	OG0002414.10	OG0023393.0	OG0007639.5	OG0013169.10
-0.7280962937367248	nan	nan	nan	nan
OG0045045.0	OG0045179.0	OG0046612.0	OG0056719.0	OG0041913.0
nan	nan	nan	nan	nan
OG0000207.1	OG0007871.0	OG0013513.2	OG0012760.0	OG0007073.12
nan	-1.6882643980207304	nan	nan	nan
OG0000427.25	OG0001965.0	OG0020507.0	OG0010694.1	OG0013164.0
nan	-1.9907961726701602	nan	nan	nan
OG0008693.8	OG0012076.2	OG0000026.780	OG0003260.63	OG0000584.0
nan	nan	-0.9509269033456944	nan	1.6572284011610958
OG0001954.0	OG0011557.3	OG0027520.0	OG0034546.0	OG0027169.0
nan	nan	nan	nan	nan
OG0038021.0	OG0000015.1	OG0048075.0	OG0007199.4	OG0034914.0
nan	0.08963373610689557	nan	nan	nan
OG0023100.0	OG0034816.0	OG0002792.1	OG0009012.4	OG0005087.2
nan	nan	-2.5303223701828106	nan	-0.4741315765598182
OG0020637.0	OG0027767.0	OG0015232.7	OG0027885.0	OG0016676.4
nan	nan	nan	nan	nan
OG0006747.18	OG0054134.0	OG0000096.194	OG0000658.0	OG0018036.3
nan	nan	-1.3695945285176767	-1.0344557997682955	nan
OG0018004.2	OG0035855.0	OG0020450.0	OG0000918.1	OG0024749.0
nan	nan	nan	nan	nan
OG0000673.80	OG0035793.0	OG0016978.1	OG0002027.0	OG0003773.2
nan	nan	nan	nan	nan
OG0026924.0	OG0041523.0	OG0012102.0	OG0019335.0	OG0006377.0
nan	nan	nan	nan	nan
OG0038167.0	OG0002310.20	OG0003563.2	OG0049041.0	OG0016696.0
nan	-1.3473987824034805	-0.822656211718274	nan	nan
OG0021393.0	OG0017970.4	OG0004579.2	OG0060465.0	OG0010168.13
nan	nan	-2.0368218438261088	nan	nan
OG0005961.0	OG0020568.0	OG0013977.6	OG0018953.1	OG0005651.0
nan	nan	nan	nan	nan
OG0018019.3	OG0000218.208	OG0048026.0	OG0060533.0	OG0011277.2
nan	nan	nan	nan	nan
OG0034916.0	OG0009124.0	OG0011483.4	OG0011664.0	OG0045611.0
nan	nan	nan	nan	nan
OG0012185.0	OG0003941.6	OG0020474.0	OG0046178.0	OG0013949.0
-0.4540316308947075	-1.1162228024837937	nan	nan	nan
OG0005890.2	OG0006999.0	OG0020422.0	OG0023407.0	OG0021389.0
nan	nan	nan	nan	nan
OG0005762.0	OG0027485.0	OG0003360.2	OG0037903.0	OG0008311.1
nan	-1.6665762662748083	nan	nan	nan
OG0018019.3	OG0003159.77	OG0001499.24	OG0011155.4	OG0035694.0
nan	nan	nan	nan	nan
OG0002448.22	OG0013307.6	OG0056701.0	OG0043526.0	OG0007437.0
-1.5911794654711495	nan	nan	nan	nan
OG0007495.0	OG0046345.0	OG0038782.0	OG0001508.1	OG0005885.2
nan	nan	nan	nan	nan
OG0007531.3	OG0002503.0	OG0041536.0	OG0026889.0	OG0025859.0
-0.3656855401435524	-13.287712379549449	nan	nan	nan
OG0000499.2	OG0006589.0	OG0021103.0	OG0022784.0	OG0020631.0
-0.6679509162510257	nan	nan	nan	nan
OG0003860.1	OG0006596.0	OG0024336.0	OG0013588.0	OG0014436.1
-0.4483117305610369	nan	nan	nan	nan
OG0000004.1194	OG0046170.0	OG0028482.0	OG0000258.1	OG0009226.0
nan	nan	nan	-0.39175848673728125	nan
OG0017467.1	OG0003649.42	OG0041682.0	OG0005156.4	OG0027206.0
nan	nan	nan	-0.2594609513866566	nan
OG0009996.0	OG0012759.0	OG0007126.0	OG0008959.5	OG0016262.0
nan	0.4137023887821764	nan	nan	nan
OG0014498.7	OG0044357.0	OG0007628.0	OG0043585.0	OG0029564.0
nan	nan	nan	nan	nan
OG0002411.40	OG0045894.0	OG0046309.0	OG0048811.0	OG0003751.0
-2.11966711132536	nan	nan	nan	-1.495735558650761
OG0004113.4	OG0056770.0	OG0057147.0	OG0004865.2	OG0008554.0
-1.2048980418771755	nan	nan	-3.5071726120774884	-1.414268267034073
OG0019219.0	OG0001072.136	OG0043331.0	OG0016685.8	OG0000862.1
nan	nan	nan	nan	nan
OG0018607.0	OG0054116.0	OG0013146.11	OG0007110.29	OG0007850.16
-2.691522623405039	nan	nan	nan	nan
OG0009995.2	OG0045189.0	OG0046307.0	OG0010111.0	OG0003809.0
nan	nan	nan	-1.0637107053513444	-2.6933877756246023
OG0000120.105	OG0045530.0	OG0015537.0	OG0013512.2	OG0015753.2
-0.8722346718514549	nan	nan	nan	nan
OG0011932.2	OG0000291.0	OG0011931.6	OG0004758.4	OG0020947.0
nan	-1.0901885012916617	nan	nan	nan
OG0014722.4	OG0009235.12	OG0003085.79	OG0028208.0	OG0017853.0
nan	nan	nan	nan	nan
OG0044459.0	OG0038051.0	OG0004858.0	OG0045060.0	OG0002739.0
nan	nan	-2.280685112655481	nan	nan
OG0038655.0	OG0015194.2	OG0003746.1	OG0046491.0	OG0010136.8
nan	nan	-2.568323558607367	nan	nan
OG0044695.0	OG0012961.6	OG0046291.0	OG0046304.0	OG0013735.9
nan	nan	nan	nan	nan
OG0002385.0	OG0005734.0	OG0013206.11	OG0008541.0	OG0019921.0
nan	nan	nan	nan	nan
OG0005164.5	OG0000397.30	OG0056806.0	OG0034381.0	OG0020517.0
nan	nan	nan	nan	-3.3606752108291547
OG0000035.3	OG0016781.4	OG0003746.1	OG0020571.0	OG0006404.2
-1.989649811830433	nan	-2.568323558607367	nan	nan
OG0015090.1	OG0002898.1	OG0024571.0	OG0046938.0	OG0001862.118
nan	nan	nan	nan	nan
OG0022447.0	OG0045876.0	OG0025912.0	OG0044938.0	OG0018382.0
nan	nan	nan	nan	nan
OG0007235.10	OG0011477.0	OG0028464.0	OG0004046.0	OG0006399.1
nan	nan	nan	-0.41676977290008077	-1.3470317311253557
OG0016462.8	OG0006240.0	OG0020427.0	OG0028204.0	OG0046106.0
nan	nan	nan	nan	nan
OG0045822.0	OG0002054.0	OG0018472.4	OG0004699.1	OG0005947.0
nan	nan	nan	nan	nan
OG0010026.2	OG0020734.0	OG0022580.0	OG0015482.1	OG0023081.0
nan	nan	nan	nan	nan
OG0034525.0	OG0008480.3	OG0011651.2	OG0002006.0	OG0024463.0
nan	nan	nan	nan	nan
OG0024497.0	OG0047395.0	OG0047497.0	OG0004066.0	OG0009225.9
nan	nan	nan	-2.3518106972818624	nan
OG0011005.1	OG0049195.0	OG0025906.0	OG0001229.1	OG0044167.0
nan	nan	nan	nan	nan
OG0001112.46	OG0014267.7	OG0012889.0	OG0057576.0	OG0001345.24
-1.4994018758485306	nan	-3.001154617941492	nan	nan
OG0045796.0	OG0027125.0	OG0007891.24	OG0000433.1	OG0038749.0
nan	nan	nan	-0.7386497209790194	nan
OG0047989.0	OG0012968.0	OG0016360.1	OG0028117.0	OG0004225.4
nan	nan	nan	nan	nan
OG0012036.6	OG0000552.139	OG0045835.0	OG0046119.0	OG0057390.0
nan	nan	nan	nan	nan
OG0054005.0	OG0027841.0	OG0006869.4	OG0045277.0	OG0048858.0
nan	nan	-1.6339716008428806	nan	nan
OG0019537.0	OG0007952.5	OG0034480.0	OG0003145.0	OG0017974.4
nan	nan	nan	nan	nan
OG0000059.11	OG0048955.0	OG0005339.7	OG0027757.0	OG0018962.0
nan	nan	nan	nan	nan
OG0000975.0	OG0021275.0	OG0023608.0	OG0008757.0	OG0012699.1
-1.317246938769454	nan	nan	nan	nan
OG0002190.24	OG0006706.0	OG0025956.0	OG0056803.0	OG0047347.0
nan	nan	nan	nan	nan
OG0000002.2	OG0007586.18	OG0029086.0	OG0018878.3	OG0011518.0
-0.6243766560710968	nan	nan	nan	nan
OG0044109.0	OG0047177.0	OG0046563.0	OG0015674.7	OG0011171.2
nan	nan	nan	nan	nan
OG0012003.1	OG0011524.0	OG0001929.1	OG0056840.0	OG0000459.0
-0.09280166227408403	nan	nan	nan	-1.0667295284676728
OG0008625.0	OG0021634.0	OG0047968.0	OG0038106.0	OG0010621.0
nan	nan	nan	nan	nan
OG0021959.0	OG0006749.7	OG0011887.5	OG0027537.0	OG0046677.0
nan	nan	nan	nan	nan
OG0014219.10	OG0045886.0	OG0008554.0	OG0025725.0	OG0056705.0
nan	nan	-1.414268267034073	nan	nan
OG0006250.0	OG0005078.0	OG0002815.62	OG0016579.4	OG0025971.0
nan	nan	-0.9916565414706651	nan	nan
OG0022015.0	OG0004159.23	OG0038116.0	OG0045476.0	OG0004573.1
nan	nan	nan	nan	-1.8344417455388262
OG0009065.0	OG0011263.7	OG0016634.8	OG0008467.0	OG0004544.8
nan	nan	nan	nan	-1.890037746601182
OG0016430.7	OG0019246.0	OG0027732.0	OG0001220.24	OG0014822.3
nan	nan	nan	nan	nan
OG0041824.0	OG0007928.0	OG0017937.0	OG0007026.0	OG0004825.0
nan	nan	nan	nan	nan
OG0057465.0	OG0018491.2	OG0001230.26	OG0009795.0	OG0006732.2
nan	nan	nan	nan	-2.0782590139204995
OG0001248.1	OG0007862.0	OG0012198.0	OG0000327.54	OG0047285.0
nan	nan	nan	-1.612196335466671	nan
OG0003660.2	OG0013309.0	OG0046292.0	OG0046274.0	OG0012142.2
nan	nan	nan	nan	nan
OG0056548.0	OG0023368.0	OG0034288.0	OG0019489.0	OG0005298.1
nan	nan	nan	nan	nan
OG0028898.0	OG0047353.0	OG0035605.0	OG0016691.7	OG0015652.8
nan	nan	nan	nan	nan
OG0020747.0	OG0060436.0	OG0025077.0	OG0004315.0	OG0022772.0
nan	nan	nan	-3.2122332300614325	nan
OG0005238.2	OG0048999.0	OG0053866.0	OG0003649.42	OG0003450.0
nan	nan	nan	nan	nan
OG0008557.0	OG0004848.14	OG0014582.0	OG0001462.24	OG0046761.0
nan	nan	nan	nan	nan
OG0045197.0	OG0000437.42	OG0000706.150	OG0016052.0	OG0008642.0
nan	-0.7621915704543797	nan	-2.5236701622428623	nan
OG0019034.6	OG0001417.24	OG0003245.24	OG0022025.0	OG0044308.0
nan	nan	-1.515810298851733	nan	nan
OG0034276.0	OG0006682.0	OG0001085.24	OG0008510.8	OG0028089.0
nan	nan	nan	nan	nan
OG0027394.0	OG0015625.5	OG0038048.0	OG0000596.1	OG0002963.0
nan	nan	nan	nan	nan
OG0002673.0	OG0001609.10	OG0005029.0	OG0003374.0	OG0011590.0
-1.2253288876731159	-1.8079321155203498	-0.6859415911417392	nan	nan
OG0028228.0	OG0002338.0	OG0024353.0	OG0002955.0	OG0012059.11
nan	-1.0603972796439562	nan	-0.9859304174983441	nan
OG0047363.0	OG0008483.2	OG0003787.0	OG0001790.24	OG0043628.0
nan	-2.0697546816853354	nan	-1.4908615842822894	nan
OG0026984.0	OG0060542.0	OG0003134.0	OG0003871.0	OG0013223.7
nan	nan	-1.4719288354212647	nan	nan
OG0028240.0	OG0002074.0	OG0041716.0	OG0011678.0	OG0000643.24
nan	nan	nan	nan	-0.9417527831453373
OG0000021.2	OG0046216.0	OG0014167.7	OG0045160.0	OG0007701.0
nan	nan	nan	nan	nan
OG0047409.0	OG0053912.0	OG0001879.0	OG0012709.0	OG0045094.0
nan	nan	nan	nan	nan
OG0009303.0	OG0000206.0	OG0014525.2	OG0045191.0	OG0007636.2
nan	-0.4279834868710595	nan	nan	nan
OG0025341.0	OG0013037.0	OG0028275.0	OG0034967.0	OG0026978.0
nan	nan	nan	nan	nan
OG0022596.0	OG0048992.0	OG0044889.0	OG0023082.0	OG0027821.0
nan	nan	nan	nan	nan
OG0015735.1	OG0019178.0	OG0046902.0	OG0006003.0	OG0006126.2
nan	nan	nan	nan	nan
OG0001223.1	OG0011658.14	OG0043587.0	OG0014243.7	OG0001612.0
nan	nan	nan	nan	-0.957075554826159
OG0056995.0	OG0014229.3	OG0041758.0	OG0006364.8	OG0011392.0
nan	nan	nan	-1.9714308478032292	nan
OG0022138.0	OG0053800.0	OG0028120.0	OG0056955.0	OG0011703.0
nan	nan	nan	nan	nan
OG0004062.6	OG0005177.0	OG0001288.1	OG0014097.5	OG0020975.0
nan	nan	nan	nan	nan
OG0000495.1	OG0018090.4	OG0046004.0	OG0060447.0	OG0009026.4
nan	nan	nan	nan	nan
OG0001001.1	OG0047293.0	OG0012237.2	OG0012494.14	OG0034971.0
-1.4516620244913798	nan	nan	nan	nan
OG0049072.0	OG0016697.6	OG0004581.24	OG0027219.0	OG0012736.4
nan	nan	nan	nan	-1.7636604608316264
OG0037700.0	OG0029100.0	OG0003684.4	OG0003592.0	OG0011168.0
nan	nan	nan	nan	nan
OG0045031.0	OG0048179.0	OG0043616.0	OG0035739.0	OG0023073.0
nan	nan	nan	nan	nan
OG0019644.0	OG0001301.24	OG0057205.0	OG0004396.0	OG0028067.0
nan	nan	nan	nan	nan
OG0046411.0	OG0044454.0	OG0024818.0	OG0018126.5	OG0002102.0
nan	nan	nan	nan	nan
OG0010668.0	OG0021930.0	OG0021626.0	OG0014987.3	OG0044800.0
nan	nan	nan	nan	nan
OG0043446.0	OG0038729.0	OG0019090.5	OG0008494.1	OG0038016.0
nan	nan	nan	nan	nan
OG0046422.0	OG0012272.0	OG0022246.0	OG0001472.0	OG0021104.0
nan	nan	nan	nan	nan
OG0009046.12	OG0044375.0	OG0057438.0	OG0029602.0	OG0004434.0
nan	nan	nan	nan	nan
OG0015991.5	OG0047040.0	OG0004422.0	OG0000058.46	OG0008366.0
nan	nan	nan	-0.7828933919166083	nan
OG0008502.5	OG0041649.0	OG0019859.0	OG0007032.0	OG0022750.0
nan	nan	nan	nan	nan
OG0002734.0	OG0017387.5	OG0020714.0	OG0025953.0	OG0000425.53
nan	nan	nan	nan	nan
OG0030076.0	OG0015973.0	OG0009861.0	OG0001546.1	OG0007541.2
nan	nan	nan	nan	nan
OG0003182.0	OG0007834.0	OG0011941.2	OG0000169.16	OG0023036.0
-1.3025820060825506	nan	nan	-0.5532144378568775	nan
OG0009187.0	OG0016857.2	OG0024355.0	OG0046908.0	OG0011460.2
nan	nan	nan	nan	nan
OG0022598.0	OG0000037.1	OG0008099.0	OG0017808.4	OG0024429.0
nan	-0.5102515668796646	-0.37763184758309515	nan	nan
OG0020772.0	OG0005949.0	OG0002012.0	OG0010302.3	OG0004617.12
nan	nan	nan	nan	nan
OG0053929.0	OG0000920.27	OG0060333.0	OG0027435.0	OG0021341.0
nan	nan	nan	nan	nan
OG0056653.0	OG0014152.1	OG0022166.0	OG0010934.11	OG0020853.0
nan	nan	nan	nan	nan
OG0038689.0	OG0027587.0	OG0045424.0	OG0022181.0	OG0003973.9
nan	nan	nan	nan	nan
OG0015937.7	OG0000585.5	OG0035021.0	OG0002817.63	OG0014987.3
nan	nan	nan	-1.1577854460390562	nan
OG0015709.7	OG0018876.3	OG0024679.0	OG0019354.0	OG0054013.0
nan	nan	nan	nan	nan
OG0013995.0	OG0057504.0	OG0008511.4	OG0002576.1	OG0014667.0
nan	nan	nan	nan	nan
OG0049042.0	OG0044441.0	OG0015090.1	OG0000601.27	OG0034349.0
nan	nan	nan	nan	nan
OG0027441.0	OG0016846.2	OG0007359.17	OG0012373.10	OG0003913.0
nan	nan	-1.5568177330077777	nan	-0.42178583452754587
OG0022751.0	OG0016680.0	OG0016323.2	OG0004534.0	OG0013860.0
nan	nan	nan	nan	nan
OG0043691.0	OG0000251.0	OG0024963.0	OG0014707.3	OG0047945.0
nan	-0.9159357352115255	nan	nan	nan
OG0060455.0	OG0037698.0	OG0046135.0	OG0002328.0	OG0029149.0
nan	nan	nan	nan	nan
OG0057576.0	OG0022428.0	OG0000616.40	OG0046176.0	OG0025866.0
nan	nan	-1.656535323845471	nan	nan
OG0044537.0	OG0057551.0	OG0057359.0	OG0047192.0	OG0025095.0
nan	nan	nan	nan	nan
OG0014994.2	OG0034847.0	OG0013042.0	OG0005404.46	OG0044758.0
nan	nan	nan	nan	nan
OG0005951.0	OG0021972.0	OG0017335.3	OG0020123.0	OG0011620.0
nan	nan	nan	nan	nan
OG0022171.0	OG0001844.24	OG0001005.133	OG0023204.0	OG0003073.0
nan	nan	nan	nan	-1.5525794954095031
OG0035622.0	OG0023935.0	OG0003978.4	OG0007407.0	OG0003347.8
nan	nan	nan	nan	-0.9705824531649082
OG0016393.4	OG0004379.8	OG0029232.0	OG0001245.24	OG0006362.0
nan	nan	nan	nan	nan
OG0011931.6	OG0044109.0	OG0044474.0	OG0002267.0	OG0016061.4
nan	nan	nan	nan	nan
OG0016067.1	OG0016434.0	OG0041902.0	OG0006765.2	OG0008307.16
nan	nan	nan	nan	nan
OG0046343.0	OG0008020.24	OG0047136.0	OG0027858.0	OG0043789.0
nan	nan	nan	nan	nan
OG0004464.0	OG0048819.0	OG0014175.6	OG0022879.0	OG0028184.0
nan	nan	nan	nan	nan
OG0046604.0	OG0006620.0	OG0012295.1	OG0022273.0	OG0023019.0
nan	nan	-2.1577854460390564	nan	nan
OG0012195.4	OG0003601.4	OG0022761.0	OG0056799.0	OG0041799.0
nan	-1.70509992828243	nan	nan	nan
OG0041787.0	OG0049179.0	OG0045768.0	OG0057475.0	OG0044602.0
nan	nan	nan	nan	nan
OG0012196.0	OG0018776.5	OG0023002.0	OG0004752.0	OG0015232.7
nan	nan	nan	-1.232091004767742	nan
OG0021298.0	OG0008703.18	OG0002532.34	OG0002085.0	OG0012674.4
nan	nan	-1.1798414652698352	nan	nan
OG0046853.0	OG0016008.4	OG0010561.1	OG0013595.2	OG0029972.0
nan	nan	nan	nan	nan
OG0035847.0	OG0025662.0	OG0024717.0	OG0016974.4	OG0020852.0
nan	nan	nan	nan	nan
OG0029987.0	OG0007878.0	OG0004107.0	OG0010780.2	OG0011326.2
nan	nan	nan	nan	nan
OG0054007.0	OG0008299.8	OG0004263.1	OG0028048.0	OG0011294.4
nan	nan	nan	nan	nan
OG0019305.0	OG0041783.0	OG0037789.0	OG0034751.0	OG0003951.8
nan	nan	nan	nan	-0.0008658768135616118
OG0006949.0	OG0037677.0	OG0038099.0	OG0022201.0	OG0020633.0
nan	nan	nan	nan	nan
OG0024673.0	OG0006803.10	OG0003925.0	OG0048828.0	OG0027779.0
nan	-1.9850734557618972	-0.9796578204828141	nan	nan
OG0004103.6	OG0001281.24	OG0011210.1	OG0005602.8	OG0010686.0
nan	nan	nan	nan	nan
OG0035664.0	OG0007865.1	OG0008868.1	OG0016298.6	OG0044090.0
nan	nan	nan	nan	nan
OG0010914.16	OG0003485.0	OG0004065.0	OG0003282.0	OG0003736.12
nan	nan	nan	nan	-3.50930665531027
OG0022185.0	OG0008487.1	OG0000152.222	OG0028217.0	OG0004390.1
nan	-2.2155797753822157	-1.3029379195026087	nan	-1.5466668025396115
OG0001210.24	OG0015680.0	OG0034594.0	OG0000034.305	OG0000208.1
nan	nan	nan	-0.9719967215272475	nan
OG0049022.0	OG0012904.0	OG0026657.0	OG0014028.0	OG0008678.1
nan	nan	nan	nan	nan
OG0044329.0	OG0057182.0	OG0012038.0	OG0005595.16	OG0011924.14
nan	nan	nan	nan	nan
OG0015546.3	OG0034754.0	OG0010785.14	OG0012225.0	OG0010029.0
nan	nan	nan	nan	nan
OG0020843.0	OG0000601.1	OG0012522.0	OG0000738.3	OG0010056.0
nan	nan	nan	nan	nan
OG0009033.6	OG0057475.0	OG0018950.4	OG0007275.0	OG0012773.4
nan	nan	nan	nan	nan
OG0028893.0	OG0005510.30	OG0027744.0	OG0015724.1	OG0006620.0
nan	nan	nan	nan	nan
OG0002698.0	OG0014327.2	OG0048851.0	OG0018036.3	OG0045800.0
-1.2705559931663366	nan	nan	nan	nan
OG0006249.0	OG0015722.5	OG0046450.0	OG0007424.1	OG0006486.0
nan	nan	nan	nan	nan
OG0044034.0	OG0003281.0	OG0044117.0	OG0020846.0	OG0002414.12
nan	nan	nan	nan	nan
OG0006583.0	OG0019586.0	OG0044531.0	OG0004250.7	OG0008121.6
nan	nan	nan	nan	nan
OG0004291.0	OG0046231.0	OG0010676.1	OG0003495.0	OG0017805.5
nan	nan	nan	nan	nan
OG0020682.0	OG0046417.0	OG0027213.0	OG0004235.0	OG0044528.0
nan	nan	nan	nan	nan
OG0000642.2	OG0004293.6	OG0035657.0	OG0000961.2	OG0000289.0
-0.7747250701304307	nan	nan	-0.43733017389729795	-0.9604404427442942
OG0029244.0	OG0008982.0	OG0004429.0	OG0026944.0	OG0045282.0
nan	-1.0391917746110202	nan	nan	nan
OG0041552.0	OG0023392.0	OG0044912.0	OG0035539.0	OG0043931.0
nan	nan	nan	nan	nan
OG0005828.2	OG0045610.0	OG0014799.4	OG0007638.14	OG0057399.0
nan	nan	nan	nan	nan
OG0038723.0	OG0007488.0	OG0015295.0	OG0002280.0	OG0002114.0
nan	-1.1253210507925446	nan	-2.186393225126173	nan
OG0046676.0	OG0045692.0	OG0007049.0	OG0043541.0	OG0057455.0
nan	nan	nan	nan	nan
OG0009969.2	OG0015290.0	OG0043990.0	OG0000640.9	OG0006086.0
nan	nan	nan	nan	nan
OG0034346.0	OG0004652.6	OG0041685.0	OG0047478.0	OG0022445.0
nan	-1.711228032752598	nan	nan	nan
OG0007277.0	OG0016418.3	OG0017761.3	OG0000031.0	OG0006910.0
nan	nan	nan	1.159047857642155	nan
OG0000283.117	OG0005032.2	OG0056773.0	OG0001182.24	OG0001576.0
nan	nan	nan	nan	-0.6130787177821835
OG0045530.0	OG0034591.0	OG0044342.0	OG0000832.31	OG0002667.22
nan	nan	nan	-0.6126374591640045	-1.4297313844218773
OG0021945.0	OG0044275.0	OG0020096.0	OG0046171.0	OG0002364.0
nan	nan	nan	nan	nan
OG0006413.1	OG0023193.0	OG0044165.0	OG0025220.0	OG0045925.0
-0.8424388239088116	nan	nan	nan	nan
OG0043411.0	OG0006722.0	OG0015931.5	OG0021469.0	OG0038052.0
nan	nan	nan	nan	nan
OG0045034.0	OG0045588.0	OG0038132.0	OG0043774.0	OG0009121.0
nan	nan	nan	nan	nan
OG0027619.0	OG0000318.0	OG0013654.3	OG0010932.14	OG0001205.24
nan	-1.6029637591278236	nan	nan	nan
OG0005081.18	OG0005567.0	OG0011492.0	OG0045454.0	OG0027874.0
nan	-1.4924844135207713	nan	nan	nan
OG0001684.0	OG0000052.0	OG0010145.0	OG0020599.0	OG0005608.1
-1.2954821145835616	-0.7781847721262978	nan	nan	nan
OG0001012.4	OG0022034.0	OG0013010.6	OG0038147.0	OG0000000.1990
-1.087426774325152	nan	nan	nan	-1.705570397890672
OG0012782.0	OG0020772.0	OG0018033.0	OG0007545.2	OG0024096.0
nan	nan	-1.7417826104639822	nan	nan
OG0011287.3	OG0043608.0	OG0019217.0	OG0005800.0	OG0054074.0
nan	nan	-1.0388953202709472	-2.1772290697332237	nan
OG0012778.4	OG0001193.1	OG0034363.0	OG0000769.0	OG0000673.80
nan	-1.121549296903336	nan	-2.8354711391186314	nan
OG0005101.0	OG0018845.0	OG0019184.0	OG0027041.0	OG0013264.4
1.6581429173977908	nan	nan	nan	nan
OG0011746.0	OG0000622.0	OG0000005.131	OG0006261.2	OG0011281.2
nan	-1.6633738342364643	-1.6099927379084407	nan	nan
OG0046327.0	OG0044325.0	OG0034978.0	OG0038866.0	OG0025470.0
nan	nan	nan	nan	nan
OG0034361.0	OG0001774.6	OG0013002.12	OG0030100.0	OG0047469.0
nan	-2.616171312837565	nan	nan	nan
OG0019522.0	OG0000597.1	OG0011451.1	OG0046544.0	OG0000095.15
nan	nan	-1.917569900054051	nan	nan
OG0001766.6	OG0012696.2	OG0044785.0	OG0017882.2	OG0006670.0
-1.5868392244091865	-1.8635460907313492	nan	nan	nan
OG0021294.0	OG0012971.0	OG0013524.0	OG0007911.0	OG0008379.16
nan	nan	nan	-2.0005771934627457	nan
OG0013606.4	OG0027213.0	OG0020662.0	OG0022585.0	OG0011665.16
nan	nan	nan	nan	nan
OG0053840.0	OG0045211.0	OG0045159.0	OG0013436.6	OG0013556.9
nan	nan	nan	nan	nan
OG0044213.0	OG0013017.9	OG0000020.626	OG0007767.2	OG0024573.0
nan	nan	-0.6001179899733253	nan	nan
OG0048017.0	OG0038050.0	OG0034418.0	OG0016204.2	OG0004513.4
nan	nan	nan	nan	-1.3215674662038475
OG0044505.0	OG0009064.0	OG0022303.0	OG0028452.0	OG0044857.0
nan	nan	nan	nan	nan
OG0025341.0	OG0027659.0	OG0014039.0	OG0020675.0	OG0003140.0
nan	nan	nan	nan	nan
OG0020595.0	OG0016628.5	OG0015595.4	OG0028032.0	OG0005328.10
nan	nan	nan	nan	nan
OG0022167.0	OG0018461.0	OG0000906.25	OG0008291.14	OG0023152.0
nan	nan	-2.547931769776189	nan	nan
OG0001588.0	OG0002789.1	OG0024064.0	OG0037831.0	OG0016701.8
-1.38458370273713	nan	nan	nan	nan
OG0017919.2	OG0002399.4	OG0003552.0	OG0021941.0	OG0021643.0
nan	-0.9298854973386719	nan	nan	nan
OG0012973.0	OG0012981.0	OG0006877.0	OG0027044.0	OG0029001.0
nan	nan	-4.234601043089887	nan	nan
OG0007151.0	OG0003114.0	OG0010078.3	OG0002661.24	OG0029612.0
nan	nan	nan	nan	nan
OG0000012.918	OG0046447.0	OG0017772.3	OG0004101.4	OG0007433.0
-0.3367920275193528	nan	nan	-1.088653555896428	nan
OG0020677.0	OG0016199.2	OG0054095.0	OG0001706.22	OG0045636.0
nan	nan	nan	nan	nan
OG0003693.0	OG0010791.5	OG0018415.0	OG0044290.0	OG0016039.0
nan	nan	nan	nan	-1.1726687293877394
OG0047116.0	OG0012472.2	OG0020263.0	OG0046679.0	OG0045039.0
nan	nan	nan	nan	nan
OG0000645.36	OG0044510.0	OG0018818.5	OG0019487.0	OG0034331.0
-2.061300186760664	nan	nan	nan	nan
OG0021441.0	OG0025762.0	OG0027337.0	OG0020745.0	OG0041560.0
nan	nan	nan	nan	nan
OG0029977.0	OG0020388.0	OG0046200.0	OG0046109.0	OG0021275.0
nan	nan	nan	nan	nan
OG0003452.0	OG0005135.4	OG0056734.0	OG0037918.0	OG0025087.0
-1.3606752108291549	nan	nan	nan	nan
OG0017917.0	OG0044637.0	OG0012906.6	OG0045986.0	OG0003020.3
nan	nan	nan	nan	-1.6335239064899043
OG0016076.2	OG0006286.4	OG0014034.0	OG0010715.3	OG0017474.3
nan	nan	nan	nan	nan
OG0008341.0	OG0000769.0	OG0045017.0	OG0015308.0	OG0001265.24
nan	-2.8354711391186314	nan	nan	nan
OG0000427.25	OG0021224.0	OG0027876.0	OG0006519.0	OG0046719.0
nan	nan	nan	nan	nan
OG0012905.4	OG0016660.3	OG0015378.0	OG0016405.5	OG0006256.0
nan	nan	nan	nan	nan
OG0017985.2	OG0008589.0	OG0003302.0	OG0003899.0	OG0018939.1
nan	nan	-1.1360615495760285	-0.3660573687643962	nan
OG0023011.0	OG0020940.0	OG0006646.0	OG0056516.0	OG0012981.0
nan	nan	nan	nan	nan
OG0007129.0	OG0038869.0	OG0057303.0	OG0049161.0	OG0054098.0
nan	nan	nan	nan	nan
OG0034637.0	OG0045134.0	OG0006499.0	OG0005927.14	OG0018051.0
nan	nan	nan	nan	nan
OG0014306.5	OG0008898.24	OG0048987.0	OG0016922.2	OG0024584.0
nan	nan	nan	nan	nan
OG0047366.0	OG0013864.2	OG0034551.0	OG0007958.13	OG0005948.0
nan	-2.4787482046301883	nan	nan	nan
OG0035795.0	OG0041543.0	OG0010137.6	OG0044310.0	OG0034825.0
nan	nan	nan	nan	nan
OG0044717.0	OG0046453.0	OG0003359.0	OG0021343.0	OG0001442.1
nan	nan	-1.865647613376637	nan	nan
OG0000321.2	OG0003077.15	OG0010151.0	OG0044573.0	OG0025138.0
nan	nan	nan	nan	nan
OG0045147.0	OG0004356.0	OG0038721.0	OG0027546.0	OG0043719.0
nan	-1.5253303408390566	nan	nan	nan
OG0045255.0	OG0044715.0	OG0004065.0	OG0027736.0	OG0049131.0
nan	nan	nan	nan	nan
OG0046744.0	OG0025889.0	OG0045716.0	OG0020868.0	OG0038104.0
nan	nan	nan	nan	nan
OG0001972.1	OG0004362.4	OG0045623.0	OG0043898.0	OG0043993.0
nan	nan	nan	nan	nan
OG0046056.0	OG0001432.24	OG0044566.0	OG0008505.0	OG0044455.0
nan	nan	nan	nan	nan
OG0013806.2	OG0038599.0	OG0047035.0	OG0015208.2	OG0024305.0
nan	nan	nan	nan	nan
OG0013658.3	OG0024659.0	OG0012142.2	OG0001457.24	OG0047485.0
nan	nan	nan	nan	nan
OG0035063.0	OG0045197.0	OG0035066.0	OG0056901.0	OG0047219.0
nan	nan	nan	nan	nan
OG0006611.0	OG0006316.0	OG0046653.0	OG0023086.0	OG0046055.0
nan	nan	nan	nan	nan
OG0013845.3	OG0043622.0	OG0010921.7	OG0038006.0	OG0021427.0
-1.520769438793664	nan	nan	nan	nan
OG0008402.1	OG0014934.10	OG0034975.0	OG0053912.0	OG0011578.3
nan	nan	nan	nan	nan
OG0000633.0	OG0010651.3	OG0009042.2	OG0000916.24	OG0011375.0
-0.5981511252639242	nan	nan	-0.7916076002093239	nan
OG0022026.0	OG0005278.1	OG0060443.0	OG0057389.0	OG0056901.0
nan	nan	nan	nan	nan
OG0002529.1	OG0011595.10	OG0057222.0	OG0001794.0	OG0046063.0
nan	nan	nan	-1.5903103720467409	nan
OG0018964.1	OG0009959.0	OG0030087.0	OG0002638.2	OG0029007.0
nan	nan	nan	nan	nan
OG0057362.0	OG0010638.3	OG0047988.0	OG0046095.0	OG0046627.0
nan	nan	nan	nan	nan
OG0045205.0	OG0016106.1	OG0047110.0	OG0002479.6	OG0001137.24
nan	nan	nan	-1.1645609467758746	nan
OG0024776.0	OG0013482.8	OG0003756.0	OG0004916.18	OG0046793.0
nan	nan	-1.29689930039584	nan	nan
OG0029574.0	OG0011078.1	OG0037957.0	OG0008677.1	OG0008505.0
nan	nan	nan	nan	nan
OG0048992.0	OG0006822.8	OG0009177.5	OG0002084.0	OG0016855.2
nan	nan	nan	nan	nan
OG0000283.91	OG0043615.0	OG0008178.0	OG0044238.0	OG0022298.0
nan	nan	nan	nan	nan
OG0053861.0	OG0013039.0	OG0027450.0	OG0044518.0	OG0045320.0
nan	nan	nan	nan	nan
OG0044744.0	OG0021273.0	OG0006769.1	OG0006737.2	OG0038678.0
nan	nan	nan	nan	nan
OG0038085.0	OG0045065.0	OG0005667.0	OG0016131.1	OG0019024.5
nan	nan	nan	nan	nan
OG0001629.5	OG0060350.0	OG0021234.0	OG0001880.0	OG0005438.0
-0.9759640645444906	nan	nan	nan	nan
OG0047253.0	OG0029034.0	OG0044163.0	OG0017827.5	OG0004116.4
nan	nan	nan	nan	-2.4540316308947077
OG0027453.0	OG0005678.1	OG0007116.0	OG0002164.0	OG0005816.7
-0.8807102316252489	-1.7710274302398392	1.1303378595937155	nan	nan
OG0014077.4	OG0012093.2	OG0016946.0	OG0015215.4	OG0000629.1
nan	nan	nan	nan	-0.7521939817807811
OG0027552.0	OG0016651.4	OG0000185.5	OG0007740.0	OG0003356.2
nan	nan	-0.61285807160283	-3.149440579377228	nan
OG0035622.0	OG0041611.0	OG0001396.24	OG0021278.0	OG0001492.24
nan	nan	nan	nan	nan
OG0004052.35	OG0017745.5	OG0014036.0	OG0010650.10	OG0009987.2
nan	nan	nan	-1.9959660987155103	nan
OG0012683.2	OG0044708.0	OG0000827.1	OG0006259.0	OG0000554.14
nan	nan	-2.2440015162022933	nan	-1.2636115992965395
OG0034486.0	OG0004449.0	OG0046048.0	OG0011349.2	OG0029086.0
nan	nan	nan	nan	nan
OG0018547.2	OG0015730.4	OG0010588.0	OG0047595.0	OG0025146.0
nan	nan	nan	nan	nan
OG0000604.1	OG0026942.0	OG0044071.0	OG0004793.6	OG0000981.24
-2.1297339296040176	-1.400110955040741	nan	-1.6479194862701374	nan
OG0060323.0	OG0015678.1	OG0037816.0	OG0053769.0	OG0004300.2
nan	nan	nan	nan	nan
OG0001499.24	OG0005866.20	OG0009985.2	OG0020000.0	OG0045772.0
nan	-2.5294891648227247	nan	nan	nan
OG0013318.9	OG0000438.1	OG0022399.0	OG0018939.1	OG0009224.3
nan	-1.550887680450584	nan	nan	nan
OG0013050.2	OG0006918.0	OG0029624.0	OG0001394.24	OG0006995.0
nan	nan	nan	nan	nan
OG0011261.0	OG0012446.6	OG0026903.0	OG0003227.2	OG0053909.0
nan	nan	nan	-0.9905094970525475	nan
OG0027507.0	OG0009772.3	OG0006110.22	OG0009051.0	OG0025694.0
nan	nan	nan	nan	nan
OG0045882.0	OG0002197.0	OG0001913.2	OG0003146.0	OG0019015.0
nan	-0.8833690879636935	nan	nan	nan
OG0012415.0	OG0047411.0	OG0034320.0	OG0020633.0	OG0049014.0
nan	nan	nan	nan	nan
OG0045116.0	OG0007528.0	OG0034399.0	OG0001615.25	OG0006164.18
nan	nan	nan	nan	nan
OG0007662.9	OG0000480.49	OG0016056.1	OG0038849.0	OG0044632.0
nan	nan	nan	nan	nan
OG0017364.0	OG0045834.0	OG0018000.0	OG0001189.24	OG0002793.4
nan	nan	nan	nan	nan
OG0044084.0	OG0024572.0	OG0017891.0	OG0001774.6	OG0003225.0
nan	nan	nan	-2.616171312837565	-1.872498780784163
OG0013852.4	OG0010900.0	OG0004838.0	OG0046506.0	OG0008959.7
nan	nan	nan	nan	nan
OG0007996.0	OG0046063.0	OG0022172.0	OG0004251.2	OG0011523.0
nan	nan	nan	-2.0421596732937672	nan
OG0010619.2	OG0041587.0	OG0015946.8	OG0045137.0	OG0038616.0
nan	nan	nan	nan	nan
OG0007052.0	OG0012485.13	OG0015920.2	OG0056871.0	OG0014365.0
nan	nan	nan	nan	nan
OG0034787.0	OG0004993.2	OG0016815.2	OG0006909.0	OG0024723.0
nan	nan	nan	nan	nan
OG0037898.0	OG0047136.0	OG0010968.6	OG0013794.11	OG0007256.0
nan	nan	nan	nan	nan
OG0005602.8	OG0054106.0	OG0035808.0	OG0057049.0	OG0035607.0
nan	nan	nan	nan	nan
OG0013582.0	OG0011467.0	OG0007313.0	OG0045881.0	OG0047033.0
nan	nan	nan	nan	nan
OG0034363.0	OG0011384.8	OG0000922.28	OG0003629.0	OG0004392.24
nan	nan	nan	-3.289121949804121	nan
OG0006491.0	OG0028196.0	OG0020612.0	OG0000724.26	OG0046595.0
nan	nan	nan	-0.622598569214206	nan
OG0003321.6	OG0000791.2	OG0006563.0	OG0011701.15	OG0009198.1
nan	-1.0362299689292374	nan	nan	nan
OG0043596.0	OG0003504.8	OG0007236.0	OG0012234.0	OG0019170.0
nan	nan	nan	nan	nan
OG0003879.4	OG0022058.0	OG0028438.0	OG0011967.2	OG0003977.1
-2.1956159645586584	nan	nan	nan	nan
OG0012387.5	OG0012937.0	OG0023058.0	OG0027347.0	OG0043612.0
nan	nan	nan	nan	nan
OG0010728.0	OG0038857.0	OG0057003.0	OG0035548.0	OG0046988.0
nan	nan	nan	nan	nan
OG0038671.0	OG0034586.0	OG0014268.3	OG0001647.0	OG0056624.0
nan	nan	nan	-1.409278229990159	nan
OG0056648.0	OG0030132.0	OG0014196.6	OG0009947.2	OG0057249.0
nan	nan	nan	nan	nan
OG0006220.13	OG0006441.2	OG0010146.2	OG0034601.0	OG0044634.0
nan	-0.7702890381529761	-1.5661859155419728	nan	nan
OG0046203.0	OG0037971.0	OG0027719.0	OG0011733.0	OG0008535.12
nan	nan	nan	nan	nan
OG0020816.0	OG0046521.0	OG0014899.1	OG0025856.0	OG0034490.0
nan	nan	nan	nan	nan
OG0012431.10	OG0002529.1	OG0001807.19	OG0025173.0	OG0056531.0
nan	nan	-1.2643045364092311	nan	nan
OG0043923.0	OG0007175.0	OG0016263.0	OG0003494.6	OG0016430.1
nan	nan	nan	nan	nan
OG0000761.6	OG0020775.0	OG0002034.0	OG0004631.4	OG0007110.24
-1.1824585998485664	-2.3047188048551392	nan	nan	nan
OG0012882.0	OG0056802.0	OG0005384.1	OG0002344.12	OG0041805.0
nan	nan	nan	-0.6975932054422741	nan
OG0007844.0	OG0017195.0	OG0007100.3	OG0035625.0	OG0053995.0
nan	nan	nan	nan	nan
OG0026965.0	OG0019455.0	OG0012034.0	OG0017443.5	OG0046316.0
nan	nan	nan	nan	nan
OG0013925.3	OG0023758.0	OG0046221.0	OG0029165.0	OG0028089.0
nan	nan	nan	nan	nan
OG0017949.0	OG0046406.0	OG0027012.0	OG0025942.0	OG0005652.0
nan	nan	nan	nan	nan
OG0001329.24	OG0022252.0	OG0001960.2	OG0041848.0	OG0014529.2
nan	nan	nan	nan	nan
OG0049181.0	OG0023721.0	OG0046234.0	OG0012828.0	OG0046056.0
nan	nan	nan	nan	nan
OG0056763.0	OG0028132.0	OG0025060.0	OG0015207.2	OG0024292.0
nan	nan	nan	nan	nan
OG0007468.0	OG0005015.2	OG0013325.4	OG0005338.0	OG0027710.0
nan	-2.7427479467602125	nan	nan	nan
OG0057531.0	OG0008525.0	OG0019010.4	OG0008076.2	OG0003063.56
nan	nan	nan	nan	nan
OG0002014.0	OG0054023.0	OG0000898.1	OG0002368.0	OG0060400.0
nan	nan	nan	-0.7648856796236427	nan
OG0000412.1	OG0019586.0	OG0013159.5	OG0005246.0	OG0011268.5
-1.5274082542630671	nan	nan	nan	nan
OG0002161.0	OG0044340.0	OG0014265.10	OG0027739.0	OG0015134.8
nan	nan	nan	0.030124161455128837	nan
OG0005706.0	OG0026300.0	OG0002061.0	OG0004277.0	OG0004889.28
nan	nan	nan	nan	nan
OG0011308.6	OG0002676.13	OG0028203.0	OG0015167.4	OG0009007.0
nan	nan	nan	nan	nan
OG0046400.0	OG0018042.2	OG0046364.0	OG0045693.0	OG0012407.4
nan	nan	nan	nan	nan
OG0045174.0	OG0046671.0	OG0022830.0	OG0000006.231	OG0012049.16
nan	nan	nan	-0.859090493458338	nan
OG0008599.0	OG0001240.26	OG0009773.3	OG0008079.18	OG0001355.24
nan	nan	nan	nan	nan
OG0012048.12	OG0021030.0	OG0046101.0	OG0019182.0	OG0010518.2
nan	nan	nan	nan	nan
OG0003900.2	OG0004355.0	OG0024583.0	OG0030134.0	OG0004851.6
nan	-1.143054136717567	nan	nan	nan
OG0000553.6	OG0020787.0	OG0022476.0	OG0004406.0	OG0046055.0
-1.7150121530621574	nan	nan	nan	nan
OG0000129.29	OG0010515.0	OG0044593.0	OG0005970.0	OG0001964.1
nan	nan	nan	-1.8905725733138459	nan
OG0034716.0	OG0002379.2	OG0006865.6	OG0006658.28	OG0016829.0
nan	-0.7176195053613943	nan	nan	nan
OG0007149.0	OG0029581.0	OG0023491.0	OG0000000.626	OG0014803.4
nan	nan	nan	nan	nan
OG0008305.20	OG0005012.2	OG0005839.0	OG0027502.0	OG0011188.0
nan	-1.0162493516450748	-2.2169205701263888	nan	nan
OG0006848.0	OG0028196.0	OG0045389.0	OG0003959.6	OG0057263.0
nan	nan	nan	nan	nan
OG0005725.1	OG0057563.0	OG0049095.0	OG0012518.4	OG0016240.1
nan	nan	nan	nan	nan
OG0045261.0	OG0041830.0	OG0006849.0	OG0005175.0	OG0060363.0
nan	nan	nan	nan	nan
OG0046151.0	OG0018937.6	OG0000682.0	OG0012319.13	OG0005008.1
nan	nan	-1.453636426114565	nan	nan
OG0057226.0	OG0020073.0	OG0012306.13	OG0011174.4	OG0047449.0
nan	nan	nan	nan	nan
OG0010997.6	OG0024773.0	OG0012446.6	OG0016436.2	OG0000004.875
nan	nan	nan	nan	nan
OG0011978.0	OG0014033.0	OG0001403.24	OG0045122.0	OG0017005.0
-1.7504939790108534	nan	nan	nan	nan
OG0017314.0	OG0047130.0	OG0041524.0	OG0005731.0	OG0024810.0
nan	nan	nan	nan	nan
OG0056826.0	OG0060425.0	OG0018193.2	OG0000290.0	OG0006141.8
nan	nan	nan	-0.6519942592184017	nan
OG0017735.2	OG0004169.4	OG0057026.0	OG0018378.2	OG0014821.9
nan	-1.4445764684381	nan	nan	nan
OG0013607.3	OG0024970.0	OG0035655.0	OG0049083.0	OG0009133.1
nan	nan	nan	nan	nan
OG0015675.3	OG0003640.9	OG0027169.0	OG0037989.0	OG0027620.0
nan	-0.8701235391668696	nan	nan	nan
OG0006329.0	OG0045428.0	OG0013911.3	OG0014748.1	OG0002229.1
-2.1956159645586584	nan	nan	nan	nan
OG0034329.0	OG0008164.12	OG0057388.0	OG0034941.0	OG0044961.0
nan	nan	nan	nan	nan
OG0002620.44	OG0012707.6	OG0006599.2	OG0015444.0	OG0002050.0
-2.441438468199543	nan	nan	nan	nan
OG0007119.0	OG0035752.0	OG0056547.0	OG0046056.0	OG0014544.8
nan	nan	nan	nan	nan
OG0027642.0	OG0045062.0	OG0002911.0	OG0022024.0	OG0027208.0
nan	nan	-1.0975790576846498	nan	nan
OG0011568.7	OG0026957.0	OG0010498.6	OG0019293.0	OG0014544.8
nan	nan	nan	nan	nan
OG0046030.0	OG0006734.5	OG0027475.0	OG0002381.0	OG0006389.4
nan	nan	nan	nan	nan
OG0045779.0	OG0018518.3	OG0001892.0	OG0009966.4	OG0047584.0
nan	nan	-2.610873773075296	nan	nan
OG0020774.0	OG0010543.0	OG0007560.5	OG0006348.3	OG0007483.0
nan	0.4855298731358502	nan	nan	nan
OG0028968.0	OG0008209.0	OG0001947.0	OG0035711.0	OG0044764.0
nan	nan	-2.2155797753822157	nan	nan
OG0003415.2	OG0049195.0	OG0017375.5	OG0016710.1	OG0000211.5
nan	nan	nan	nan	nan
OG0043565.0	OG0044436.0	OG0041722.0	OG0035642.0	OG0027163.0
nan	nan	nan	nan	nan
OG0000006.1	OG0016694.0	OG0016968.2	OG0056814.0	OG0003051.0
-0.9013109559086716	nan	nan	nan	-0.8049044228227816
OG0011909.15	OG0057108.0	OG0003637.1	OG0019882.0	OG0019971.0
nan	nan	-0.914031546137835	nan	nan
OG0044489.0	OG0004895.0	OG0020262.0	OG0013072.9	OG0034361.0
nan	nan	nan	nan	nan
OG0057308.0	OG0014341.0	OG0002317.3	OG0022332.0	OG0005760.10
nan	nan	-3.068543859087288	nan	nan
OG0057411.0	OG0002043.0	OG0017282.1	OG0010910.16	OG0028297.0
nan	nan	nan	nan	nan
OG0013093.0	OG0053891.0	OG0034522.0	OG0019258.0	OG0023932.0
nan	nan	nan	nan	nan
OG0003044.18	OG0022597.0	OG0056766.0	OG0002133.0	OG0004545.0
-1.449690321244904	nan	nan	nan	-1.8468432119385798
OG0017959.0	OG0001669.0	OG0016759.0	OG0026307.0	OG0000368.201
nan	-1.7973628738101624	nan	nan	nan
OG0016986.0	OG0003698.0	OG0047547.0	OG0011499.1	OG0043463.0
nan	-2.8458056750072105	nan	nan	nan
OG0034990.0	OG0001464.1	OG0014325.3	OG0005181.0	OG0000857.0
nan	nan	nan	-1.515810298851733	-1.6684094241337628
OG0053833.0	OG0004931.0	OG0037852.0	OG0012592.5	OG0053979.0
nan	-1.159395776645905	nan	nan	nan
OG0056705.0	OG0001499.24	OG0019194.0	OG0023218.0	OG0004375.58
nan	nan	nan	nan	nan
OG0023762.0	OG0009023.2	OG0002983.24	OG0002308.0	OG0007408.6
nan	-2.3569750419865634	nan	nan	-1.8836352433082157
OG0046201.0	OG0001929.26	OG0029082.0	OG0009955.7	OG0053804.0
nan	nan	nan	nan	nan
OG0010980.0	OG0009016.8	OG0046394.0	OG0047213.0	OG0025714.0
nan	nan	nan	nan	nan
OG0013217.0	OG0005557.0	OG0011696.2	OG0021354.0	OG0037945.0
nan	nan	nan	nan	nan
OG0011179.0	OG0027907.0	OG0029105.0	OG0001055.24	OG0057054.0
-1.24913627678066	nan	nan	nan	nan
OG0035769.0	OG0001080.1	OG0004400.26	OG0045958.0	OG0000000.1743
nan	nan	nan	nan	nan
OG0016633.5	OG0003721.2	OG0017804.0	OG0025122.0	OG0049093.0
nan	nan	nan	nan	nan
OG0016043.0	OG0016938.2	OG0018167.0	OG0003547.0	OG0011410.1
nan	nan	nan	-1.4250750219906556	nan
OG0045151.0	OG0022844.0	OG0009150.5	OG0007850.2	OG0009109.6
nan	nan	nan	nan	nan
OG0001276.24	OG0028296.0	OG0019483.0	OG0003647.3	OG0046242.0
nan	nan	nan	-0.99337881987762	nan
OG0022025.0	OG0003205.0	OG0000000.1990	OG0001682.68	OG0041719.0
nan	nan	-1.705570397890672	-2.8953949567706894	nan
OG0014187.9	OG0022858.0	OG0044993.0	OG0056746.0	OG0047955.0
nan	nan	nan	nan	nan
OG0019003.1	OG0006041.6	OG0001684.0	OG0028979.0	OG0005152.7
nan	nan	-1.2954821145835616	nan	nan
OG0024537.0	OG0045926.0	OG0010077.0	OG0029624.0	OG0011740.8
nan	nan	nan	nan	nan
OG0016133.0	OG0004408.4	OG0020483.0	OG0022620.0	OG0000131.0
nan	-1.6206008374744216	nan	nan	-0.09649890732816314
OG0019370.0	OG0046349.0	OG0006040.0	OG0005718.0	OG0006460.2
nan	nan	nan	nan	nan
OG0022629.0	OG0013553.2	OG0041890.0	OG0046811.0	OG0001641.24
nan	nan	nan	nan	nan
OG0017739.3	OG0014360.2	OG0044191.0	OG0027227.0	OG0005183.44
nan	nan	nan	nan	nan
OG0034944.0	OG0046051.0	OG0014994.2	OG0020810.0	OG0006376.0
nan	nan	nan	nan	nan
OG0006243.2	OG0013992.0	OG0014246.5	OG0011728.0	OG0044857.0
nan	nan	nan	nan	nan
OG0000011.579	OG0003333.28	OG0024569.0	OG0043598.0	OG0034708.0
-0.8167993532745723	-1.6104331882372744	nan	nan	nan
OG0060366.0	OG0002486.16	OG0008850.1	OG0004150.0	OG0024761.0
nan	-0.9922304058540823	nan	-0.39270519918078745	nan
OG0024810.0	OG0005799.0	OG0010715.3	OG0014022.4	OG0005008.1
nan	nan	nan	nan	nan
OG0030035.0	OG0034620.0	OG0012764.0	OG0006482.0	OG0002581.4
nan	nan	nan	nan	-1.1814766179337017
OG0004388.0	OG0005172.16	OG0017122.3	OG0005608.1	OG0011248.0
nan	nan	nan	nan	nan
OG0003289.10	OG0006182.0	OG0029986.0	OG0015129.0	OG0012207.4
nan	-3.901418744398459	nan	-1.9612828924271464	nan
OG0010053.0	OG0013218.3	OG0000132.40	OG0010966.0	OG0044183.0
nan	nan	-0.791357890984834	nan	nan
OG0034717.0	OG0043510.0	OG0010640.0	OG0054095.0	OG0018140.2
nan	nan	-1.495735558650761	nan	nan
OG0028164.0	OG0000056.0	OG0000014.1	OG0007369.20	OG0046258.0
nan	-0.4548223653847077	-0.7683218382014891	nan	nan
OG0030044.0	OG0004191.4	OG0012173.0	OG0045121.0	OG0003042.54
nan	nan	nan	nan	-3.2283679187250245
OG0003224.12	OG0035565.0	OG0005480.12	OG0046059.0	OG0000067.162
-1.6443071024337756	nan	nan	nan	-0.9118584031309824
OG0045087.0	OG0012333.8	OG0044067.0	OG0060366.0	OG0004248.3
nan	nan	nan	nan	nan
OG0011355.0	OG0022292.0	OG0005622.0	OG0002540.1	OG0005700.0
nan	nan	nan	nan	nan
OG0018607.0	OG0025015.0	OG0011924.11	OG0057478.0	OG0007242.26
-2.691522623405039	nan	nan	nan	nan
OG0022238.0	OG0045214.0	OG0007225.12	OG0005065.5	OG0003865.0
nan	nan	nan	-3.2068948519411222	-1.7769482116315585
OG0022757.0	OG0024620.0	OG0018956.1	OG0005695.10	OG0012236.2
nan	nan	nan	nan	nan
OG0004565.2	OG0003898.0	OG0027584.0	OG0047383.0	OG0015133.8
nan	nan	nan	nan	nan
OG0012167.0	OG0012346.1	OG0035005.0	OG0056712.0	OG0035613.0
nan	nan	nan	nan	nan
OG0029039.0	OG0010148.0	OG0043500.0	OG0008421.14	OG0045481.0
nan	nan	nan	nan	nan
OG0041666.0	OG0003888.3	OG0017825.2	OG0005768.6	OG0020590.0
nan	nan	nan	nan	nan
OG0025070.0	OG0003430.0	OG0044992.0	OG0009286.2	OG0005384.1
nan	nan	nan	nan	nan
OG0003909.0	OG0014658.0	OG0015206.2	OG0018698.2	OG0014706.0
nan	nan	nan	nan	nan
OG0045232.0	OG0057508.0	OG0056761.0	OG0019679.0	OG0046694.0
nan	nan	nan	-1.6228207102633614	nan
OG0027886.0	OG0053926.0	OG0006439.1	OG0013030.0	OG0008713.10
nan	nan	nan	nan	nan
OG0023812.0	OG0007116.0	OG0000170.0	OG0005994.2	OG0024518.0
nan	1.1303378595937155	-0.82316662921551	nan	nan
