OG0012896.0	OG0000471.2	OG0004710.2
-2.3140150132440978	-2.7553564542606015	-3.2419527181667664
OG0011344.2	OG0004022.8	OG0000002.763
-2.747099971299919	-1.911586990273275	-1.8236772273595372
OG0011881.8	OG0000022.878	OG0000206.0
-2.961844798974031	-1.6787645649839358	-1.6355396260397388
OG0004622.6	OG0000186.266	OG0000046.1
-3.3586019472232773	-3.641603738043346	-1.8293057663129169
OG0003118.5	OG0000359.28	OG0012157.2
-1.9434164716336324	-1.63464340296952	-2.718331420027155
OG0004406.0	OG0000276.72	OG0004620.0
-1.4855999609633836	-2.1584293626044833	-1.6551715030025589
OG0000420.0	OG0006009.0	OG0006412.3
-1.712645914970793	-2.279283757478869	-4.081919130152292
OG0007458.0	OG0009251.1	OG0000225.48
-2.0267928458865443	-2.291945228671648	-1.5307391533840016
OG0006175.0	OG0003258.3	OG0000125.49
-2.7998723457263983	-2.379319758775699	-2.512925319948276
OG0000018.1	OG0004738.6	OG0000042.185
-1.5678957765313228	-1.7715199016700827	-2.5445609854369495
OG0000062.12	OG0005477.0	OG0008453.0
-2.5538496598709073	-1.8290494466816325	-1.5353317329965557
OG0005759.6	OG0000263.57	OG0006086.0
-1.3932735249871873	-3.435338929969181	-2.5968413702571356
OG0006471.8	OG0007818.0	OG0000364.1
-2.8911075983675913	-3.562175701118391	-1.795358434389579
OG0005855.0	OG0000048.122	OG0004208.2
-2.002310160687201	-1.92631684638356	-1.5580916359964108
OG0007486.2	OG0000160.4	OG0013035.0
-2.6762264363085277	-1.5153978056277968	-2.706511797624492
OG0012996.0	OG0000279.0	OG0007538.2
-2.5378429521526056	-1.8018830708475446	-2.3298848187157057
OG0000188.1	OG0004386.2	OG0004854.4
-1.855170479161191	-1.4465411903009064	-2.3230105221290027
OG0000044.1	OG0003102.40	OG0006349.2
-1.859352206845158	-1.9148473194368616	-2.5691795034802287
OG0005696.4	OG0000014.1	OG0006725.0
-2.107181572204967	-1.848660698957719	-2.699934863221239
OG0005845.2	OG0006425.0	OG0000336.0
-3.089267338097087	-2.0752159943555015	-2.026205070347394
OG0008528.0	OG0007191.0	OG0000014.1
-3.3075728019102923	-2.262572817270941	-1.848660698957719
OG0005846.2	OG0012177.2	OG0000088.3
-2.165855133936795	-2.8155292633599083	-1.6936210892890369
OG0000180.0	OG0007348.0	OG0007163.2
-1.341171575656346	-1.0758240850034457	-3.4099681296004474
OG0000180.0	OG0003511.4	OG0005146.0
-1.341171575656346	-1.7754657367202709	-2.3086445080689395
OG0005717.2	OG0000785.2	OG0003390.22
-1.8195974931713508	-1.494718788546733	-1.663830889535991
OG0003559.24	OG0000276.72	OG0005701.4
-1.964094616257872	-2.1584293626044833	-2.9839316313723465
OG0000256.24	OG0008453.0	OG0005285.0
-1.3681041409461958	-1.5353317329965557	-2.3011592297927903
OG0000092.1	OG0004280.1	OG0005285.0
-1.905628789407483	-2.4262377044236767	-2.3011592297927903
OG0005845.2	OG0013058.0	OG0000204.2
-3.089267338097087	-0.9537184967880897	-2.006941609418847
OG0004204.4	OG0000225.48	OG0004274.22
-1.8868329432672653	-1.5307391533840016	-2.664288089679538
OG0000018.1	OG0000066.1	OG0010700.2
-1.5678957765313228	-1.6910567118747863	-2.6104331882372747
OG0004631.4	OG0011476.0	OG0000034.305
-1.9230305236848892	-2.498586333124219	-1.8622341919041214
OG0000018.1	OG0009267.0	OG0003729.6
-1.5678957765313228	-1.7164337610348535	-2.0017322736212373
OG0000403.25	OG0010524.6	OG0004622.6
-1.707689411795574	-2.3993496383788053	-3.3586019472232773
OG0000180.0	OG0005758.2	OG0003375.2
-1.341171575656346	-1.704629612046516	-1.815783191907759
OG0004387.2	OG0000012.581	OG0000188.1
-1.4324545523562533	-1.1106043378457562	-1.855170479161191
OG0002959.32	OG0000059.133	OG0010621.0
-1.9925174236687941	-1.6188273952832024	-2.670244914255253
OG0004290.0	OG0000088.3	OG0012098.2
-2.1344770408600366	-1.6936210892890369	-1.9590374522215022
OG0006017.0	OG0000088.3	OG0004090.26
-1.398588723255212	-1.6936210892890369	-2.1665026631401654
OG0000261.0	OG0005248.24	OG0006392.0
-1.837532132384696	-2.8857662555729124	-1.8617097662200885
OG0000188.1	OG0011968.0	OG0003040.0
-1.855170479161191	-1.342268543171538	-2.840629153339797
OG0003726.42	OG0000000.2172	OG0000272.36
-2.5462453931483027	-3.2222962448729016	-1.810207062179741
OG0000183.0	OG0005854.2	OG0000323.172
-1.753409497094819	-2.165207895235545	-2.798868033092113
OG0008698.0	OG0000018.1	OG0004503.8
-2.5743258646124194	-1.5678957765313228	-3.4660978202035966
OG0004949.2	OG0000223.2	OG0012201.0
-3.038006322579745	-1.6095524220066895	-2.0060720794834004
OG0007196.4	OG0007072.0	OG0000256.24
-2.8401125212694995	-1.7278573380358242	-1.3681041409461958
OG0000257.0	OG0007803.0	OG0013502.0
-1.5253303408390566	-2.6529013293777317	-2.3280726151852633
OG0000869.2	OG0004207.12	OG0012157.2
-3.0	-2.252913416972182	-2.718331420027155
OG0000869.2	OG0010617.4	OG0003358.3
-3.0	-2.814513995871922	-2.2467377807321434
OG0000042.314	OG0009842.2	OG0005619.0
-1.7195187256993765	-1.9677580688625063	-3.316168825598677
OG0004347.0	OG0005949.0	OG0000223.2
-1.9384311507319976	-2.3140150132440978	-1.6095524220066895
OG0000584.0	OG0004124.0	OG0009005.0
-1.8463243502027624	-1.6335239064899043	-3.1558554189406562
OG0000302.34	OG0005384.1	OG0003543.0
-1.9584766378156495	-2.8916428219095818	-1.7067472435721203
OG0005824.0	OG0000110.3	OG0012227.0
-2.7216583413783577	-1.5002178798526882	-3.3500443119483894
OG0005248.24	OG0006393.0	OG0000147.0
-2.8857662555729124	-2.1700692781603577	-2.9669118306678124
OG0007411.0	OG0007822.0	OG0000147.0
-1.5687514675652392	-2.085588555718989	-2.9669118306678124
OG0000014.1	OG0010773.2	OG0003661.0
-1.848660698957719	-2.8836352433082157	-1.7027498788282933
OG0004758.4	OG0000092.1	OG0009267.0
-3.733315388373576	-1.905628789407483	-1.7164337610348535
OG0000204.2	OG0005854.2	OG0011459.1
-2.006941609418847	-2.165207895235545	-2.2112307783424274
OG0003189.0	OG0000584.0	OG0007146.0
-1.798868033092113	-1.8463243502027624	-1.7607241741174424
OG0007539.0	OG0005384.1	OG0000001.2899
-3.196276993225842	-2.8916428219095818	-1.6248215204103875
OG0000302.34	OG0004989.0	OG0003838.7
-1.9584766378156495	-1.110448581295981	-3.416885331796445
OG0000750.0	OG0008528.0	OG0007191.0
-2.3118644115426648	-3.3075728019102923	-2.262572817270941
OG0005696.4	OG0000272.36	OG0006650.0
-2.107181572204967	-1.810207062179741	-1.8259771579445865
OG0005977.0	OG0000160.4	OG0005851.2
-2.279984264917195	-1.5153978056277968	-3.129102691334971
OG0006014.0	OG0005428.4	OG0000147.0
-1.801380126780785	-2.9050883529745333	-2.9669118306678124
OG0000403.25	OG0010622.0	OG0004951.0
-1.707689411795574	-2.428954279614029	-2.3989691306511904
OG0000364.1	OG0006964.0	OG0005491.2
-1.795358434389579	-2.0988145063072605	-1.7898605425983316
OG0005687.4	OG0013513.2	OG0000256.24
-3.0279691158586677	-2.446148031818874	-1.3681041409461958
OG0005501.1	OG0000120.105	OG0005570.0
-2.3800705758839222	-1.4847921809641793	-1.3827015171591537
OG0000257.0	OG0006000.0	OG0005285.0
-1.5253303408390566	-2.4023973185000735	-2.3011592297927903
OG0000290.0	OG0004362.4	OG0006290.0
-1.6624601578025762	-1.715959736045904	-2.0430512347852514
OG0000207.240	OG0000599.0	OG0005548.4
-2.026498928183401	-1.7269019108215087	-2.812485601807184
OG0000180.0	OG0004207.12	OG0009011.0
-1.341171575656346	-2.252913416972182	-2.5933544923279976
OG0000034.305	OG0014589.0	OG0006388.0
-1.8622341919041214	-3.205563338195578	-3.158429362604483
OG0000869.2	OG0005869.0	OG0010636.0
-3.0	-2.781404798449143	-3.045133690098103
OG0007539.0	OG0004910.0	OG0000198.0
-3.196276993225842	-3.536168320460351	-1.386091221203337
OG0006190.0	OG0007473.0	OG0000175.4
-2.118413683756604	-2.5950968778548695	-2.589007712779105
OG0000207.240	OG0000431.12	OG0005926.0
-2.026498928183401	-1.708867987991247	-2.654263004835957
OG0005687.4	OG0000228.35	OG0000302.34
-3.0279691158586677	-2.738409011035875	-1.9584766378156495
OG0011345.0	OG0006827.2	OG0000272.36
-2.5236701622428623	-2.181803870978292	-1.810207062179741
OG0009850.0	OG0000336.0	OG0005491.2
-3.081919130152292	-2.026205070347394	-1.7898605425983316
OG0000062.12	OG0003543.0
-2.5538496598709073	-1.7067472435721203
OG0007473.0	OG0000092.1	OG0005359.4
-2.5950968778548695	-1.905628789407483	-1.7612131404128835
OG0005530.6	OG0000279.0	OG0004362.4
-1.2981404809905814	-1.8018830708475446	-1.715959736045904
OG0005501.1	OG0006310.0	OG0000264.1
-2.3800705758839222	-2.4667356869282084	-2.5708929182195006
OG0007565.0	OG0000302.34	OG0004290.0
-1.9534390942422588	-1.9584766378156495	-2.1344770408600366
OG0000175.4	OG0008209.0	OG0007356.0
-2.589007712779105	-2.5269924320838264	-2.615287037577954
OG0000018.1	OG0007493.0	OG0006005.0
-1.5678957765313228	-4.4665761938054	-1.9867878885731491
OG0000176.0	OG0005729.2	OG0002708.0
-1.873555700275309	-2.1475216763576133	-1.671852885966369
OG0000294.0	OG0009091.4	OG0006873.3
-2.20058107800892	-3.302297338551854	-2.8385637341740133
OG0000272.36	OG0006328.0	OG0004208.2
-1.810207062179741	-1.9002335137070705	-1.5580916359964108
OG0005687.4	OG0007850.2	OG0000225.48
-3.0279691158586677	-2.059494937256015	-1.5307391533840016
OG0011910.0	OG0007191.0	OG0000176.0
-1.9091465695488865	-2.262572817270941	-1.873555700275309
OG0000285.1	OG0005734.0	OG0004053.9
-2.0634091701760617	-1.442810503529667	-2.428954279614029
OG0004347.0	OG0000175.4	OG0012904.0
-1.9384311507319976	-2.589007712779105	-3.861237946038627
OG0000062.12	OG0003326.0	OG0004505.0
-2.5538496598709073	-1.3036500098630126	-3.7862732343905767
OG0000403.25	OG0005830.0	OG0001597.53
-1.707689411795574	-3.1811494391045665	-1.5517333399360451
OG0000062.12	OG0003843.12	OG0006023.0
-2.5538496598709073	-2.346664773208869	-1.7700429914156375
OG0000750.0	OG0005852.2	OG0004901.9
-2.3118644115426648	-2.92631684638356	-3.038598926835721
OG0004892.3	OG0004025.11	OG0000088.3
-1.7597467384154952	-1.9677580688625063	-1.6936210892890369
OG0005846.2	OG0000044.1	OG0009877.2
-2.165855133936795	-1.859352206845158	-2.013916780335185
OG0000012.581	OG0000081.1	OG0006195.0
-1.1106043378457562	-2.2048980418771755	-1.2749132753697732
OG0003061.8	OG0008096.5	OG0000407.1
-2.4088950949352212	-2.0089725529993396	-2.039784866105864
OG0000042.314	OG0003786.18
-1.7195187256993765	-1.5940076403241632
OG0000204.2	OG0007427.0	OG0007822.0
-2.006941609418847	-2.1936346938775446	-2.085588555718989
OG0011952.0	OG0004740.12	OG0000272.36
-2.7432308572386592	-2.151362038095294	-1.810207062179741
OG0000005.545	OG0004823.2	OG0000046.1
-3.7471968322245175	-2.1584293626044833	-1.8293057663129169
OG0014828.2	OG0000110.3	OG0000010.2
-2.435963338133392	-1.5002178798526882	-1.7261857554129636
OG0005687.4	OG0013045.1	OG0000364.1
-3.0279691158586677	-2.488026018218199	-1.795358434389579
OG0008551.0	OG0008934.0	OG0000785.2
-1.0118788695359795	-1.9697345571423308	-1.494718788546733
OG0003358.3	OG0005257.0	OG0000147.0
-2.2467377807321434	-2.310432456049533	-2.9669118306678124
OG0002308.0	OG0007538.2	OG0000263.57
-1.5166356392866507	-2.3298848187157057	-3.435338929969181
OG0006175.0	OG0008431.6	OG0000420.0
-2.7998723457263983	-3.5422901500886947	-1.712645914970793
OG0005719.2	OG0000022.878	OG0000125.49
-1.8011287204821809	-1.6787645649839358	-2.512925319948276
OG0000048.122	OG0005619.0	OG0010621.0
-1.92631684638356	-3.316168825598677	-2.670244914255253
OG0004406.0	OG0000320.0	OG0007214.0
-1.4855999609633836	-2.3072157433659903	-2.692454898100414
OG0007809.2	OG0009968.6	OG0000749.2
-2.5178745359200096	-2.7036894392919075	-2.240588467435424
OG0000059.133	OG0003042.54	OG0008450.4
-1.6188273952832024	-3.205563338195578	-2.8008773579863995
OG0004347.0	OG0005585.0	OG0000130.38
-1.9384311507319976	-0.7881155980596954	-1.8546486144273802
OG0000183.0	OG0012829.2	OG0004375.23
-1.753409497094819	-2.7360041179287613	-2.9018499789079883
OG0000750.0	OG0005621.0	OG0011467.0
-2.3118644115426648	-3.65018182802414	-1.6515409379135284
OG0004958.0	OG0000272.36	OG0010625.0
-2.2604974943896146	-1.810207062179741	-2.2412704315421372
OG0000403.25	OG0013992.0	OG0005621.0
-1.707689411795574	-2.4223657347326695	-3.65018182802414
OG0007223.2	OG0004554.6	OG0000256.24
-3.1558554189406562	-2.77595972578207	-1.3681041409461958
OG0000749.2	OG0009006.0	OG0005852.2
-2.240588467435424	-2.7923569873134677	-2.92631684638356
OG0000180.0	OG0006460.2	OG0006309.0
-1.341171575656346	-2.117787378107137	-2.055891200892045
OG0013967.0	OG0000092.1	OG0007164.0
-2.8767311125056536	-1.905628789407483	-3.1778817252706553
OG0000188.1	OG0013997.0	OG0005695.10
-1.855170479161191	-3.0226834370912896	-2.173970213500261
OG0000129.29	OG0010637.3	OG0000230.58
-2.977099597889921	-2.140189435198705	-1.4121549907457225
OG0004958.0	OG0012829.2	OG0000198.0
-2.2604974943896146	-2.7360041179287613	-1.386091221203337
OG0000204.2	OG0005850.4	OG0006003.0
-2.006941609418847	-3.0709665213541433	-1.432843996289213
OG0009019.8	OG0004412.2	OG0000081.1
-2.220614193801064	-2.1491205849119286	-2.2048980418771755
OG0000228.35	OG0004759.3	OG0000256.24
-2.738409011035875	-2.783886641553699	-1.3681041409461958
OG0011732.0	OG0005428.4	OG0000002.763
-2.3503385593573003	-2.9050883529745333	-1.8236772273595372
OG0010584.0	OG0004347.0	OG0000175.4
-2.7131188522118386	-1.9384311507319976	-2.589007712779105
OG0003757.20	OG0005091.0	OG0000147.0
-2.897543423349266	-1.6104331882372744	-2.9669118306678124
OG0012001.0	OG0000246.0	OG0007156.2
-2.1577854460390564	-1.7636604608316264	-2.034160316911986
OG0000014.1	OG0006086.0	OG0010605.0
-1.848660698957719	-2.5968413702571356	-1.6783027547876463
OG0000599.0	OG0007516.0	OG0007748.0
-1.7269019108215087	-2.389866923543938	-2.085282413534097
OG0004347.0	OG0011007.2	OG0000407.1
-1.9384311507319976	-2.6047177958677667	-2.039784866105864
OG0009292.1	OG0000044.1	OG0004242.10
-2.291945228671648	-1.859352206845158	-1.5199417307727447
OG0004610.1	OG0000261.0	OG0004208.2
-2.3019060123889563	-1.837532132384696	-1.5580916359964108
OG0003774.0	OG0000338.41	OG0000154.251
-1.5240850278218214	-1.7690592238760594	-3.0427539863983157
OG0009881.4	OG0000183.0	OG0004241.1
-3.534495630370494	-1.753409497094819	-2.7858751946471525
OG0005667.0	OG0000225.48	OG0013513.2
-2.5344956303704946	-1.5307391533840016	-2.446148031818874
OG0013995.0	OG0004623.10	OG0000409.24
-4.051219761168148	-2.646563782138217	-2.291945228671648
OG0006453.1	OG0000120.105	OG0007665.0
-2.7631706645136003	-1.4847921809641793	-1.9378782880922025
OG0000001.2899	OG0009132.4	OG0004754.7
-1.6248215204103875	-1.859352206845158	-1.664745434758939
OG0003543.0	OG0000584.0	OG0013986.0
-1.7067472435721203	-1.8463243502027624	-3.139235797371172
OG0006828.0	OG0000160.4	OG0004240.0
-1.7183314200271549	-1.5153978056277968	-2.504304837375931
OG0000261.0	OG0006014.0	OG0005826.0
-1.837532132384696	-1.801380126780785	-2.7918573526622783
OG0005869.0	OG0013962.0	OG0000409.24
-2.781404798449143	-2.674383325178396	-2.291945228671648
OG0008977.6	OG0000225.48	OG0007167.0
-2.7504939790108534	-1.5307391533840016	-2.9551163217602356
OG0000279.0	OG0009868.0	OG0006867.4
-1.8018830708475446	-2.192974874501356	-3.3471785404305487
OG0000279.0	OG0005824.0	OG0011403.0
-1.8018830708475446	-2.7216583413783577	-2.4619585466663363
OG0004649.2	OG0000125.49	OG0004823.2
-1.701810929858678	-2.512925319948276	-2.1584293626044833
OG0005612.2	OG0009926.1	OG0000431.12
-1.6368850054106818	-2.4595758953553424	-1.708867987991247
OG0007216.0	OG0000285.1	OG0006029.0
-2.6411536693949014	-2.0634091701760617	-2.8099541131055616
OG0005570.0	OG0008625.0	OG0000364.1
-1.3827015171591537	-1.9968295571198718	-1.795358434389579
OG0000441.1	OG0000584.0	OG0004208.2
-3.285319266282261	-1.8463243502027624	-1.5580916359964108
OG0005017.1	OG0000044.1	OG0006412.3
-1.9105018491608974	-1.859352206845158	-4.081919130152292
OG0000711.2	OG0003552.0	OG0003610.0
-2.2674268787048018	-2.065823218078184	-1.9107730579296047
OG0005323.0	OG0005092.2	OG0000130.38
-2.379319758775699	-2.1700692781603577	-1.8546486144273802
OG0005855.0	OG0000257.0	OG0006412.3
-2.002310160687201	-1.5253303408390566	-4.081919130152292
OG0007620.20	OG0000407.1	OG0005659.6
-4.44363435148632	-2.039784866105864	-2.827256483239813
OG0008209.0	OG0004780.0	OG0000230.58
-2.5269924320838264	-1.8277685311745187	-1.4121549907457225
OG0005703.0	OG0006393.0	OG0000257.0
-1.6730025354342413	-2.1700692781603577	-1.5253303408390566
OG0002557.50	OG0000257.0	OG0005734.0
-2.747099971299919	-1.5253303408390566	-1.442810503529667
OG0000214.0	OG0012875.0	OG0005852.2
-1.4204336398397874	-2.8064174749183515	-2.92631684638356
OG0004880.18	OG0000261.0	OG0005826.0
-2.4104282460262545	-1.837532132384696	-2.7918573526622783
OG0008759.0	OG0000034.305	OG0004865.2
-2.6321816563938065	-1.8622341919041214	-2.3989691306511904
OG0007163.2	OG0005758.2	OG0000160.4
-3.4099681296004474	-1.704629612046516	-1.5153978056277968
OG0005701.4	OG0000092.1	OG0005927.14
-2.9839316313723465	-1.905628789407483	-2.9099595845272295
OG0000246.0	OG0006871.4	OG0011295.0
-1.7636604608316264	-2.3778192957794078	-2.6808445421752976
OG0000359.28	OG0004774.1	OG0005491.2
-1.63464340296952	-2.5747555578518995	-1.7898605425983316
OG0003989.2	OG0000188.1	OG0008665.0
-1.8685422145209123	-1.855170479161191	-2.365127976835786
OG0008569.0	OG0000206.0	OG0005956.0
-2.2905328986118283	-1.6355396260397388	-1.5810005345687344
OG0000276.72	OG0005426.10	OG0010625.0
-2.1584293626044833	-2.3770696490798233	-2.2412704315421372
OG0006453.1	OG0000183.0	OG0013635.2
-2.7631706645136003	-1.753409497094819	-1.2947740433836357
OG0007539.0	OG0010608.0	OG0000257.0
-3.196276993225842	-2.39744810252834	-1.5253303408390566
OG0006003.0	OG0000198.0	OG0004876.0
-1.432843996289213	-1.386091221203337	-1.6684094241337628
OG0000062.12	OG0005281.1	OG0008176.2
-2.5538496598709073	-2.5968413702571356	-2.25635578329374
OG0006268.0	OG0000336.0	OG0003375.2
-1.3558668393657765	-2.026205070347394	-1.815783191907759
OG0011803.0	OG0003835.22	OG0000272.36
-1.6146241866400866	-1.6281623826695795	-1.810207062179741
OG0000302.34	OG0006332.2	OG0002708.0
-1.9584766378156495	-1.594443236656243	-1.671852885966369
OG0007448.2	OG0000261.0	OG0016262.0
-2.097270360766624	-1.837532132384696	-2.072786191607015
OG0009852.2	OG0000154.2	OG0006390.0
-2.168771306825942	-1.5864059175908252	-2.111850995984154
OG0000183.0	OG0004622.6	OG0015310.0
-1.753409497094819	-3.3586019472232773	-0.8081847102931018
OG0008570.0	OG0000264.1	OG0014851.2
-1.6840860345632576	-2.5708929182195006	-0.11888359148809849
OG0000279.0	OG0005049.0	OG0004854.4
-1.8018830708475446	-1.9612828924271464	-2.3230105221290027
OG0013058.0	OG0003102.40	OG0000046.1
-0.9537184967880897	-1.9148473194368616	-1.8293057663129169
OG0007822.0	OG0008992.0	OG0000160.4
-2.085588555718989	-1.9189331195081119	-1.5153978056277968
OG0010951.0	OG0000599.0	OG0008570.0
-1.3147325934831586	-1.7269019108215087	-1.6840860345632576
OG0000785.2	OG0006412.3
-1.494718788546733	-4.081919130152292
OG0012178.2	OG0006392.0	OG0000230.58
-2.4016347946763554	-1.8617097662200885	-1.4121549907457225
OG0000869.2	OG0006038.0	OG0005622.0
-3.0	-1.1414619336634642	-4.001385652458903
OG0004621.4	OG0000420.0	OG0012267.0
-4.04572922985512	-1.712645914970793	-3.045729229855121
OG0000261.0	OG0006272.0	OG0007202.0
-1.837532132384696	-1.3316993014613505	-2.39744810252834
OG0000062.12	OG0006311.0	OG0006867.4
-2.5538496598709073	-1.1363786602577952	-3.3471785404305487
OG0005742.0	OG0000018.1	OG0004823.2
-2.4695296746008095	-1.5678957765313228	-2.1584293626044833
OG0007250.0	OG0000223.2	OG0004854.4
-1.917569900054051	-1.6095524220066895	-2.3230105221290027
OG0002199.2	OG0005091.0	OG0000285.1
-2.9159357352115256	-1.6104331882372744	-2.0634091701760617
OG0008209.0	OG0006384.2	OG0000088.3
-2.5269924320838264	-1.2474226585237327	-1.6936210892890369
OG0006021.0	OG0000711.2	OG0006867.4
-1.7946074870103152	-2.2674268787048018	-3.3471785404305487
OG0012981.0	OG0000120.105	OG0002677.13
-1.4171550052230346	-1.4847921809641793	-2.031503691022063
OG0000279.0	OG0005413.12	OG0009868.0
-1.8018830708475446	-2.276485124126195	-2.192974874501356
OG0000869.2	OG0011183.0	OG0004170.0
-3.0	-1.975680320804587	-1.0816137655536522
OG0000294.0	OG0011346.0	OG0003835.22
-2.20058107800892	-2.8262329322632938	-1.6281623826695795
OG0000206.0	OG0004620.0	OG0013991.0
-1.6355396260397388	-1.6551715030025589	-1.8577826381961766
OG0000403.25	OG0005691.3	OG0013024.0
-1.707689411795574	-1.920570684997085	-1.7943572580545428
OG0000120.105	OG0004459.0	OG0000480.49
-1.4847921809641793	-3.040971781056306	-3.360008479688479
OG0009019.8	OG0005829.2	OG0000230.58
-2.220614193801064	-2.819088336631431	-1.4121549907457225
OG0006440.2	OG0007223.2	OG0000257.0
-3.9529921626894624	-3.1558554189406562	-1.5253303408390566
OG0000180.0	OG0003745.1	OG0006141.8
-1.341171575656346	-1.936497057693842	-3.6479194862701374
OG0007539.0	OG0011995.5	OG0000336.0
-3.196276993225842	-2.2139055323709567	-2.026205070347394
OG0003333.28	OG0004823.2	OG0000364.1
-2.0098438333726087	-2.1584293626044833	-1.795358434389579
OG0000204.2	OG0008625.0	OG0015008.2
-2.006941609418847	-1.9968295571198718	-3.352842088357422
OG0006015.0	OG0000246.0	OG0004554.6
-1.432843996289213	-1.7636604608316264	-2.77595972578207
OG0002913.0	OG0013733.0	OG0000225.48
-2.037413961643117	-2.20157615452214	-1.5307391533840016
OG0005132.0	OG0000042.314	OG0000005.545
-1.57132159005177	-1.7195187256993765	-3.7471968322245175
OG0003752.2	OG0006316.0	OG0000125.49
-1.6259342817774622	-2.1212354287326454	-2.512925319948276
OG0000302.34	OG0000012.581	OG0000397.3
-1.9584766378156495	-1.1106043378457562	-3.0291463456595165
OG0000426.5	OG0007259.2	OG0000147.0
-1.9132162338579333	-1.1504009888485485	-2.9669118306678124
OG0000869.2	OG0005696.4	OG0000760.146
-3.0	-2.107181572204967	-2.3997302464909955
OG0000261.0	OG0006346.0	OG0005622.0
-1.837532132384696	-1.0699061059878505	-4.001385652458903
OG0000188.1	OG0003835.22	OG0009814.0
-1.855170479161191	-1.6281623826695795	-2.8614476248473513
OG0013059.0	OG0000018.1	OG0005143.4
-13.287712379549449	-1.5678957765313228	-3.2709040918628958
OG0003118.5	OG0006236.0	OG0000125.49
-1.9434164716336324	-2.957916041328748	-2.512925319948276
OG0000420.0	OG0008204.0	OG0007356.0
-1.712645914970793	-2.0985055449524253	-2.615287037577954
OG0000225.48	OG0007420.0	OG0006867.4
-1.5307391533840016	-2.9067102699985234	-3.3471785404305487
OG0000320.0	OG0008451.4	OG0004242.10
-2.3072157433659903	-1.9782360257083436	-1.5199417307727447
OG0004785.6	OG0000120.105	OG0005285.0
-1.5661859155419728	-1.4847921809641793	-2.3011592297927903
OG0006015.0	OG0000246.0	OG0005931.4
-1.432843996289213	-1.7636604608316264	-2.9356689537540164
OG0000279.0	OG0010537.0	OG0003171.1
-1.8018830708475446	-1.8079321155203498	-2.196276993225842
OG0000154.2	OG0013056.0	OG0000426.5
-1.5864059175908252	-1.7688133867721352	-1.9132162338579333
OG0003846.1	OG0005667.0	OG0000059.133
-3.5582615747492885	-2.5344956303704946	-1.6188273952832024
OG0007033.0	OG0000034.305	OG0003729.6
-1.8406291533397972	-1.8622341919041214	-2.0017322736212373
OG0000785.2	OG0010643.0	OG0007165.4
-1.494718788546733	-1.9345655540513669	-2.1539279703695424
OG0005957.0	OG0004025.11	OG0000272.36
-1.7936068314883962	-1.9677580688625063	-1.810207062179741
OG0008569.0	OG0004735.28	OG0000046.1
-2.2905328986118283	-1.8447688837007212	-1.8293057663129169
OG0000257.0	OG0006388.0	OG0002998.0
-1.5253303408390566	-3.158429362604483	-1.9478623766648246
OG0002557.50	OG0013007.4	OG0000272.36
-2.747099971299919	-2.268121651191569	-1.810207062179741
OG0000214.0	OG0007164.0	OG0000604.1
-1.4204336398397874	-3.1778817252706553	-2.0991235338421013
OG0006014.0	OG0005477.0	OG0000409.24
-1.801380126780785	-1.8290494466816325	-2.291945228671648
OG0004007.3	OG0007665.0	OG0000130.38
-1.544140190613815	-1.9378782880922025	-1.8546486144273802
OG0004503.8	OG0000081.1	OG0008355.0
-3.4660978202035966	-2.2048980418771755	-2.8385637341740133
OG0004049.8	OG0006260.0	OG0000263.57
-2.3353351275814656	-1.7138285488929808	-3.435338929969181
OG0003775.0	OG0006001.0	OG0000001.2899
-1.951205819739195	-1.7883647466728505	-1.6248215204103875
OG0005849.2	OG0006784.2	OG0000110.3
-2.8943219221054632	-3.1857367086002184	-1.5002178798526882
OG0007250.0	OG0000606.2	OG0003072.2
-1.917569900054051	-2.356236145662658	-2.252225928257295
OG0000391.20	OG0004285.1	OG0006817.2
-1.7485535684414182	-1.629054587423364	-2.7789272174849367
OG0004833.1	OG0004758.4	OG0000785.2
-2.938984225318372	-3.733315388373576	-1.494718788546733
OG0007473.0	OG0000785.2	OG0005062.1
-2.5950968778548695	-1.494718788546733	-2.0797219463164875
OG0006754.6	OG0004204.4	OG0000223.2
-1.5079930244060455	-1.8868329432672653	-1.6095524220066895
OG0000359.28	OG0004459.0	OG0000323.172
-1.63464340296952	-3.040971781056306	-2.798868033092113
OG0000042.314	OG0003072.2	OG0003628.6
-1.7195187256993765	-2.252225928257295	-2.010134377133713
OG0007076.0	OG0003774.0	OG0000147.0
-1.188857826330692	-1.5240850278218214	-2.9669118306678124
OG0003851.24	OG0000092.1	OG0004053.9
-1.529905707352221	-1.905628789407483	-2.428954279614029
OG0005553.0	OG0000749.2	OG0003971.6
-2.130681305171095	-2.240588467435424	-1.520769438793664
OG0008110.0	OG0000359.28	OG0007183.2
-1.9660660885580683	-1.63464340296952	-1.9023892033735776
OG0000711.2	OG0010744.4	OG0005477.0
-2.2674268787048018	-2.189680296588923	-1.8290494466816325
OG0004016.0	OG0013733.0	OG0000407.1
-2.0929555251272016	-2.20157615452214	-2.039784866105864
OG0000263.57	OG0004459.0	OG0007726.2
-3.435338929969181	-3.040971781056306	-1.8903051351740703
OG0002913.0	OG0000034.305	OG0006256.0
-2.037413961643117	-1.8622341919041214	-2.1202942337177118
OG0000364.1	OG0007493.0	OG0007978.0
-1.795358434389579	-4.4665761938054	-1.0469210473874926
OG0000175.4	OG0005621.0	OG0010764.0
-2.589007712779105	-3.65018182802414	-1.7769482116315585
OG0004016.0	OG0006784.2	OG0000246.0
-2.0929555251272016	-3.1857367086002184	-1.7636604608316264
OG0008507.1	OG0005426.10	OG0000198.0
-1.6615470596449509	-2.3770696490798233	-1.386091221203337
OG0010166.2	OG0003040.0	OG0000198.0
-1.9132162338579333	-2.840629153339797	-1.386091221203337
OG0000391.20	OG0006410.0	OG0002401.1
-1.7485535684414182	-1.3163484551875155	-1.6579004351672157
OG0000750.0	OG0009203.0	OG0005852.2
-2.3118644115426648	-2.0182934498083527	-2.92631684638356
OG0000214.0	OG0008625.0	OG0008321.0
-1.4204336398397874	-1.9968295571198718	-2.8401125212694995
OG0000711.2	OG0012206.0	OG0006412.3
-2.2674268787048018	-2.9805115704086402	-4.081919130152292
OG0003602.0	OG0007072.0	OG0000257.0
-2.279283757478869	-1.7278573380358242	-1.5253303408390566
OG0004856.1	OG0000263.57	OG0003358.3
-1.5504650365217114	-3.435338929969181	-2.2467377807321434
OG0012209.0	OG0007187.0	OG0000002.763
-2.925768605814208	-2.7055703978906718	-1.8236772273595372
OG0000420.0	OG0006030.0	OG0000066.1
-1.712645914970793	-1.9842170027590726	-1.6910567118747863
OG0000290.0	OG0004759.3	OG0006546.0
-1.6624601578025762	-2.783886641553699	-1.5790595438629198
OG0007731.0	OG0000001.2899	OG0005852.2
-1.4029694759697535	-1.6248215204103875	-2.92631684638356
OG0009006.0	OG0005923.1	OG0000001.2899
-2.7923569873134677	-2.7978644191101516	-1.6248215204103875
OG0000204.2	OG0008938.0	OG0004554.6
-2.006941609418847	-2.2009126939259964	-2.77595972578207
OG0000044.1	OG0004492.8	OG0005288.0
-1.859352206845158	-3.039784866105864	-1.4785471741775686
OG0004241.1	OG0006283.0	OG0000002.763
-2.7858751946471525	-2.5657587667480635	-1.8236772273595372
OG0003118.5	OG0006731.0	OG0000120.105
-1.9434164716336324	-1.2513670278087026	-1.4847921809641793
OG0011159.0	OG0000018.1	OG0004854.4
-2.4900508536956893	-1.5678957765313228	-2.3230105221290027
OG0000359.28	OG0011470.0	OG0007822.0
-1.63464340296952	-1.3936525332754275	-2.085588555718989
OG0005501.1	OG0000711.2	OG0003545.0
-2.3800705758839222	-2.2674268787048018	-1.6110941159609307
OG0007539.0	OG0014609.0	OG0000002.763
-3.196276993225842	-2.301870442546109	-1.8236772273595372
OG0000584.0	OG0008128.0	OG0007165.4
-1.8463243502027624	-3.5400228834712495	-2.1539279703695424
OG0003774.0	OG0006215.0	OG0000088.3
-1.5240850278218214	-2.1354275372428675	-1.6936210892890369
OG0000092.1	OG0004124.0	OG0007440.0
-1.905628789407483	-1.6335239064899043	-2.2632652555088026
OG0000000.1528	OG0008540.0	OG0000088.3
-2.015374195390826	-3.020925838854548	-1.6936210892890369
OG0000785.2	OG0010624.0	OG0004504.4
-1.494718788546733	-3.564136753749792	-3.2709040918628958
OG0000711.2	OG0008570.0	OG0009819.0
-2.2674268787048018	-1.6840860345632576	-0.5959688603781748
OG0005620.0	OG0011403.0	OG0000198.0
-2.3658714424749596	-2.4619585466663363	-1.386091221203337
OG0007189.2	OG0002854.0	OG0000147.0
-1.7074538120496616	-1.9121298670589428	-2.9669118306678124
OG0000183.0	OG0012178.2	OG0002401.1
-1.753409497094819	-2.4016347946763554	-1.6579004351672157
OG0010624.0	OG0000048.122	OG0003769.4
-3.564136753749792	-1.92631684638356	-1.8905725733138459
OG0000276.72	OG0003042.54	OG0006159.0
-2.1584293626044833	-3.205563338195578	-3.027380860991847
OG0000042.314	OG0006284.0	OG0003838.7
-1.7195187256993765	-1.6526745083661978	-3.416885331796445
OG0000403.25	OG0006141.8	OG0005995.0
-1.707689411795574	-3.6479194862701374	-2.99136969485656
OG0000294.0	OG0010608.0	OG0007452.2
-2.20058107800892	-2.39744810252834	-3.5919620974404345
OG0000391.20	OG0009848.0	OG0003072.2
-1.7485535684414182	-2.132261648237312	-2.252225928257295
OG0006799.0	OG0000176.0	OG0008067.0
-2.7749719167459515	-1.873555700275309	-2.1134108350818184
OG0000002.763	OG0003390.22	OG0007429.0
-1.8236772273595372	-1.663830889535991	-1.6194921806605542
OG0000403.25	OG0005929.2	OG0009819.0
-1.707689411795574	-1.7811568487981264	-0.5959688603781748
OG0000183.0	OG0005091.0	OG0004169.4
-1.753409497094819	-1.6104331882372744	-2.039784866105864
OG0005553.0	OG0000261.0	OG0002677.13
-2.130681305171095	-1.837532132384696	-2.031503691022063
OG0003037.24	OG0000606.2	OG0005062.1
-1.5855396941839017	-2.356236145662658	-2.0797219463164875
OG0000403.25	OG0010617.4	OG0007525.0
-1.707689411795574	-2.814513995871922	-1.613520111403766
OG0000420.0	OG0008186.0	OG0012732.0
-1.712645914970793	-2.7254699553283768	-2.046623000688594
OG0000188.1	OG0003835.22	OG0000107.318
-1.855170479161191	-1.6281623826695795	-2.900772134225139
OG0000125.49	OG0008321.0	OG0003192.0
-2.512925319948276	-2.8401125212694995	-1.4611638922585346
OG0011348.0	OG0004207.12	OG0000198.0
-2.84684321193858	-2.252913416972182	-1.386091221203337
OG0000359.28	OG0004758.4	OG0010537.0
-1.63464340296952	-3.733315388373576	-1.8079321155203498
OG0000294.0	OG0006453.1	OG0003261.23
-2.20058107800892	-2.7631706645136003	-2.250165425587271
OG0000302.34	OG0007805.4	OG0003774.0
-1.9584766378156495	-2.675765437729469	-1.5240850278218214
OG0000062.12	OG0005365.0	OG0007163.2
-2.5538496598709073	-1.5732521910934225	-3.4099681296004474
OG0005846.2	OG0000420.0	OG0005993.0
-2.165855133936795	-1.712645914970793	-2.5137490111158916
OG0000042.314	OG0010611.4	OG0007822.0
-1.7195187256993765	-3.130365444186607	-2.085588555718989
OG0011953.0	OG0000403.25	OG0002854.0
-1.2368434162587132	-1.707689411795574	-1.9121298670589428
OG0000785.2	OG0008603.0	OG0008450.4
-1.494718788546733	-2.2926519125167304	-2.8008773579863995
OG0003843.12	OG0000183.0	OG0005157.0
-2.346664773208869	-1.753409497094819	-1.411003597994354
OG0007539.0	OG0000256.24	OG0005062.1
-3.196276993225842	-1.3681041409461958	-2.0797219463164875
OG0011303.0	OG0003042.54	OG0000336.0
-3.5380105222835665	-3.205563338195578	-2.026205070347394
OG0003775.0	OG0006328.0	OG0000130.38
-1.951205819739195	-1.9002335137070705	-1.8546486144273802
OG0004138.22	OG0000206.0	OG0004754.7
-1.8690691301735514	-1.6355396260397388	-1.664745434758939
OG0000403.25	OG0007348.0	OG0008186.0
-1.707689411795574	-1.0758240850034457	-2.7254699553283768
OG0012213.0	OG0002361.0	OG0000409.24
-3.054092702789747	-1.3997302464909953	-2.291945228671648
OG0011936.0	OG0000279.0	OG0002557.50
-1.7806610773015332	-1.8018830708475446	-2.747099971299919
OG0004865.2	OG0000749.2	OG0006224.0
-2.3989691306511904	-2.240588467435424	-2.20058107800892
OG0002940.48	OG0003761.0	OG0000147.0
-1.416192117220336	-2.1456053222468996	-2.9669118306678124
OG0005110.0	OG0000431.12	OG0013626.0
-1.6219323512199662	-1.708867987991247	-1.6355396260397388
OG0000225.48	OG0005606.20	OG0004053.9
-1.5307391533840016	-1.5014427519009832	-2.428954279614029
OG0006453.1	OG0000336.0	OG0006312.0
-2.7631706645136003	-2.026205070347394	-2.031503691022063
OG0000290.0	OG0004780.0	OG0004240.0
-1.6624601578025762	-1.8277685311745187	-2.504304837375931
OG0000261.0	OG0005079.0	OG0007962.0
-1.837532132384696	-3.67853364140747	-2.5859727408750985
OG0000264.1	OG0007146.0	OG0006008.0
-2.5708929182195006	-1.7607241741174424	-2.6560805736318116
OG0006083.0	OG0000360.25	OG0000081.1
-2.5559690888416076	-4.036940247949519	-2.2048980418771755
OG0004589.2	OG0000263.57	OG0013962.0
-2.4595758953553424	-3.435338929969181	-2.674383325178396
OG0000204.2	OG0004887.1	OG0004240.0
-2.006941609418847	-1.5576668766702486	-2.504304837375931
OG0000290.0	OG0010584.0	OG0004951.0
-1.6624601578025762	-2.7131188522118386	-2.3989691306511904
OG0006099.2	OG0006018.4	OG0000336.0
-3.8986188576449754	-1.6910567118747863	-2.026205070347394
OG0003559.24	OG0000302.34	OG0005232.0
-1.964094616257872	-1.9584766378156495	-2.4591791690938325
OG0004049.8	OG0006109.16	OG0000431.12
-2.3353351275814656	-1.7176195053613943	-1.708867987991247
OG0013994.0	OG0007163.2	OG0000749.2
-3.2667324406452374	-3.4099681296004474	-2.240588467435424
OG0000018.1	OG0003543.0	OG0005288.0
-1.5678957765313228	-1.7067472435721203	-1.4785471741775686
OG0004759.3	OG0000120.105	OG0010624.0
-2.783886641553699	-1.4847921809641793	-3.564136753749792
OG0000204.2	OG0009251.1	OG0007165.4
-2.006941609418847	-2.291945228671648	-2.1539279703695424
OG0005948.0	OG0007163.2	OG0000409.24
-1.819088336631431	-3.4099681296004474	-2.291945228671648
OG0000403.25	OG0004007.3	OG0005199.18
-1.707689411795574	-1.544140190613815	-3.284264741682362
OG0000320.0	OG0007183.2	OG0012267.0
-2.3072157433659903	-1.9023892033735776	-3.045729229855121
OG0005701.4	OG0003847.24	OG0000147.0
-2.9839316313723465	-1.434402824145775	-2.9669118306678124
OG0000062.12	OG0003775.0	OG0011346.0
-2.5538496598709073	-1.951205819739195	-2.8262329322632938
OG0000290.0	OG0004623.10	OG0005580.17
-1.6624601578025762	-2.646563782138217	-1.9825056205407274
OG0000359.28	OG0008570.0	OG0007122.8
-1.63464340296952	-1.6840860345632576	-2.5269924320838264
OG0004631.4	OG0003851.24	OG0000606.2
-1.9230305236848892	-1.529905707352221	-2.356236145662658
OG0000160.4	OG0006412.3	OG0006074.0
-1.5153978056277968	-4.081919130152292	-1.557029972072653
OG0007965.0	OG0000160.4	OG0002708.0
-1.633076351021482	-1.5153978056277968	-1.671852885966369
OG0004259.24	OG0003661.0	OG0000223.2
-2.6910567118747863	-1.7027498788282933	-1.6095524220066895
OG0005701.4	OG0014564.0	OG0000048.122
-2.9839316313723465	-1.543929839218693	-1.92631684638356
OG0000062.12	OG0004833.1	OG0003511.4
-2.5538496598709073	-2.938984225318372	-1.7754657367202709
OG0002500.1	OG0005232.0	OG0000034.305
-1.7364847759511612	-2.4591791690938325	-1.8622341919041214
OG0000059.133	OG0004231.12	OG0006887.0
-1.6188273952832024	-1.641603738043346	-2.355497627581064
OG0005232.0	OG0005794.2	OG0000364.1
-2.4591791690938325	-1.7776900207356847	-1.795358434389579
OG0000110.3	OG0003835.22	OG0014564.0
-1.5002178798526882	-1.6281623826695795	-1.543929839218693
OG0000062.12	OG0013927.0	OG0003610.0
-2.5538496598709073	-3.9159357352115256	-1.9107730579296047
OG0005621.0	OG0000785.2
-3.65018182802414	-1.494718788546733
OG0006867.4	OG0000046.1	OG0011466.0
-3.3471785404305487	-1.8293057663129169	-2.030619235058392
OG0000403.25	OG0004160.0	OG0006231.0
-1.707689411795574	-1.428565884123491	-1.9392608421423214
OG0000246.0	OG0004124.0	OG0007278.2
-1.7636604608316264	-1.6335239064899043	-1.9953907467474106
OG0010952.0	OG0000126.1	OG0006867.4
-1.314373758749089	-2.02297657841931	-3.3471785404305487
OG0000261.0	OG0008977.6	OG0005851.2
-1.837532132384696	-2.7504939790108534	-3.129102691334971
OG0005854.2	OG0000225.48	OG0006468.8
-2.165207895235545	-1.5307391533840016	-2.558091635996411
OG0000225.48	OG0012875.0	OG0003171.1
-1.5307391533840016	-2.8064174749183515	-2.196276993225842
OG0000403.25	OG0007454.2	OG0008449.4
-1.707689411795574	-3.9389842253183716	-3.65853792943547
OG0004589.2	OG0000397.3	OG0000285.1
-2.4595758953553424	-3.0291463456595165	-2.0634091701760617
OG0007427.0	OG0000338.41	OG0004505.0
-2.1936346938775446	-1.7690592238760594	-3.7862732343905767
OG0000285.1	OG0003953.2	OG0005923.1
-2.0634091701760617	-1.695722611934325	-2.7978644191101516
OG0005687.4	OG0006282.0	OG0000409.24
-3.0279691158586677	-1.4196615258042915	-2.291945228671648
OG0000204.2	OG0004287.3	OG0006289.0
-2.006941609418847	-1.5950968778548693	-1.7971121665298566
OG0000261.0	OG0003661.0	OG0010571.0
-1.837532132384696	-1.7027498788282933	-1.8476218545989607
OG0005091.0	OG0006272.0	OG0000081.1
-1.6104331882372744	-1.3316993014613505	-2.2048980418771755
OG0000276.72	OG0007526.0	OG0013006.4
-2.1584293626044833	-2.1468826087764485	-2.724039419721936
OG0004623.10	OG0008938.0	OG0000407.1
-2.646563782138217	-2.2009126939259964	-2.039784866105864
OG0000120.105	OG0004025.11	OG0008196.2
-1.4847921809641793	-1.9677580688625063	-3.1558554189406562
OG0009056.0	OG0000420.0	OG0007486.2
-2.6339716008428806	-1.712645914970793	-2.6762264363085277
OG0000711.2	OG0003671.2	OG0006011.0
-2.2674268787048018	-1.6620035364849841	-1.2681216511915685
OG0004362.4	OG0000110.3	OG0014798.0
-1.715959736045904	-1.5002178798526882	-2.8541269383989554
OG0000750.0	OG0005413.12	OG0006090.0
-2.3118644115426648	-2.276485124126195	-1.8732913978030319
OG0010530.0	OG0003744.6	OG0000147.0
-3.0613001867606635	-1.5370053933245014	-2.9669118306678124
OG0005132.0	OG0009267.0	OG0000206.0
-1.57132159005177	-1.7164337610348535	-1.6355396260397388
OG0006964.0	OG0000272.36	OG0002854.0
-2.0988145063072605	-1.810207062179741	-1.9121298670589428
OG0006109.16	OG0000364.1	OG0004505.0
-1.7176195053613943	-1.795358434389579	-3.7862732343905767
OG0000290.0	OG0007764.1	OG0003774.0
-1.6624601578025762	-2.9601597354682094	-1.5240850278218214
OG0003542.0	OG0007079.10	OG0000147.0
-1.6560805736318118	-2.163591067720262	-2.9669118306678124
OG0008179.0	OG0005944.0	OG0000246.0
-2.6268251092468837	-1.2560111768091473	-1.7636604608316264
OG0005849.2	OG0006284.0	OG0000147.0
-2.8943219221054632	-1.6526745083661978	-2.9669118306678124
OG0012206.0	OG0000018.1	OG0005618.0
-2.9805115704086402	-1.5678957765313228	-1.8767311125056534
OG0000183.0	OG0005999.0	OG0006176.0
-1.753409497094819	-1.929610672108602	-3.1739702135002608
OG0000261.0	OG0008525.0	OG0007165.4
-1.837532132384696	-1.5964050493583346	-2.1539279703695424
OG0000403.25	OG0006053.1	OG0003091.24
-1.707689411795574	-2.7302486779516255	-2.286304185156641
OG0000403.25	OG0004531.2	OG0007817.0
-1.707689411795574	-1.5149854303096	-2.547088335060036
OG0005167.4	OG0006393.0	OG0000336.0
-2.911586990273275	-2.1700692781603577	-2.026205070347394
OG0007473.0	OG0000257.0	OG0009858.0
-2.5950968778548695	-1.5253303408390566	-2.257045243302508
OG0011476.0	OG0000046.1	OG0006805.0
-2.498586333124219	-1.8293057663129169	-2.0929555251272016
OG0000360.25	OG0000110.3	OG0006020.0
-4.036940247949519	-1.5002178798526882	-1.522426280825767
OG0000183.0	OG0003915.0	OG0000152.12
-1.753409497094819	-1.7413001844300975	-3.6346882009027595
OG0000276.72	OG0003774.0	OG0006546.0
-2.1584293626044833	-1.5240850278218214	-1.5790595438629198
OG0000750.0	OG0005950.0	OG0008569.0
-2.3118644115426648	-2.265691409903093	-2.2905328986118283
OG0000320.0	OG0008570.0	OG0004038.24
-2.3072157433659903	-1.6840860345632576	-2.7700429914156377
OG0007250.0	OG0000018.1	OG0007817.0
-1.917569900054051	-1.5678957765313228	-2.547088335060036
OG0000391.20	OG0004256.2	OG0006384.2
-1.7485535684414182	-1.8272564832398128	-1.2474226585237327
OG0007989.0	OG0004124.0	OG0000407.1
-1.6040597821546998	-1.6335239064899043	-2.039784866105864
OG0004631.4	OG0000431.12	OG0010708.0
-1.9230305236848892	-1.708867987991247	-3.5006260549978325
OG0003752.2	OG0000441.1	OG0000176.0
-1.6259342817774622	-3.285319266282261	-1.873555700275309
OG0010951.0	OG0000257.0	OG0001836.0
-1.3147325934831586	-1.5253303408390566	-1.6243766560710968
OG0005965.0	OG0008209.0	OG0000230.58
-2.494515520488505	-2.5269924320838264	-1.4121549907457225
OG0000062.12	OG0007454.2	OG0005976.0
-2.5538496598709073	-3.9389842253183716	-2.276834656542415
OG0005143.4	OG0005157.0	OG0000198.0
-3.2709040918628958	-1.411003597994354	-1.386091221203337
OG0000285.1	OG0012985.0	OG0003661.0
-2.0634091701760617	-3.3666896974377165	-1.7027498788282933
OG0006450.8	OG0005712.0	OG0000081.1
-2.272297327162762	-2.1319454411037966	-2.2048980418771755
OG0000257.0	OG0013995.0	OG0005691.3
-1.5253303408390566	-4.051219761168148	-1.920570684997085
OG0000126.1	OG0004504.4	OG0007721.6
-2.02297657841931	-3.2709040918628958	-3.033864894562046
OG0013004.2	OG0007167.0	OG0000160.4
-2.1341603478413376	-2.9551163217602356	-1.5153978056277968
OG0003511.4	OG0000130.38
-1.7754657367202709	-1.8546486144273802
OG0004204.4	OG0000014.1	OG0007356.0
-1.8868329432672653	-1.848660698957719	-2.615287037577954
OG0000869.2	OG0008698.0	OG0002677.13
-3.0	-2.5743258646124194	-2.031503691022063
OG0004049.8	OG0005584.0	OG0000048.122
-2.3353351275814656	-2.343732465205711	-1.92631684638356
OG0003037.24	OG0000110.3	OG0008755.0
-1.5855396941839017	-1.5002178798526882	-1.499605833584205
OG0004880.18	OG0000223.2	OG0005851.2
-2.4104282460262545	-1.6095524220066895	-3.129102691334971
OG0005849.2	OG0006019.2	OG0000081.1
-2.8943219221054632	-1.8339273240532943	-2.2048980418771755
OG0004022.8	OG0000059.133	OG0002998.0
-1.911586990273275	-1.6188273952832024	-1.9478623766648246
OG0002913.0	OG0000223.2	OG0010593.0
-2.037413961643117	-1.6095524220066895	-1.4945155204885048
OG0004343.18	OG0000420.0	OG0006867.4
-1.7710274302398392	-1.712645914970793	-3.3471785404305487
OG0004880.18	OG0002490.40	OG0000409.24
-2.4104282460262545	-1.2098952586535459	-2.291945228671648
OG0009292.1	OG0000176.0	OG0008569.0
-2.291945228671648	-1.873555700275309	-2.2905328986118283
OG0000044.1	OG0002855.2	OG0006005.0
-1.859352206845158	-2.2354839862020475	-1.9867878885731491
OG0003761.0	OG0005729.2	OG0000223.2
-2.1456053222468996	-2.1475216763576133	-1.6095524220066895
OG0006260.0	OG0004740.12	OG0000230.58
-1.7138285488929808	-2.151362038095294	-1.4121549907457225
OG0005398.16	OG0000420.0	OG0003729.6
-2.197930891195452	-1.712645914970793	-2.0017322736212373
OG0004699.1	OG0005521.4	OG0000188.1
-2.571750389294305	-1.9862161845669004	-1.855170479161191
OG0000129.29	OG0000760.146	OG0000285.1
-2.977099597889921	-2.3997302464909955	-2.0634091701760617
OG0011949.0	OG0000018.1	OG0006450.8
-2.4477213090095638	-1.5678957765313228	-2.272297327162762
OG0000154.2	OG0005426.10	OG0013039.0
-1.5864059175908252	-2.3770696490798233	-1.8447688837007212
OG0005977.0	OG0000431.12	OG0007202.0
-2.279984264917195	-1.708867987991247	-2.39744810252834
OG0000403.25	OG0008551.0	OG0013993.0
-1.707689411795574	-1.0118788695359795	-2.9799423476587465
OG0004609.0	OG0000391.20	OG0007050.0
-1.636212158896711	-1.7485535684414182	-2.2334472399236858
OG0004270.24	OG0002854.0	OG0000264.1
-2.701810929858678	-1.9121298670589428	-2.5708929182195006
OG0008243.0	OG0000001.2899	OG0003971.6
-2.700872591587623	-1.6248215204103875	-1.520769438793664
OG0000034.305	OG0006841.0	OG0014851.2
-1.8622341919041214	-3.8900377466011817	-0.11888359148809849
OG0000022.878	OG0004386.2	OG0000147.0
-1.6787645649839358	-1.4465411903009064	-2.9669118306678124
OG0005972.0	OG0006871.4	OG0000160.4
-1.8426975336810263	-2.3778192957794078	-1.5153978056277968
OG0000183.0	OG0000360.25	OG0009097.4
-1.753409497094819	-4.036940247949519	-1.8054085972262663
OG0000125.49	OG0005826.0	OG0003261.23
-2.512925319948276	-2.7918573526622783	-2.250165425587271
OG0000012.581	OG0004531.2	OG0000125.49
-1.1106043378457562	-1.5149854303096	-2.512925319948276
OG0005741.0	OG0000188.1	OG0005622.0
-2.386091221203337	-1.855170479161191	-4.001385652458903
OG0000154.2	OG0011193.0	OG0003375.2
-1.5864059175908252	-2.0688464694797744	-1.815783191907759
OG0009013.2	OG0000272.36	OG0003838.7
-1.3386152238202416	-1.810207062179741	-3.416885331796445
OG0000204.2	OG0006019.2	OG0006393.0
-2.006941609418847	-1.8339273240532943	-2.1700692781603577
OG0005612.2	OG0000204.2	OG0006011.0
-1.6368850054106818	-2.006941609418847	-1.2681216511915685
OG0000302.34	OG0008563.1	OG0001597.53
-1.9584766378156495	-1.4779442508390357	-1.5517333399360451
OG0000175.4	OG0003102.40	OG0010773.2
-2.589007712779105	-1.9148473194368616	-2.8836352433082157
OG0000302.34	OG0004412.2	OG0005843.1
-1.9584766378156495	-2.1491205849119286	-1.460171189376947
OG0007216.0	OG0000760.146	OG0000130.38
-2.6411536693949014	-2.3997302464909955	-1.8546486144273802
OG0004699.1	OG0000359.28	OG0006314.0
-2.571750389294305	-1.63464340296952	-2.2947740433836357
OG0004609.0	OG0000302.34	OG0003953.2
-1.636212158896711	-1.9584766378156495	-1.695722611934325
OG0000431.12	OG0012981.0	OG0005323.0
-1.708867987991247	-1.4171550052230346	-2.379319758775699
OG0006851.4	OG0000001.2899	OG0008482.0
-2.784383522922788	-1.6248215204103875	-1.9208437933823566
OG0005612.2	OG0006039.1	OG0000034.305
-1.6368850054106818	-1.611314492504686	-1.8622341919041214
OG0005931.4	OG0000230.58	OG0015008.2
-2.9356689537540164	-1.4121549907457225	-3.352842088357422
OG0012995.0	OG0000785.2	OG0004554.6
-3.156112606755027	-1.494718788546733	-2.77595972578207
OG0000180.0	OG0007033.0	OG0006377.0
-1.341171575656346	-1.8406291533397972	-1.7242777438392516
OG0006453.1	OG0000606.2	OG0005604.1
-2.7631706645136003	-2.356236145662658	-3.0576919438438153
OG0003744.6	OG0000338.41	OG0003628.6
-1.5370053933245014	-1.7690592238760594	-2.010134377133713
OG0006176.0	OG0005988.0	OG0000046.1
-3.1739702135002608	-2.5530027593236113	-1.8293057663129169
OG0005582.1	OG0000034.305	OG0004170.0
-2.3378856687903387	-1.8622341919041214	-1.0816137655536522
OG0006425.0	OG0007509.2	OG0000126.1
-2.0752159943555015	-2.064615689201755	-2.02297657841931
OG0003039.0	OG0010976.0	OG0000230.58
-2.0098438333726087	-2.0034666297197794	-1.4121549907457225
OG0003938.8	OG0007493.0	OG0000125.49
-1.7933567760166047	-4.4665761938054	-2.512925319948276
OG0007514.0	OG0008980.7	OG0000081.1
-2.5504650365217114	-1.7529231680691826	-2.2048980418771755
OG0000409.24	OG0005659.6	OG0008450.4
-2.291945228671648	-2.827256483239813	-2.8008773579863995
OG0010584.0	OG0000320.0	OG0003091.24
-2.7131188522118386	-2.3072157433659903	-2.286304185156641
OG0007514.0	OG0000059.133	OG0005157.0
-2.5504650365217114	-1.6188273952832024	-1.411003597994354
OG0007807.0	OG0000126.1	OG0012098.2
-2.1212354287326454	-2.02297657841931	-1.9590374522215022
OG0012262.2	OG0000176.0	OG0003040.0
-2.6831591504704124	-1.873555700275309	-2.840629153339797
OG0000290.0	OG0005281.1	OG0003542.0
-1.6624601578025762	-2.5968413702571356	-1.6560805736318118
OG0012175.4	OG0000420.0	OG0006141.8
-3.2391573912519194	-1.712645914970793	-3.6479194862701374
OG0006021.0	OG0000125.49	OG0004807.4
-1.7946074870103152	-2.512925319948276	-2.0297353209854716
OG0003847.24	OG0000338.41	OG0002708.0
-1.434402824145775	-1.7690592238760594	-1.671852885966369
OG0005132.0	OG0005553.0	OG0000110.3
-1.57132159005177	-2.130681305171095	-1.5002178798526882
OG0005824.0	OG0012099.0	OG0000110.3
-2.7216583413783577	-2.864596469402349	-1.5002178798526882
OG0010752.0	OG0008540.0	OG0000059.133
-1.9467496152977501	-3.020925838854548	-1.6188273952832024
OG0000584.0	OG0011007.2	OG0004256.2
-1.8463243502027624	-2.6047177958677667	-1.8272564832398128
OG0014609.0	OG0006854.0	OG0000081.1
-2.301870442546109	-3.8028894852873036	-2.2048980418771755
OG0000750.0	OG0003037.24	OG0007704.0
-2.3118644115426648	-1.5855396941839017	-2.187050040544251
OG0000750.0	OG0013969.0	OG0007809.2
-2.3118644115426648	-1.6547171824064917	-2.5178745359200096
OG0006467.8	OG0000092.1	OG0004053.9
-3.2276920250415966	-1.905628789407483	-2.428954279614029
OG0000042.314	OG0004833.1	OG0003358.3
-1.7195187256993765	-2.938984225318372	-2.2467377807321434
OG0007772.0	OG0005584.0	OG0000046.1
-2.1449671027979202	-2.343732465205711	-1.8293057663129169
OG0000059.133	OG0007486.2	OG0010609.0
-1.6188273952832024	-2.6762264363085277	-2.509224518327078
OG0000180.0	OG0004865.2	OG0009009.1
-1.341171575656346	-2.3989691306511904	-3.0168330842206648
OG0005184.0	OG0006388.0	OG0000272.36
-2.5521563556379148	-3.158429362604483	-1.810207062179741
OG0000014.1	OG0004740.12	OG0011200.0
-1.848660698957719	-2.151362038095294	-1.97171375692089
OG0000059.133	OG0010621.0	OG0004623.10
-1.6188273952832024	-2.670244914255253	-2.646563782138217
OG0000750.0	OG0006129.1	OG0011140.0
-2.3118644115426648	-2.6547171824064915	-1.8536054509394948
OG0000042.314	OG0004759.3	OG0006009.0
-1.7195187256993765	-2.783886641553699	-2.279283757478869
OG0006964.0	OG0000160.4	OG0003838.7
-2.0988145063072605	-1.5153978056277968	-3.416885331796445
OG0008992.0	OG0003298.30	OG0000206.0
-1.9189331195081119	-2.279283757478869	-1.6355396260397388
OG0002500.1	OG0004362.4	OG0000257.0
-1.7364847759511612	-1.715959736045904	-1.5253303408390566
OG0011348.0	OG0004609.0	OG0000420.0
-2.84684321193858	-1.636212158896711	-1.712645914970793
OG0000214.0	OG0005993.0	OG0005852.2
-1.4204336398397874	-2.5137490111158916	-2.92631684638356
OG0005612.2	OG0013275.0	OG0000285.1
-1.6368850054106818	-1.7069827279504917	-2.0634091701760617
OG0005034.12	OG0000214.0	OG0003774.0
-2.259806382979565	-1.4204336398397874	-1.5240850278218214
OG0005232.0	OG0000285.1	OG0008321.0
-2.4591791690938325	-2.0634091701760617	-2.8401125212694995
OG0005143.4	OG0004274.22	OG0000081.1
-3.2709040918628958	-2.664288089679538	-2.2048980418771755
OG0008097.4	OG0000584.0	OG0005851.2
-2.1328942704973457	-1.8463243502027624	-3.129102691334971
OG0005705.2	OG0003072.2	OG0000147.0
-2.0279691158586677	-2.252225928257295	-2.9669118306678124
OG0010622.0	OG0004025.11	OG0000338.41
-2.428954279614029	-1.9677580688625063	-1.7690592238760594
OG0003512.4	OG0008153.0	OG0000206.0
-2.269512200736224	-2.3327890875191293	-1.6355396260397388
OG0005132.0	OG0000785.2	OG0006328.0
-1.57132159005177	-1.494718788546733	-1.9002335137070705
OG0014828.2	OG0000302.34	OG0008209.0
-2.435963338133392	-1.9584766378156495	-2.5269924320838264
OG0005232.0	OG0012235.2	OG0000110.3
-2.4591791690938325	-4.275786313242642	-1.5002178798526882
OG0000285.1	OG0007114.6	OG0002401.1
-2.0634091701760617	-2.131313234677865	-1.6579004351672157
OG0005079.0	OG0000749.2	OG0000154.251
-3.67853364140747	-2.240588467435424	-3.0427539863983157
OG0010532.4	OG0000014.1	OG0000066.1
-2.271252274570242	-1.848660698957719	-1.6910567118747863
OG0006453.1	OG0011193.0	OG0000088.3
-2.7631706645136003	-2.0688464694797744	-1.6936210892890369
OG0005620.0	OG0000014.1	OG0006828.0
-2.3658714424749596	-1.848660698957719	-1.7183314200271549
OG0004458.0	OG0000110.3	OG0011968.0
-2.053493701310979	-1.5002178798526882	-1.342268543171538
OG0000180.0	OG0006467.8	OG0004807.4
-1.341171575656346	-3.2276920250415966	-2.0297353209854716
OG0003545.0	OG0006841.0	OG0000256.24
-1.6110941159609307	-3.8900377466011817	-1.3681041409461958
OG0011426.2	OG0004375.23	OG0000130.38
-2.7587699644845545	-2.9018499789079883	-1.8546486144273802
OG0000279.0	OG0003039.0	OG0005673.8
-1.8018830708475446	-2.0098438333726087	-1.8023861903089258
OG0005017.1	OG0000272.36	OG0005285.0
-1.9105018491608974	-1.810207062179741	-2.3011592297927903
OG0006004.0	OG0000110.3	OG0003971.6
-1.7908586021614084	-1.5002178798526882	-1.520769438793664
OG0000302.34	OG0006469.8	OG0007165.4
-1.9584766378156495	-3.0643139648378215	-2.1539279703695424
OG0005829.2	OG0004890.3	OG0000002.763
-2.819088336631431	-2.8900377466011817	-1.8236772273595372
OG0000214.0	OG0003042.54	OG0013961.0
-1.4204336398397874	-3.205563338195578	-2.309717010936488
OG0000044.1	OG0000002.1088	OG0005793.1
-1.859352206845158	-2.005203073308613	-1.936497057693842
OG0003843.12	OG0000599.0	OG0010609.0
-2.346664773208869	-1.7269019108215087	-2.509224518327078
OG0005696.4	OG0000711.2	OG0004280.1
-2.107181572204967	-2.2674268787048018	-2.4262377044236767
OG0000154.2	OG0015302.0	OG0006856.0
-1.5864059175908252	-2.1134108350818184	-2.6339716008428806
OG0005854.2	OG0010623.2	OG0000272.36
-2.165207895235545	-3.237115456054153	-1.810207062179741
OG0000290.0	OG0002490.40	OG0006269.0
-1.6624601578025762	-1.2098952586535459	-1.5885737542735352
OG0000034.305	OG0004280.1	OG0004412.2
-1.8622341919041214	-2.4262377044236767	-2.1491205849119286
OG0000125.49	OG0008067.0	OG0004090.26
-2.512925319948276	-2.1134108350818184	-2.1665026631401654
OG0007150.0	OG0005428.4	OG0000046.1
-1.941198646383814	-2.9050883529745333	-1.8293057663129169
OG0000044.1	OG0011459.1	OG0005491.2
-1.859352206845158	-2.2112307783424274	-1.7898605425983316
OG0000509.168	OG0004241.1	OG0000364.1
-2.6859415911417397	-2.7858751946471525	-1.795358434389579
OG0005620.0	OG0003953.2	OG0000264.1
-2.3658714424749596	-1.695722611934325	-2.5708929182195006
OG0000279.0	OG0005354.1	OG0003192.0
-1.8018830708475446	-1.6141824551483046	-1.4611638922585346
OG0000359.28	OG0010735.2	OG0004090.26
-1.63464340296952	-2.365499661764001	-2.1665026631401654
OG0000279.0	OG0005849.2	OG0006733.0
-1.8018830708475446	-2.8943219221054632	-1.712882364211819
OG0004699.1	OG0005830.0	OG0000338.41
-2.571750389294305	-3.1811494391045665	-1.7690592238760594
OG0000302.34	OG0005621.0	OG0009877.2
-1.9584766378156495	-3.65018182802414	-2.013916780335185
OG0006857.0	OG0006828.0	OG0000364.1
-3.1883645691462563	-1.7183314200271549	-1.795358434389579
OG0007486.2	OG0006526.0	OG0000130.38
-2.6762264363085277	-3.9005566618864678	-1.8546486144273802
OG0000599.0	OG0006827.2	OG0003525.58
-1.7269019108215087	-2.181803870978292	-4.139617176861666
OG0005948.0	OG0000263.57	OG0005826.0
-1.819088336631431	-3.435338929969181	-2.7918573526622783
OG0000180.0	OG0006229.0	OG0003835.22
-1.341171575656346	-3.125069293521006	-1.6281623826695795
OG0000785.2	OG0010772.2	OG0007803.0
-1.494718788546733	-2.5623461216538077	-2.6529013293777317
OG0003118.5	OG0005966.0	OG0000126.1
-1.9434164716336324	-1.4975675525996508	-2.02297657841931
OG0000302.34	OG0005428.4	OG0010624.0
-1.9584766378156495	-2.9050883529745333	-3.564136753749792
OG0006871.4	OG0000081.1
-2.3778192957794078	-2.2048980418771755
OG0012273.1	OG0007526.0	OG0000081.1
-1.8403708141787722	-2.1468826087764485	-2.2048980418771755
OG0000204.2	OG0011193.0	OG0003786.18
-2.006941609418847	-2.0688464694797744	-1.5940076403241632
OG0006272.0	OG0000338.41	OG0003729.6
-1.3316993014613505	-1.7690592238760594	-2.0017322736212373
OG0000320.0	OG0003847.24	OG0004951.0
-2.3072157433659903	-1.434402824145775	-2.3989691306511904
OG0000110.3	OG0007772.0	OG0011481.0
-1.5002178798526882	-2.1449671027979202	-1.5929192245494994
OG0000276.72	OG0005569.4	OG0003610.0
-2.1584293626044833	-1.7710274302398392	-1.9107730579296047
OG0005335.0	OG0000431.12	OG0005931.4
-2.5968413702571356	-1.708867987991247	-2.9356689537540164
OG0000042.314	OG0009781.2	OG0005848.4
-1.7195187256993765	-3.3971440892428637	-3.960159735468209
OG0007163.2	OG0000364.1	OG0004901.9
-3.4099681296004474	-1.795358434389579	-3.038598926835721
OG0002913.0	OG0000014.1	OG0012195.4
-2.037413961643117	-1.848660698957719	-2.589007712779105
OG0003543.0	OG0010648.5	OG0000147.0
-1.7067472435721203	-3.4301200938519236	-2.9669118306678124
OG0006099.2	OG0000599.0	OG0006237.0
-3.8986188576449754	-1.7269019108215087	-2.1341603478413376
OG0003752.2	OG0005281.1	OG0000407.1
-1.6259342817774622	-2.5968413702571356	-2.039784866105864
OG0013997.0	OG0000018.1	OG0004025.11
-3.0226834370912896	-1.5678957765313228	-1.9677580688625063
OG0000599.0	OG0004590.28	OG0000066.328
-1.7269019108215087	-2.1468826087764485	-1.7233246834968199
OG0000062.12	OG0007191.0	OG0005968.0
-2.5538496598709073	-2.262572817270941	-2.110915901401851
OG0000294.0	OG0006312.0	OG0006873.3
-2.20058107800892	-2.031503691022063	-2.8385637341740133
OG0007539.0	OG0000092.1	OG0003950.0
-3.196276993225842	-1.905628789407483	-2.1159100908664668
OG0000042.314	OG0006208.0	OG0006086.0
-1.7195187256993765	-1.790109992765961	-2.5968413702571356
OG0000059.133	OG0010096.2	OG0006817.2
-1.6188273952832024	-2.324093762105477	-2.7789272174849367
OG0010622.0	OG0002855.2	OG0000407.1
-2.428954279614029	-2.2354839862020475	-2.039784866105864
OG0007421.3	OG0005848.4	OG0000223.2
-2.698061233034664	-3.960159735468209	-1.6095524220066895
OG0003835.22	OG0003646.25	OG0000257.0
-1.6281623826695795	-2.0034666297197794	-1.5253303408390566
OG0000359.28	OG0007744.0	OG0007509.2
-1.63464340296952	-1.5784131268372943	-2.064615689201755
OG0000279.0	OG0003948.1	OG0003512.4
-1.8018830708475446	-1.9192059180417578	-2.269512200736224
OG0007216.0	OG0010752.0	OG0000014.1
-2.6411536693949014	-1.9467496152977501	-1.848660698957719
OG0012273.1	OG0000225.48	OG0003171.1
-1.8403708141787722	-1.5307391533840016	-2.196276993225842
OG0004609.0	OG0006256.0	OG0000407.1
-1.636212158896711	-2.1202942337177118	-2.039784866105864
OG0006731.0	OG0000285.1	OG0005285.0
-1.2513670278087026	-2.0634091701760617	-2.3011592297927903
OG0000869.2	OG0004631.4	OG0008237.0
-3.0	-1.9230305236848892	-2.1536069791476398
OG0000002.1088	OG0000092.1	OG0007072.0
-2.005203073308613	-1.905628789407483	-1.7278573380358242
OG0005639.0	OG0000188.1	OG0008981.0
-1.4908615842822894	-1.855170479161191	-3.6737387921692246
OG0003752.2	OG0000001.2052	OG0000257.0
-1.6259342817774622	-1.9867878885731491	-1.5253303408390566
OG0000290.0	OG0004170.0	OG0010976.0
-1.6624601578025762	-1.0816137655536522	-2.0034666297197794
OG0000018.1	OG0003835.22	OG0007348.0
-1.5678957765313228	-1.6281623826695795	-1.0758240850034457
OG0011336.0	OG0000409.24	OG0004053.9
-3.1765767093147423	-2.291945228671648	-2.428954279614029
OG0013004.2	OG0000183.0	OG0003610.0
-2.1341603478413376	-1.753409497094819	-1.9107730579296047
OG0005507.10	OG0006412.3	OG0000256.24
-1.5456135097711428	-4.081919130152292	-1.3681041409461958
OG0009091.4	OG0003061.8	OG0000336.0
-3.302297338551854	-2.4088950949352212	-2.026205070347394
OG0002627.62	OG0000285.1	OG0000066.328
-1.705805690240682	-2.0634091701760617	-1.7233246834968199
OG0012236.2	OG0007146.0	OG0000264.1
-2.7978644191101516	-1.7607241741174424	-2.5708929182195006
OG0005639.0	OG0005151.29	OG0000409.24
-1.4908615842822894	-2.309717010936488	-2.291945228671648
OG0000042.314	OG0005844.2	OG0010571.0
-1.7195187256993765	-3.612813946416153	-1.8476218545989607
OG0004025.11	OG0000409.24	OG0005709.0
-1.9677580688625063	-2.291945228671648	-1.5777669993169523
OG0000584.0	OG0006388.0	OG0006384.2
-1.8463243502027624	-3.158429362604483	-1.2474226585237327
OG0010694.1	OG0006827.2	OG0000338.41
-2.700872591587623	-2.181803870978292	-1.7690592238760594
OG0004554.6	OG0013502.0	OG0000256.24
-2.77595972578207	-2.3280726151852633	-1.3681041409461958
OG0006311.0	OG0003543.0	OG0000125.49
-1.1363786602577952	-1.7067472435721203	-2.512925319948276
OG0005134.0	OG0000409.24
-2.7670936989931696	-2.291945228671648
OG0000034.305	OG0014990.0	OG0000066.1
-1.8622341919041214	-1.991656541470665	-1.6910567118747863
OG0000276.72	OG0011196.0	OG0006827.2
-2.1584293626044833	-1.5721793160228665	-2.181803870978292
OG0000397.3	OG0000364.1	OG0004090.26
-3.0291463456595165	-1.795358434389579	-2.1665026631401654
OG0000062.12	OG0008570.0	OG0005027.0
-2.5538496598709073	-1.6840860345632576	-2.097270360766624
OG0000092.1	OG0007187.0	OG0006215.0
-1.905628789407483	-2.7055703978906718	-2.1354275372428675
OG0000749.2	OG0007962.0	OG0003298.30
-2.240588467435424	-2.5859727408750985	-2.279283757478869
OG0006799.0	OG0000257.0	OG0012732.0
-2.7749719167459515	-1.5253303408390566	-2.046623000688594
OG0012099.0	OG0004872.6	OG0000198.0
-2.864596469402349	-2.407363571393423	-1.386091221203337
OG0007191.0	OG0006335.0	OG0000338.41
-2.262572817270941	-2.0531942938094603	-1.7690592238760594
OG0006460.2	OG0006257.0	OG0000302.34
-2.117787378107137	-2.4212061673232474	-1.9584766378156495
OG0000711.2	OG0005734.0	OG0002401.1
-2.2674268787048018	-1.442810503529667	-1.6579004351672157
OG0000176.0	OG0009056.0	OG0004090.26
-1.873555700275309	-2.6339716008428806	-2.1665026631401654
OG0000285.1	OG0009056.0	OG0006412.3
-2.0634091701760617	-2.6339716008428806	-4.081919130152292
OG0006099.2	OG0000175.4	OG0004125.0
-3.8986188576449754	-2.589007712779105	-1.6139616401113863
OG0000180.0	OG0005869.0	OG0005765.0
-1.341171575656346	-2.781404798449143	-2.387600316571993
OG0011953.0	OG0006871.4	OG0000407.1
-1.2368434162587132	-2.3778192957794078	-2.039784866105864
OG0006257.0	OG0000125.49	OG0005285.0
-2.4212061673232474	-2.512925319948276	-2.3011592297927903
OG0000711.2	OG0005691.3	OG0011193.0
-2.2674268787048018	-1.920570684997085	-2.0688464694797744
OG0000584.0	OG0005079.0	OG0008960.0
-1.8463243502027624	-3.67853364140747	-2.2474226585237327
OG0004821.2	OG0000225.48	OG0004651.18
-2.389866923543938	-1.5307391533840016	-3.112162828913259
OG0000088.3	OG0006289.0	OG0006412.3
-1.6936210892890369	-1.7971121665298566	-4.081919130152292
OG0005079.0	OG0011485.0	OG0000223.2
-3.67853364140747	-1.9742624385863918	-1.6095524220066895
OG0005756.2	OG0000420.0	OG0004623.10
-2.0923401721467108	-1.712645914970793	-2.646563782138217
OG0007809.2	OG0010762.2	OG0000264.1
-2.5178745359200096	-3.30721574336599	-2.5708929182195006
OG0003843.12	OG0000606.2	OG0005956.0
-2.346664773208869	-2.356236145662658	-1.5810005345687344
OG0002913.0	OG0004590.28	OG0000223.2
-2.037413961643117	-2.1468826087764485	-1.6095524220066895
OG0007167.0	OG0002998.0	OG0000223.2
-2.9551163217602356	-1.9478623766648246	-1.6095524220066895
OG0010694.1	OG0000018.1	OG0004823.2
-2.700872591587623	-1.5678957765313228	-2.1584293626044833
OG0005612.2	OG0012195.4	OG0000120.105
-1.6368850054106818	-2.589007712779105	-1.4847921809641793
OG0000359.28	OG0007486.2	OG0010593.0
-1.63464340296952	-2.6762264363085277	-1.4945155204885048
OG0000225.48	OG0004256.2	OG0004910.0
-1.5307391533840016	-1.8272564832398128	-3.536168320460351
OG0000183.0	OG0006215.0	OG0003072.2
-1.753409497094819	-2.1354275372428675	-2.252225928257295
OG0005134.0	OG0000223.2	OG0010593.0
-2.7670936989931696	-1.6095524220066895	-1.4945155204885048
OG0006799.0	OG0000183.0	OG0013275.0
-2.7749719167459515	-1.753409497094819	-1.7069827279504917
OG0007987.0	OG0000126.1	OG0004501.15
-1.874877939430176	-2.02297657841931	-2.4320652135221836
OG0004699.1	OG0000126.1	OG0012267.0
-2.571750389294305	-2.02297657841931	-3.045729229855121
OG0000062.12	OG0006274.0	OG0006412.3
-2.5538496598709073	-1.7575499263222985	-4.081919130152292
OG0012829.2	OG0000336.0	OG0008204.0
-2.7360041179287613	-2.026205070347394	-2.0985055449524253
OG0000180.0	OG0007216.0	OG0005973.7
-1.341171575656346	-2.6411536693949014	-2.053493701310979
OG0000062.12	OG0011746.0	OG0005619.0
-2.5538496598709073	-2.181476617933702	-3.316168825598677
OG0006004.0	OG0000176.0	OG0006120.4
-1.7908586021614084	-1.873555700275309	-3.130365444186607
OG0002199.2	OG0005639.0	OG0000130.38
-2.9159357352115256	-1.4908615842822894	-1.8546486144273802
OG0006400.2	OG0000364.1	OG0007165.4
-3.5225920697297517	-1.795358434389579	-2.1539279703695424
OG0000183.0	OG0000012.581	OG0005157.0
-1.753409497094819	-1.1106043378457562	-1.411003597994354
OG0000420.0	OG0008569.0	OG0013961.0
-1.712645914970793	-2.2905328986118283	-2.309717010936488
OG0005782.2	OG0004124.0	OG0000081.1
-1.99136969485656	-1.6335239064899043	-2.2048980418771755
OG0002261.32	OG0004554.6	OG0000081.1
-2.103456884144101	-2.77595972578207	-2.2048980418771755
OG0000294.0	OG0007809.2	OG0006231.0
-2.20058107800892	-2.5178745359200096	-1.9392608421423214
OG0000750.0	OG0004037.0	OG0005659.6
-2.3118644115426648	-1.4500844463780447	-2.827256483239813
OG0000290.0	OG0005729.2	OG0003774.0
-1.6624601578025762	-2.1475216763576133	-1.5240850278218214
OG0012708.0	OG0000176.0	OG0008186.0
-2.0691491433591787	-1.873555700275309	-2.7254699553283768
OG0008179.0	OG0006012.0	OG0000198.0
-2.6268251092468837	-2.413499444718575	-1.386091221203337
OG0006459.10	OG0006450.8	OG0000256.24
-1.9796578204828141	-2.272297327162762	-1.3681041409461958
OG0008285.0	OG0004207.12	OG0000018.1
-1.8064174749183515	-2.252913416972182	-1.5678957765313228
OG0006377.0	OG0000261.0	OG0012098.2
-1.7242777438392516	-1.837532132384696	-1.9590374522215022
OG0000175.4	OG0013997.0	OG0004501.15
-2.589007712779105	-3.0226834370912896	-2.4320652135221836
OG0000062.12	OG0011164.2	OG0005852.2
-2.5538496598709073	-2.146243824156365	-2.92631684638356
OG0005336.8	OG0000785.2	OG0003040.0
-2.977099597889921	-1.494718788546733	-2.840629153339797
OG0000420.0	OG0005659.6	OG0013502.0
-1.712645914970793	-2.827256483239813	-2.3280726151852633
OG0008938.0	OG0000257.0	OG0005852.2
-2.2009126939259964	-1.5253303408390566	-2.92631684638356
OG0005829.2	OG0000407.1	OG0010606.0
-2.819088336631431	-2.039784866105864	-1.5245000127350494
OG0004287.3	OG0011403.0	OG0000014.1
-1.5950968778548693	-2.4619585466663363	-1.848660698957719
OG0000263.57	OG0003511.4	OG0010637.3
-3.435338929969181	-1.7754657367202709	-2.140189435198705
OG0004608.0	OG0000431.12	OG0010593.0
-1.9691695698467255	-1.708867987991247	-1.4945155204885048
OG0004362.4	OG0000785.2	OG0011140.0
-1.715959736045904	-1.494718788546733	-1.8536054509394948
OG0000584.0	OG0004807.4	OG0014616.0
-1.8463243502027624	-2.0297353209854716	-4.8618670739100205
OG0000294.0	OG0012273.1	OG0008603.0
-2.20058107800892	-1.8403708141787722	-2.2926519125167304
OG0005845.2	OG0000364.1	OG0011466.0
-3.089267338097087	-1.795358434389579	-2.030619235058392
OG0000042.314	OG0010694.1	OG0006120.4
-1.7195187256993765	-2.700872591587623	-3.130365444186607
OG0000204.2	OG0007509.2	OG0007356.0
-2.006941609418847	-2.064615689201755	-2.615287037577954
OG0009292.1	OG0004609.0	OG0000272.36
-2.291945228671648	-1.636212158896711	-1.810207062179741
OG0009021.0	OG0006887.0	OG0000002.763
-3.15200309344505	-2.355497627581064	-1.8236772273595372
OG0000391.20	OG0005768.6	OG0004089.1
-1.7485535684414182	-1.695722611934325	-3.1379652600447674
OG0000359.28	OG0006141.8	OG0004285.1
-1.63464340296952	-3.6479194862701374	-1.629054587423364
OG0005132.0	OG0000409.24	OG0006326.0
-1.57132159005177	-2.291945228671648	-2.088346762691468
OG0004621.4	OG0000285.1	OG0007721.6
-4.04572922985512	-2.0634091701760617	-3.033864894562046
OG0000204.2	OG0004610.1	OG0005931.4
-2.006941609418847	-2.3019060123889563	-2.9356689537540164
OG0005844.2	OG0000285.1	OG0004274.22
-3.612813946416153	-2.0634091701760617	-2.664288089679538
OG0000785.2	OG0012704.0	OG0003769.4
-1.494718788546733	-1.3838305338132693	-1.8905725733138459
OG0000257.0	OG0008960.0	OG0003375.2
-1.5253303408390566	-2.2474226585237327	-1.815783191907759
OG0006313.0	OG0000110.3	OG0005695.10
-2.751951001562794	-1.5002178798526882	-2.173970213500261
OG0003061.8	OG0000034.305	OG0005793.1
-2.4088950949352212	-1.8622341919041214	-1.936497057693842
OG0000750.0	OG0000425.1	OG0003039.0
-2.3118644115426648	-1.9765317194960947	-2.0098438333726087
OG0008511.4	OG0004053.9	OG0000256.24
-3.0546919530749523	-2.428954279614029	-1.3681041409461958
OG0007033.0	OG0000018.1	OG0006873.3
-1.8406291533397972	-1.5678957765313228	-2.8385637341740133
OG0000261.0	OG0005621.0	OG0006941.0
-1.837532132384696	-3.65018182802414	-1.7712736449415016
OG0004821.2	OG0000225.48	OG0003382.0
-2.389866923543938	-1.5307391533840016	-1.6380071140780375
OG0007539.0	OG0000126.1	OG0011324.0
-3.196276993225842	-2.02297657841931	-3.129733929604017
OG0000336.0	OG0005923.1	OG0004138.22
-2.026205070347394	-2.7978644191101516	-1.8690691301735514
OG0007539.0	OG0006401.2	OG0000130.38
-3.196276993225842	-1.825210106952185	-1.8546486144273802
OG0000261.0	OG0006871.4	OG0006785.2
-1.837532132384696	-2.3778192957794078	-1.50635266602479
OG0004287.3	OG0012099.0	OG0000059.133
-1.5950968778548693	-2.864596469402349	-1.6188273952832024
OG0005707.4	OG0000198.0	OG0003769.4
-3.4401068821617957	-1.386091221203337	-1.8905725733138459
OG0000359.28	OG0003102.40	OG0010624.0
-1.63464340296952	-1.9148473194368616	-3.564136753749792
OG0004531.2	OG0000034.305	OG0004089.1
-1.5149854303096	-1.8622341919041214	-3.1379652600447674
OG0007183.2	OG0000785.2	OG0013045.1
-1.9023892033735776	-1.494718788546733	-2.488026018218199
OG0000261.0	OG0005026.2	OG0000010.2
-1.837532132384696	-1.9151193464087035	-1.7261857554129636
OG0005929.2	OG0000088.3	OG0006397.6
-1.7811568487981264	-1.6936210892890369	-2.336792027519353
OG0005618.0	OG0000230.58	OG0006090.0
-1.8767311125056534	-1.4121549907457225	-1.8732913978030319
OG0000294.0	OG0006194.0	OG0004554.6
-2.20058107800892	-2.535749966088596	-2.77595972578207
OG0008179.0	OG0000204.2	OG0006215.0
-2.6268251092468837	-2.006941609418847	-2.1354275372428675
OG0005167.4	OG0000285.1	OG0005659.6
-2.911586990273275	-2.0634091701760617	-2.827256483239813
OG0008192.2	OG0010952.0	OG0000407.1
-3.286304185156641	-1.314373758749089	-2.039784866105864
OG0000048.122	OG0003661.0	OG0004380.22
-1.92631684638356	-1.7027498788282933	-1.5717503892943052
OG0008211.10	OG0005850.4	OG0000001.2899
-2.0749120451200174	-3.0709665213541433	-1.6248215204103875
OG0000004.1032	OG0000276.72	OG0007202.0
-3.2783036181403276	-2.1584293626044833	-2.39744810252834
OG0000059.133	OG0006469.8	OG0004124.0
-1.6188273952832024	-3.0643139648378215	-1.6335239064899043
OG0007473.0	OG0000263.57	OG0006206.2
-2.5950968778548695	-3.435338929969181	-1.4691302020685912
OG0000320.0	OG0003953.2	OG0004876.0
-2.3072157433659903	-1.695722611934325	-1.6684094241337628
OG0006440.2	OG0000302.34	OG0012694.0
-3.9529921626894624	-1.9584766378156495	-3.2618807112174233
OG0000290.0	OG0009091.4	OG0008570.0
-1.6624601578025762	-3.302297338551854	-1.6840860345632576
OG0002959.32	OG0000092.1	OG0007411.0
-1.9925174236687941	-1.905628789407483	-1.5687514675652392
OG0000279.0	OG0011949.0	OG0005929.2
-1.8018830708475446	-2.4477213090095638	-1.7811568487981264
OG0004631.4	OG0009019.8	OG0000147.0
-1.9230305236848892	-2.220614193801064	-2.9669118306678124
OG0000320.0	OG0011403.0	OG0003786.18
-2.3072157433659903	-2.4619585466663363	-1.5940076403241632
OG0000323.172	OG0000130.38	OG0000010.2
-2.798868033092113	-1.8546486144273802	-1.7261857554129636
OG0000180.0	OG0011403.0	OG0005426.10
-1.341171575656346	-2.4619585466663363	-2.3770696490798233
OG0006099.2	OG0003333.28	OG0000336.0
-3.8986188576449754	-2.0098438333726087	-2.026205070347394
OG0000294.0	OG0001597.53	OG0006228.0
-2.20058107800892	-1.5517333399360451	-1.7883647466728505
OG0000750.0	OG0004759.3	OG0014845.2
-2.3118644115426648	-2.783886641553699	-1.0730896932471135
OG0005687.4	OG0004531.2	OG0000431.12
-3.0279691158586677	-1.5149854303096	-1.708867987991247
OG0007250.0	OG0000062.12	OG0003091.24
-1.917569900054051	-2.5538496598709073	-2.286304185156641
OG0010952.0	OG0007817.0	OG0000130.38
-1.314373758749089	-2.547088335060036	-1.8546486144273802
OG0000183.0	OG0004348.1	OG0004274.22
-1.753409497094819	-2.890572573313846	-2.664288089679538
OG0011007.2	OG0000230.58	OG0005617.0
-2.6047177958677667	-1.4121549907457225	-2.648371670897218
OG0000749.2	OG0003072.2	OG0000218.208
-2.240588467435424	-2.252225928257295	-2.2129019183889955
OG0000059.133	OG0005869.0	OG0007665.0
-1.6188273952832024	-2.781404798449143	-1.9378782880922025
OG0005187.0	OG0000088.3	OG0004240.0
-2.192974874501356	-1.6936210892890369	-2.504304837375931
OG0006021.0	OG0004699.1	OG0000276.72
-1.7946074870103152	-2.571750389294305	-2.1584293626044833
OG0008507.1	OG0005667.0	OG0000014.1
-1.6615470596449509	-2.5344956303704946	-1.848660698957719
OG0005134.0	OG0000059.133	OG0011467.0
-2.7670936989931696	-1.6188273952832024	-1.6515409379135284
OG0000188.1	OG0002490.40
-1.855170479161191	-1.2098952586535459
OG0004537.8	OG0000359.28	OG0004240.0
-1.9649392030948858	-1.63464340296952	-2.504304837375931
OG0006268.0	OG0005428.4	OG0000046.1
-1.3558668393657765	-2.9050883529745333	-1.8293057663129169
OG0004699.1	OG0000257.0	OG0006295.0
-2.571750389294305	-1.5253303408390566	-2.3883554566263383
OG0004649.2	OG0004821.2	OG0000272.36
-1.701810929858678	-2.389866923543938	-1.810207062179741
OG0000014.1	OG0006436.0	OG0012875.0
-1.848660698957719	-2.005203073308613	-2.8064174749183515
OG0004754.7	OG0004274.22	OG0000256.24
-1.664745434758939	-2.664288089679538	-1.3681041409461958
OG0006017.0	OG0000338.41	OG0003729.6
-1.398588723255212	-1.7690592238760594	-2.0017322736212373
OG0007807.0	OG0014990.0	OG0000198.0
-2.1212354287326454	-1.991656541470665	-1.386091221203337
OG0005707.4	OG0003091.24	OG0000130.38
-3.4401068821617957	-2.286304185156641	-1.8546486144273802
OG0000869.2	OG0007183.2	OG0003261.23
-3.0	-1.9023892033735776	-2.250165425587271
OG0004207.12	OG0000092.1	OG0007436.0
-2.252913416972182	-1.905628789407483	-2.395928676331139
OG0000294.0	OG0011489.0	OG0005935.0
-2.20058107800892	-2.950090477556942	-1.748311200521337
OG0000175.4	OG0011170.0	OG0004375.23
-2.589007712779105	-2.76219157045438	-2.9018499789079883
OG0013512.2	OG0000431.12	OG0002401.1
-3.739275754853407	-1.708867987991247	-1.6579004351672157
OG0000092.1	OG0006725.0	OG0004089.1
-1.905628789407483	-2.699934863221239	-3.1379652600447674
OG0003761.0	OG0009073.4	OG0000272.36
-2.1456053222468996	-0.712173132714919	-1.810207062179741
OG0000285.1	OG0005584.0	OG0006450.8
-2.0634091701760617	-2.343732465205711	-2.272297327162762
OG0000359.28	OG0004621.4	OG0009781.2
-1.63464340296952	-4.04572922985512	-3.3971440892428637
OG0006102.2	OG0013522.0	OG0000256.24
-2.272297327162762	-1.6831591504704124	-1.3681041409461958
OG0006436.0	OG0008196.2	OG0000338.41
-2.005203073308613	-3.1558554189406562	-1.7690592238760594
OG0009847.2	OG0000110.3	OG0006867.4
-3.1844245711374275	-1.5002178798526882	-3.3471785404305487
OG0014798.0	OG0000431.12	OG0007453.2
-2.8541269383989554	-1.708867987991247	-4.3004483674769105
OG0000302.34	OG0006390.0	OG0010708.0
-1.9584766378156495	-2.111850995984154	-3.5006260549978325
OG0012195.4	OG0008570.0	OG0000130.38
-2.589007712779105	-1.6840860345632576	-1.8546486144273802
OG0000176.0	OG0004160.0	OG0004409.0
-1.873555700275309	-1.428565884123491	-2.1939647167637806
OG0006427.12	OG0004504.4	OG0000409.24
-2.6610907271910786	-3.2709040918628958	-2.291945228671648
OG0014849.0	OG0005639.0	OG0000599.0
-2.7466157641999254	-1.4908615842822894	-1.7269019108215087
OG0000403.25	OG0005850.4	OG0009840.2
-1.707689411795574	-3.0709665213541433	-2.249822294406943
OG0000183.0	OG0008540.0	OG0005973.7
-1.753409497094819	-3.020925838854548	-2.053493701310979
OG0000160.4	OG0003375.2	OG0009050.10
-1.5153978056277968	-1.815783191907759	-3.059494937256015
OG0008431.6	OG0004740.12	OG0000034.305
-3.5422901500886947	-2.151362038095294	-1.8622341919041214
OG0000154.2	OG0011320.4	OG0007817.0
-1.5864059175908252	-2.9029286294560968	-2.547088335060036
OG0005132.0	OG0003938.8	OG0000285.1
-1.57132159005177	-1.7933567760166047	-2.0634091701760617
OG0004043.1	OG0006857.0	OG0000081.1
-2.4469344559543953	-3.1883645691462563	-2.2048980418771755
OG0005569.4	OG0000285.1	OG0007509.2
-1.7710274302398392	-2.0634091701760617	-2.064615689201755
OG0006453.1	OG0006019.2	OG0000785.2
-2.7631706645136003	-1.8339273240532943	-1.494718788546733
OG0005977.0	OG0005923.1	OG0000130.38
-2.279984264917195	-2.7978644191101516	-1.8546486144273802
OG0011367.0	OG0000606.2	OG0005691.3
-2.878321443411748	-2.356236145662658	-1.920570684997085
OG0000183.0	OG0005398.16	OG0004160.0
-1.753409497094819	-2.197930891195452	-1.428565884123491
OG0006857.0	OG0000225.48	OG0006003.0
-3.1883645691462563	-1.5307391533840016	-1.432843996289213
OG0003775.0	OG0005384.1	OG0000246.0
-1.951205819739195	-2.8916428219095818	-1.7636604608316264
OG0000261.0	OG0004621.4	OG0006397.6
-1.837532132384696	-4.04572922985512	-2.336792027519353
OG0000176.0	OG0008451.4	OG0003358.3
-1.873555700275309	-1.9782360257083436	-2.2467377807321434
OG0004287.3	OG0000092.1	OG0004402.13
-1.5950968778548693	-1.905628789407483	-1.2891219498041206
OG0000154.2	OG0006388.0	OG0013961.0
-1.5864059175908252	-3.158429362604483	-2.309717010936488
OG0000126.1	OG0005853.2	OG0010762.2
-2.02297657841931	-3.5546122956625346	-3.30721574336599
OG0000154.2	OG0003543.0	OG0003258.3
-1.5864059175908252	-1.7067472435721203	-2.379319758775699
OG0002500.1	OG0004492.8	OG0000336.0
-1.7364847759511612	-3.039784866105864	-2.026205070347394
OG0000180.0	OG0002677.13	OG0005843.1
-1.341171575656346	-2.031503691022063	-1.460171189376947
OG0000062.12	OG0004872.6	OG0011193.0
-2.5538496598709073	-2.407363571393423	-2.0688464694797744
OG0004287.3	OG0003905.3	OG0000130.38
-1.5950968778548693	-2.565331744385648	-1.8546486144273802
OG0000302.34	OG0006733.0	OG0004090.26
-1.9584766378156495	-1.712882364211819	-2.1665026631401654
OG0000188.1	OG0012267.0	OG0006392.0
-1.855170479161191	-3.045729229855121	-1.8617097662200885
OG0007421.3	OG0007473.0	OG0000276.72
-2.698061233034664	-2.5950968778548695	-2.1584293626044833
OG0000130.38	OG0005851.2	OG0006306.0
-1.8546486144273802	-3.129102691334971	-1.9822205874387653
OG0003358.3	OG0000088.3	OG0004138.22
-2.2467377807321434	-1.6936210892890369	-1.8690691301735514
OG0005763.2	OG0000359.28	OG0005923.1
-1.4422223286050742	-1.63464340296952	-2.7978644191101516
OG0000785.2	OG0007167.0
-1.494718788546733	-2.9551163217602356
OG0000044.1	OG0004169.4	OG0003610.0
-1.859352206845158	-2.039784866105864	-1.9107730579296047
OG0005436.1	OG0000048.122	OG0007146.0
-2.0661252582846443	-1.92631684638356	-1.7607241741174424
OG0000207.240	OG0012099.0	OG0000264.1
-2.026498928183401	-2.864596469402349	-2.5708929182195006
OG0009292.1	OG0000176.0	OG0008586.0
-2.291945228671648	-1.873555700275309	-2.3346072289581086
OG0000750.0	OG0003118.5	OG0009097.4
-2.3118644115426648	-1.9434164716336324	-1.8054085972262663
OG0003525.58	OG0000246.0	OG0007822.0
-4.139617176861666	-1.7636604608316264	-2.085588555718989
OG0000042.314	OG0007146.0	OG0008482.0
-1.7195187256993765	-1.7607241741174424	-1.9208437933823566
OG0000869.2	OG0007148.0	OG0000426.5
-3.0	-1.729530859689422	-1.9132162338579333
OG0000320.0	OG0005187.0	OG0003072.2
-2.3072157433659903	-2.192974874501356	-2.252225928257295
OG0005691.3	OG0000256.24	OG0006011.0
-1.920570684997085	-1.3681041409461958	-1.2681216511915685
OG0000261.0	OG0006854.0	OG0005146.0
-1.837532132384696	-3.8028894852873036	-2.3086445080689395
OG0002490.40	OG0005995.0	OG0000409.24
-1.2098952586535459	-2.99136969485656	-2.291945228671648
OG0011426.2	OG0000066.1	OG0000002.763
-2.7587699644845545	-1.6910567118747863	-1.8236772273595372
OG0005620.0	OG0008895.6	OG0000599.0
-2.3658714424749596	-2.2646511298141148	-1.7269019108215087
OG0005569.4	OG0003040.0	OG0000130.38
-1.7710274302398392	-2.840629153339797	-1.8546486144273802
OG0009292.1	OG0007453.2	OG0000230.58
-2.291945228671648	-4.3004483674769105	-1.4121549907457225
OG0000359.28	OG0004007.3	OG0006785.2
-1.63464340296952	-1.544140190613815	-1.50635266602479
OG0012182.2	OG0005826.0	OG0000364.1
-2.0350469470992008	-2.7918573526622783	-1.795358434389579
OG0000120.105	OG0006291.0	OG0001836.0
-1.4847921809641793	-2.032388689541312	-1.6243766560710968
OG0012750.0	OG0004124.0	OG0000409.24
-2.089267338097087	-1.6335239064899043	-2.291945228671648
OG0012102.0	OG0000206.0	OG0003769.4
-3.2122332300614325	-1.6355396260397388	-1.8905725733138459
OG0010609.0	OG0007822.0	OG0000147.0
-2.509224518327078	-2.085588555718989	-2.9669118306678124
OG0000062.12	OG0012235.2	OG0007202.0
-2.5538496598709073	-4.275786313242642	-2.39744810252834
OG0006754.6	OG0000285.1	OG0008186.0
-1.5079930244060455	-2.0634091701760617	-2.7254699553283768
OG0000261.0	OG0006854.0	OG0010750.6
-1.837532132384696	-3.8028894852873036	-3.130365444186607
OG0000180.0	OG0006827.2	OG0004910.0
-1.341171575656346	-2.181803870978292	-3.536168320460351
OG0007781.0	OG0000264.1	OG0008482.0
-2.245368999755758	-2.5708929182195006	-1.9208437933823566
OG0005384.1	OG0000420.0	OG0004607.0
-2.8916428219095818	-1.712645914970793	-2.834441745538826
OG0000279.0	OG0004347.0	OG0000107.318
-1.8018830708475446	-1.9384311507319976	-2.900772134225139
OG0005413.12	OG0000263.57	OG0005953.0
-2.276485124126195	-3.435338929969181	-1.4077462998850927
OG0000059.133	OG0003040.0	OG0000244.36
-1.6188273952832024	-2.840629153339797	-4.336573398714718
OG0000869.2	OG0006268.0	OG0005852.2
-3.0	-1.3558668393657765	-2.92631684638356
OG0002490.40	OG0000336.0	OG0007704.0
-1.2098952586535459	-2.026205070347394	-2.187050040544251
OG0000599.0	OG0003039.0	OG0005500.2
-1.7269019108215087	-2.0098438333726087	-3.2967575191524565
OG0005316.15	OG0005031.0	OG0000160.4
-2.178208163792444	-1.8344417455388262	-1.5153978056277968
OG0000048.122	OG0004901.9	OG0007818.0
-1.92631684638356	-3.038598926835721	-3.562175701118391
OG0007772.0	OG0008980.7	OG0000198.0
-2.1449671027979202	-1.7529231680691826	-1.386091221203337
OG0003561.0	OG0000154.2	OG0006828.0
-1.891107598367591	-1.5864059175908252	-1.7183314200271549
OG0007807.0	OG0000176.0	OG0005166.6
-2.1212354287326454	-1.873555700275309	-2.22364329916394
OG0003726.42	OG0006724.0	OG0000044.1
-2.5462453931483027	-1.6868702651621483	-1.859352206845158
OG0000154.2	OG0011270.0	OG0005844.2
-1.5864059175908252	-1.7396129625710626	-3.612813946416153
OG0007196.4	OG0000280.1	OG0000420.0
-2.8401125212694995	-2.045133690098103	-1.712645914970793
OG0006012.0	OG0000785.2	OG0004492.8
-2.413499444718575	-1.494718788546733	-3.039784866105864
OG0000263.57	OG0002677.13	OG0009923.1
-3.435338929969181	-2.031503691022063	-2.141143703808664
OG0000059.133	OG0005869.0	OG0010764.0
-1.6188273952832024	-2.781404798449143	-1.7769482116315585
OG0006024.0	OG0000046.1	OG0003044.18
-1.656535323845471	-1.8293057663129169	-1.682927522463029
OG0006460.2	OG0000407.1	OG0006005.0
-2.117787378107137	-2.039784866105864	-1.9867878885731491
OG0007965.0	OG0004170.0	OG0000046.1
-1.633076351021482	-1.0816137655536522	-1.8293057663129169
OG0008096.5	OG0002361.0	OG0000206.0
-2.0089725529993396	-1.3997302464909953	-1.6355396260397388
OG0000711.2	OG0006442.2	OG0008453.0
-2.2674268787048018	-2.8868329432672653	-1.5353317329965557
OG0006099.2	OG0000044.1	OG0005475.2
-3.8986188576449754	-1.859352206845158	-1.5825120014863339
OG0004208.2	OG0000409.24	OG0007726.2
-1.5580916359964108	-2.291945228671648	-1.8903051351740703
OG0005059.0	OG0007772.0	OG0000584.0
-1.8772610280454547	-2.1449671027979202	-1.8463243502027624
OG0000120.105	OG0004170.0	OG0010735.2
-1.4847921809641793	-1.0816137655536522	-2.365499661764001
OG0005768.6	OG0000198.0	OG0003971.6
-1.695722611934325	-1.386091221203337	-1.520769438793664
OG0005110.0	OG0000176.0	OG0005023.0
-1.6219323512199662	-1.873555700275309	-1.810966175609983
OG0006460.2	OG0009099.2	OG0000034.305
-2.117787378107137	-2.176250639691727	-1.8622341919041214
OG0009080.2	OG0000279.0	OG0003039.0
-2.351074440546879	-1.8018830708475446	-2.0098438333726087
OG0000225.48	OG0004607.0	OG0007070.2
-1.5307391533840016	-2.834441745538826	-2.5059428676863185
OG0009879.2	OG0005621.0	OG0000599.0
-2.4603696753153335	-3.65018182802414	-1.7269019108215087
OG0000420.0	OG0006725.0	OG0005695.10
-1.712645914970793	-2.699934863221239	-2.173970213500261
OG0000180.0	OG0004649.2	OG0006176.0
-1.341171575656346	-1.701810929858678	-3.1739702135002608
OG0000225.48	OG0003039.0	OG0009081.0
-1.5307391533840016	-2.0098438333726087	-2.4876213919244545
OG0008768.2	OG0000431.12	OG0006388.0
-1.2709040918628955	-1.708867987991247	-3.158429362604483
OG0003037.24	OG0000391.20	OG0011466.0
-1.5855396941839017	-1.7485535684414182	-2.030619235058392
OG0006273.0	OG0005620.0	OG0000257.0
-1.233108061588777	-2.3658714424749596	-1.5253303408390566
OG0004007.3	OG0000285.1	OG0009877.2
-1.544140190613815	-2.0634091701760617	-2.013916780335185
OG0006450.8	OG0007744.0	OG0000081.1
-2.272297327162762	-1.5784131268372943	-2.2048980418771755
OG0008540.0	OG0000391.20	OG0008525.0
-3.020925838854548	-1.7485535684414182	-1.5964050493583346
OG0004049.8	OG0000004.1032	OG0000261.0
-2.3353351275814656	-3.2783036181403276	-1.837532132384696
OG0011272.4	OG0000059.133	OG0007452.2
-3.130365444186607	-1.6188273952832024	-3.5919620974404345
OG0000188.1	OG0007071.2	OG0000066.1
-1.855170479161191	-2.157141816744023	-1.6910567118747863
OG0006083.0	OG0000092.1	OG0004931.0
-2.5559690888416076	-1.905628789407483	-2.6144033039877543
OG0012201.0	OG0000785.2	OG0004754.7
-2.0060720794834004	-1.494718788546733	-1.664745434758939
OG0012967.0	OG0000261.0	OG0007526.0
-2.744197163397282	-1.837532132384696	-2.1468826087764485
OG0000294.0	OG0010531.2	OG0007156.2
-2.20058107800892	-2.5487756978733103	-2.034160316911986
OG0006799.0	OG0000223.2	OG0004661.0
-2.7749719167459515	-1.6095524220066895	-2.3606752108291547
OG0004610.1	OG0000711.2	OG0005622.0
-2.3019060123889563	-2.2674268787048018	-4.001385652458903
OG0005701.4	OG0000059.133	OG0006289.0
-2.9839316313723465	-1.6188273952832024	-1.7971121665298566
OG0007458.0	OG0004409.0	OG0000338.41
-2.0267928458865443	-2.1939647167637806	-1.7690592238760594
OG0007514.0	OG0005661.2	OG0000223.2
-2.5504650365217114	-2.0634091701760617	-1.6095524220066895
OG0002959.32	OG0000257.0	OG0008930.0
-1.9925174236687941	-1.5253303408390566	-2.0291463456595165
OG0008211.10	OG0003671.2	OG0000420.0
-2.0749120451200174	-1.6620035364849841	-1.712645914970793
OG0000188.1	OG0006166.2	OG0008569.0
-1.855170479161191	-1.87514253274424	-2.2905328986118283
OG0000750.0	OG0007216.0	OG0011336.0
-2.3118644115426648	-2.6411536693949014	-3.1765767093147423
OG0000022.878	OG0012708.0	OG0000711.2
-1.6787645649839358	-2.0691491433591787	-2.2674268787048018
OG0000290.0	OG0004458.0	OG0007755.1
-1.6624601578025762	-2.053493701310979	-3.827358878288714
OG0012994.0	OG0000204.2	OG0005079.0
-2.5916142085935863	-2.006941609418847	-3.67853364140747
OG0011732.0	OG0000175.4	OG0002855.2
-2.3503385593573003	-2.589007712779105	-2.2354839862020475
OG0000002.763	OG0005158.0	OG0006450.8
-1.8236772273595372	-2.4611638922585346	-2.272297327162762
OG0006857.0	OG0000044.1	OG0011470.0
-3.1883645691462563	-1.859352206845158	-1.3936525332754275
OG0006176.0	OG0000188.1	OG0006027.0
-3.1739702135002608	-1.855170479161191	-2.1325779246916947
OG0005703.0	OG0005134.0	OG0000599.0
-1.6730025354342413	-2.7670936989931696	-1.7269019108215087
OG0002627.62	OG0004492.8	OG0000364.1
-1.705805690240682	-3.039784866105864	-1.795358434389579
OG0004207.12	OG0000359.28	OG0006236.0
-2.252913416972182	-1.63464340296952	-2.957916041328748
OG0000869.2	OG0008940.1	OG0004554.6
-3.0	-2.67853364140747	-2.77595972578207
OG0010302.3	OG0000034.305	OG0005323.0
-1.5551209435844409	-1.8622341919041214	-2.379319758775699
OG0010694.1	OG0000204.2	OG0002557.50
-2.700872591587623	-2.006941609418847	-2.747099971299919
OG0000285.1	OG0003838.7	OG0008497.0
-2.0634091701760617	-3.416885331796445	-2.2789336312689503
OG0004049.8	OG0000364.1	OG0005341.0
-2.3353351275814656	-1.795358434389579	-1.4188898247744504
OG0000294.0	OG0006982.0	OG0006827.2
-2.20058107800892	-1.5711072382140843	-2.181803870978292
OG0007196.4	OG0000431.12	OG0000244.36
-2.8401125212694995	-1.708867987991247	-4.336573398714718
OG0008934.0	OG0006827.2	OG0000246.0
-1.9697345571423308	-2.181803870978292	-1.7636604608316264
OG0004631.4	OG0000407.1	OG0004637.1
-1.9230305236848892	-2.039784866105864	-1.501646998385488
OG0004856.1	OG0000014.1	OG0004053.9
-1.5504650365217114	-1.848660698957719	-2.428954279614029
OG0007448.2	OG0010622.0	OG0000126.1
-2.097270360766624	-2.428954279614029	-2.02297657841931
OG0000261.0	OG0003192.0	OG0007079.10
-1.837532132384696	-1.4611638922585346	-2.163591067720262
OG0000711.2	OG0004807.4	OG0008355.0
-2.2674268787048018	-2.0297353209854716	-2.8385637341740133
OG0005132.0	OG0000126.1	OG0006215.0
-1.57132159005177	-2.02297657841931	-2.1354275372428675
OG0004958.0	OG0011170.0	OG0000198.0
-2.2604974943896146	-2.76219157045438	-1.386091221203337
OG0005734.0	OG0000263.57	OG0007167.0
-1.442810503529667	-3.435338929969181	-2.9551163217602356
OG0000062.12	OG0009251.1	OG0007452.2
-2.5538496598709073	-2.291945228671648	-3.5919620974404345
OG0000869.2	OG0004390.1	OG0004754.7
-3.0	-1.6522209732977382	-1.664745434758939
OG0005696.4	OG0000042.314	OG0006821.0
-2.107181572204967	-1.7195187256993765	-3.058292691319033
OG0003744.6	OG0000198.0	OG0012224.0
-1.5370053933245014	-1.386091221203337	-3.6326289343514704
OG0000034.305	OG0004807.4	OG0007079.10
-1.8622341919041214	-2.0297353209854716	-2.163591067720262
OG0006053.1	OG0004759.3	OG0000785.2
-2.7302486779516255	-2.783886641553699	-1.494718788546733
OG0000599.0	OG0004623.10	OG0007476.6
-1.7269019108215087	-2.646563782138217	-1.3955490696874837
OG0014828.2	OG0004621.4	OG0000749.2
-2.435963338133392	-4.04572922985512	-2.240588467435424
OG0006440.2	OG0006425.0	OG0000059.133
-3.9529921626894624	-2.0752159943555015	-1.6188273952832024
OG0002500.1	OG0007191.0	OG0000584.0
-1.7364847759511612	-2.262572817270941	-1.8463243502027624
OG0000042.314	OG0005355.1	OG0004854.4
-1.7195187256993765	-2.8959317735362835	-2.3230105221290027
OG0000711.2	OG0006392.0	OG0004038.24
-2.2674268787048018	-1.8617097662200885	-2.7700429914156377
OG0000972.70	OG0000018.1	OG0004412.2
-2.079173172811086	-1.5678957765313228	-2.1491205849119286
OG0003561.0	OG0006083.0	OG0000110.3
-1.891107598367591	-2.5559690888416076	-1.5002178798526882
OG0006784.2	OG0000059.133	OG0006392.0
-3.1857367086002184	-1.6188273952832024	-1.8617097662200885
OG0000509.168	OG0004459.0	OG0000147.0
-2.6859415911417397	-3.040971781056306	-2.9669118306678124
OG0005719.2	OG0005696.4	OG0000336.0
-1.8011287204821809	-2.107181572204967	-2.026205070347394
OG0000062.12	OG0008358.1	OG0008540.0
-2.5538496598709073	-1.8129924330229672	-3.020925838854548
OG0006257.0	OG0000711.2	OG0003543.0
-2.4212061673232474	-2.2674268787048018	-1.7067472435721203
OG0005134.0	OG0008496.8	OG0000264.1
-2.7670936989931696	-2.8515213840680325	-2.5708929182195006
OG0010752.0	OG0000257.0	OG0004931.0
-1.9467496152977501	-1.5253303408390566	-2.6144033039877543
OG0000175.4	OG0008523.2	OG0005323.0
-2.589007712779105	-1.6854774782083852	-2.379319758775699
OG0000225.48	OG0008911.7	OG0006392.0
-1.5307391533840016	-2.0014434168696686	-1.8617097662200885
OG0011763.0	OG0006867.4	OG0000230.58
-2.7226103011891363	-3.3471785404305487	-1.4121549907457225
OG0009292.1	OG0000711.2	OG0006388.0
-2.291945228671648	-2.2674268787048018	-3.158429362604483
OG0005034.12	OG0000183.0	OG0005667.0
-2.259806382979565	-1.753409497094819	-2.5344956303704946
OG0000869.2	OG0008113.0	OG0004025.11
-3.0	-1.8876334769274368	-1.9677580688625063
OG0000285.1	OG0004124.0	OG0004518.0
-2.0634091701760617	-1.6335239064899043	-1.501851273789849
OG0000214.0	OG0008068.0	OG0000066.328
-1.4204336398397874	-2.794357258054543	-1.7233246834968199
OG0003651.3	OG0003512.4	OG0000246.0
-2.3226496228048217	-2.269512200736224	-1.7636604608316264
OG0006460.2	OG0006190.0	OG0000606.2
-2.117787378107137	-2.118413683756604	-2.356236145662658
OG0000154.2	OG0000107.318	OG0007525.0
-1.5864059175908252	-2.900772134225139	-1.613520111403766
OG0011354.0	OG0000785.2	OG0004459.0
-2.084976336299282	-1.494718788546733	-3.040971781056306
OG0004631.4	OG0010166.2	OG0000130.38
-1.9230305236848892	-1.9132162338579333	-1.8546486144273802
OG0000044.1	OG0004025.11	OG0009083.9
-1.859352206845158	-1.9677580688625063	-1.121549296903336
OG0004910.0	OG0000223.2	OG0003610.0
-3.536168320460351	-1.6095524220066895	-1.9107730579296047
OG0014609.0	OG0000420.0	OG0006841.0
-2.301870442546109	-1.712645914970793	-3.8900377466011817
OG0000048.122	OG0009073.4	OG0007165.4
-1.92631684638356	-0.712173132714919	-2.1539279703695424
OG0005573.0	OG0004951.0	OG0000130.38
-2.549620119928959	-2.3989691306511904	-1.8546486144273802
OG0013513.2	OG0008569.0	OG0000198.0
-2.446148031818874	-2.2905328986118283	-1.386091221203337
OG0007150.0	OG0000214.0	OG0006120.4
-1.941198646383814	-1.4204336398397874	-3.130365444186607
OG0012001.0	OG0005854.2	OG0000409.24
-2.1577854460390564	-2.165207895235545	-2.291945228671648
OG0005573.0	OG0000147.0	OG0004090.26
-2.549620119928959	-2.9669118306678124	-2.1665026631401654
OG0007260.0	OG0000246.0	OG0003358.3
-2.0709665213541437	-1.7636604608316264	-2.2467377807321434
OG0000154.2	OG0000002.1088	OG0005059.0
-1.5864059175908252	-2.005203073308613	-1.8772610280454547
OG0005520.0	OG0008551.0	OG0000002.763
-1.3978282092466208	-1.0118788695359795	-1.8236772273595372
OG0000120.105	OG0003641.0	OG0006346.0
-1.4847921809641793	-2.4619585466663363	-1.0699061059878505
OG0000359.28	OG0009868.0	OG0004160.0
-1.63464340296952	-2.192974874501356	-1.428565884123491
OG0000290.0	OG0007493.0	OG0005062.1
-1.6624601578025762	-4.4665761938054	-2.0797219463164875
OG0000175.4	OG0010617.4	OG0004170.0
-2.589007712779105	-2.814513995871922	-1.0816137655536522
OG0005384.1	OG0004607.0	OG0000272.36
-2.8916428219095818	-2.834441745538826	-1.810207062179741
OG0000180.0	OG0000207.240	OG0005949.0
-1.341171575656346	-2.026498928183401	-2.3140150132440978
OG0005316.15	OG0013994.0	OG0000125.49
-2.178208163792444	-3.2667324406452374	-2.512925319948276
OG0004622.6	OG0000359.28	OG0006526.0
-3.3586019472232773	-1.63464340296952	-3.9005566618864678
OG0006440.2	OG0006466.0	OG0000206.0
-3.9529921626894624	-1.5961869383834104	-1.6355396260397388
OG0000044.1	OG0005850.4	OG0004230.28
-1.859352206845158	-3.0709665213541433	-2.389866923543938
OG0000062.12	OG0009847.2	OG0008540.0
-2.5538496598709073	-3.1844245711374275	-3.020925838854548
OG0004892.3	OG0000160.4	OG0007165.4
-1.7597467384154952	-1.5153978056277968	-2.1539279703695424
OG0004207.12	OG0000257.0	OG0010762.2
-2.252913416972182	-1.5253303408390566	-3.30721574336599
OG0000154.2	OG0005570.0	OG0007165.4
-1.5864059175908252	-1.3827015171591537	-2.1539279703695424
OG0005589.0	OG0003298.30	OG0000264.1
-2.7154858667557544	-2.279283757478869	-2.5708929182195006
OG0005742.0	OG0008569.0	OG0000048.122
-2.4695296746008095	-2.2905328986118283	-1.92631684638356
OG0004949.2	OG0014828.2	OG0000257.0
-3.038006322579745	-2.435963338133392	-1.5253303408390566
OG0004622.6	OG0000125.49	OG0013023.0
-3.3586019472232773	-2.512925319948276	-2.110292841560213
OG0005576.4	OG0005829.2	OG0000206.0
-1.5968413702571356	-2.819088336631431	-1.6355396260397388
OG0000360.25	OG0000276.72	OG0010631.0
-4.036940247949519	-2.1584293626044833	-2.7656213106623855
OG0000711.2	OG0005476.1	OG0003661.0
-2.2674268787048018	-1.9839316313723467	-1.7027498788282933
OG0000294.0	OG0004404.1	OG0003761.0
-2.20058107800892	-3.080698059371917	-2.1456053222468996
OG0000359.28	OG0006129.1	OG0007717.0
-1.63464340296952	-2.6547171824064915	-2.7646405526090545
OG0000290.0	OG0004053.9	OG0003950.0
-1.6624601578025762	-2.428954279614029	-2.1159100908664668
OG0000066.328	OG0000606.2	OG0010700.2
-1.7233246834968199	-2.356236145662658	-2.6104331882372747
OG0003671.2	OG0000198.0	OG0013006.4
-1.6620035364849841	-1.386091221203337	-2.724039419721936
OG0008060.10	OG0004022.8	OG0000256.24
-2.9290611786565623	-1.911586990273275	-1.3681041409461958
OG0013998.0	OG0004459.0	OG0000230.58
-2.7514651638613215	-3.040971781056306	-1.4121549907457225
OG0004892.3	OG0000749.2	OG0006841.0
-1.7597467384154952	-2.240588467435424	-3.8900377466011817
OG0000750.0	OG0005618.0	OG0009009.1
-2.3118644115426648	-1.8767311125056534	-3.0168330842206648
OG0004740.12	OG0006335.0	OG0000081.1
-2.151362038095294	-2.0531942938094603	-2.2048980418771755
OG0000403.25	OG0009099.2	OG0004621.4
-1.707689411795574	-2.176250639691727	-4.04572922985512
OG0000225.48	OG0000010.2	OG0005651.0
-1.5307391533840016	-1.7261857554129636	-1.3847720564211743
OG0000599.0	OG0006283.0	OG0005622.0
-1.7269019108215087	-2.5657587667480635	-4.001385652458903
OG0000066.1	OG0000409.24	OG0009097.4
-1.6910567118747863	-2.291945228671648	-1.8054085972262663
OG0000279.0	OG0006208.0	OG0000207.240
-1.8018830708475446	-1.790109992765961	-2.026498928183401
OG0000018.1	OG0004274.22	OG0006867.4
-1.5678957765313228	-2.664288089679538	-3.3471785404305487
OG0003543.0	OG0000336.0	OG0000107.318
-1.7067472435721203	-2.026205070347394	-2.900772134225139
OG0008551.0	OG0000285.1	OG0007835.4
-1.0118788695359795	-2.0634091701760617	-2.1491205849119286
OG0000034.305	OG0003040.0	OG0004650.6
-1.8622341919041214	-2.840629153339797	-3.4408900192133185
