OG0002252.0	OG0000606.2	OG0006400.2	OG0004324.0	OG0000019.257	OG0001967.0	OG0006804.0	OG0002346.16	OG0000835.7	OG0000177.8
nan	nan	0.6155170999999999	3.186394	nan	1.0890799999999998	0.4374031	1.538705	0.9340764000000001	5.586796
OG0010586.2	OG0000629.1
1.2143760000000001	236.0761
OG0000008.1	OG0002100.0	OG0003138.0	OG0013583.0	OG0000894.25	OG0011933.0
8.079631	nan	13.85793	8.067056	nan	1.248034
OG0009897.1	OG0000015.1	OG0008348.0	OG0004260.3
1.1309559999999999	nan	1.1054629999999999	4.992061
OG0009928.2	OG0004907.8	OG0002233.0	OG0014692.1
2.839411	nan	nan	8.117105
OG0004857.5	OG0005805.2	OG0000759.38	OG0012064.0
3.5435449999999995	0.8360356	nan	nan
OG0006365.0	OG0022275.0	OG0013569.4	OG0007125.8	OG0000698.19	OG0007387.6
nan	1.408859	8.185448	0.6538129	nan	2.240639
OG0000988.1	OG0006853.0
nan	4.529682
OG0006049.4	OG0000881.3	OG0002407.0	OG0006707.0
3.186077	1.223184	2.671241	218.4359
OG0011162.10	OG0013979.0	OG0004808.0	OG0011350.0
8.058810000000001	2.292163	8.992155	2.501423
OG0006508.0	OG0004458.0	OG0004594.1	OG0001112.46
219.8878	0.1923987	3.6403510000000003	47.20005
OG0003927.3	OG0005800.0	OG0012876.0	OG0011951.0	OG0014010.0
nan	nan	1.194028	1.6959939999999998	2.20739
OG0018987.0	OG0000349.0	OG0001996.0	OG0003168.0	OG0004871.0	OG0003296.0
1.390633	2.254695	nan	20.50613	11.604000000000001	13.78046
OG0001623.1	OG0002592.3	OG0006414.0	OG0007022.0	OG0010577.0	OG0000928.30
1.3599860000000001	3.212955	2.231816	1.6804430000000001	nan	nan
OG0006005.0	OG0011934.2	OG0001343.24	OG0000171.0	OG0005144.1	OG0014614.0
26.61515	1.8626610000000001	nan	263.85900000000004	5.415437	1.367585
OG0003379.4	OG0003455.2	OG0009822.0
45.57609	45.28334	0.8188364
OG0014573.0	OG0000496.0	OG0003203.2	OG0006879.1	OG0003806.0
1.6443139999999998	5.292635	26.239959999999996	4.541951999999999	45.14027
OG0018073.2	OG0018143.0	OG0002749.0
8.117349	nan	45.87917
OG0003956.4	OG0000673.136	OG0000288.62	OG0002498.2	OG0006488.0
nan	nan	2.503345	nan	0.9801363999999999
OG0012218.2	OG0000443.38	OG0002884.0	OG0000445.0	OG0010688.2
0.7297015	14.00254	45.04037	0.48126899999999995	1.014448
OG0002911.0	OG0002657.5	OG0005487.0	OG0013598.0	OG0000498.0
2.818833	15.952729999999999	1.7122549999999999	nan	nan
OG0004182.0	OG0004970.0	OG0005229.4	OG0003428.0	OG0012464.0
72.07574	10.375869999999999	9.104336	22.68076	1.787318
OG0002168.0	OG0004059.0	OG0004169.4	OG0000388.1
nan	73.0749	3.791443	nan
OG0004112.0	OG0006168.0	OG0000029.8	OG0004215.0
2.4691959999999997	1.228509	1.10703	nan
OG0001624.47	OG0000712.4	OG0010585.2	OG0010772.2
7.801684	nan	1.769998	2.6187970000000003
OG0000351.18	OG0008274.0	OG0004088.2	OG0005949.0	OG0001237.24	OG0000338.41
0.7364149999999999	2.814463	1.413427	nan	nan	nan
OG0016286.0	OG0007212.0	OG0005814.0	OG0010045.0
2.267824	2.7845310000000003	0.5670014	5.315638
OG0008161.2	OG0009957.2
3.615296	0.8642135
OG0013059.0	OG0001412.1	OG0001046.24	OG0009969.2	OG0017978.2	OG0007098.2
1.9250180000000001	nan	nan	1.309982	8.105549	2.693793
OG0004188.2	OG0005859.0	OG0005693.0	OG0009977.0	OG0007023.0
117.234	0.43675569999999997	2.85122	1.811335	217.5348
OG0002973.1	OG0007746.4	OG0000490.11
5.143415	nan	nan
OG0005072.2	OG0003528.0	OG0006078.4	OG0011481.0
3.9862300000000004	2.921056	1.807268	0.6085845
OG0002671.0	OG0001486.1	OG0004589.2	OG0006902.4	OG0000704.0	OG0008556.0
2.600879	nan	0.9054583	19.85127	nan	2.966193
OG0018989.0	OG0002371.2	OG0008753.0	OG0007427.0	OG0000684.0
1.403575	9.877569	20.34627	3.1883220000000003	nan
OG0002662.14	OG0002366.0	OG0005329.1	OG0009804.0	OG0005553.0	OG0003915.0
4.850098	5.768314	20.02421	0.6448396	45.62595	1.59805
OG0007925.0	OG0009002.5	OG0005397.0
217.6747	1.807934	3.979139
OG0006625.0	OG0000198.0	OG0006842.1	OG0001359.2
217.0865	nan	146.4062	2.787492
OG0000996.1	OG0005084.2	OG0006645.0
nan	nan	217.544
OG0018979.0	OG0007321.0	OG0005853.2
2.181982	223.4898	4.2078050000000005
OG0006644.0
215.2943
OG0000274.29	OG0006055.0	OG0004029.0	OG0000268.165	OG0004358.1	OG0001132.24
nan	nan	2.226921	220.7942	0.3543348	nan
OG0007072.0	OG0006243.2	OG0003222.0	OG0002383.22	OG0001905.0	OG0015397.2	OG0007801.6
4.049892	214.8581	1.8804619999999999	5.0765	0.9984579	2.223992	3.479946
OG0001673.0	OG0000364.1	OG0004568.1	OG0006114.1
nan	nan	0.8639831	nan
OG0005092.2	OG0004420.2	OG0000488.0	OG0001538.6
1.861056	2.052459	0.4571094	nan
OG0005568.0	OG0006637.5	OG0000244.49	OG0011492.0	OG0020736.0
224.9258	4.562401	1.519872	1.9273650000000002	nan
OG0003191.18	OG0000111.164	OG0003833.22	OG0002342.1
45.594409999999996	nan	1.014525	4.511523
OG0003879.4	OG0011375.0	OG0001786.20
2.96614	0.9110366	8.0915
OG0012975.0	OG0004487.6	OG0005839.0	OG0002373.38	OG0007511.2
0.8965388000000001	2.8596470000000003	5.570295	45.09814	nan
OG0004362.4	OG0000829.5	OG0005727.0
0.8052608	nan	215.2466
OG0001476.0	OG0007429.0
1.1281450000000002	3.1463740000000002
OG0007744.0	OG0000294.0
1.8740560000000002	nan
OG0000098.0	OG0013998.0	OG0002495.29	OG0017998.0	OG0007582.2
1.986865	2.9917860000000003	2.178824	8.181463	4.672025
OG0016947.0	OG0004620.0	OG0002484.5	OG0001219.24	OG0005889.4	OG0000493.20	OG0018476.0	OG0015363.2
2.61138	nan	2.455853	nan	9.333548	4.04039	1.732643	1.314725
OG0012179.2	OG0012732.0	OG0014035.0	OG0000986.24
2.982144	4.145255000000001	2.241057	nan
OG0006389.4	OG0006680.0	OG0003785.0
6.042633	219.9324	22.57179
OG0007421.3	OG0009005.0	OG0011296.2	OG0000541.0	OG0011931.6
2.008687	1.694834	222.4224	1.5696290000000002	8.074748
OG0003862.32	OG0007032.0	OG0004939.0	OG0000017.1174	OG0006486.0	OG0004817.2
3.1852139999999998	220.7684	5.121427	0.3141384	0.5351378999999999	8.975028
OG0006743.4	OG0005447.3	OG0006781.4	OG0010623.2	OG0002360.1	OG0012127.2
2.002553	5.571809	10.68595	2.5753630000000003	0.6057429	228.2908
OG0007001.0	OG0014671.6	OG0003793.0
5.649414	8.079386999999999	0.38645450000000003
OG0006160.0	OG0007053.2	OG0002885.12
1.889354	216.88	0.9340821
OG0007393.0	OG0011960.4	OG0015317.0
10.60338	1.7584080000000002	1.640568
OG0004477.4	OG0013561.4	OG0005032.2	OG0002501.0	OG0000730.24
5.439996	nan	20.60158	0.42084659999999996	nan
OG0003430.0	OG0018416.0
45.71457	1.810572
OG0007044.4	OG0008321.0	OG0003422.0	OG0006844.0	OG0003479.0	OG0007414.0	OG0010776.4
4.637315	188.2433	45.468379999999996	3.61439	nan	3.258156	2.265499
OG0002963.0	OG0005934.2	OG0004138.22	OG0004740.12	OG0001918.20	OG0003392.0	OG0005487.0	OG0005167.4
1.281412	2.2077169999999997	nan	1.5481790000000002	2.095516	1.725998	1.7122549999999999	nan
OG0001180.24	OG0007546.0
nan	3.006128
OG0004715.0	OG0000395.121	OG0012260.0	OG0001929.26	OG0002101.0
3.899842	nan	2.5733610000000002	2.272421	nan
OG0000268.165	OG0020425.0	OG0000232.19	OG0001130.24
220.7942	3.393607	nan	nan
OG0003458.0	OG0013915.4
45.68632	0.9524353999999999
OG0012703.2	OG0012439.0	OG0013479.7	OG0001740.7	OG0007599.0
1.916439	2.4562150000000003	1.837422	nan	2.852927
OG0005562.2
7.705100999999999
OG0003825.26	OG0015295.0	OG0002332.0	OG0014004.0
115.4324	2.67255	nan	1.53768
OG0002483.10	OG0004169.4
1.6691369999999999	3.791443
OG0001901.0	OG0006483.2	OG0007523.4	OG0004475.8	OG0014690.4	OG0000495.1
2.1773740000000004	0.7835453	2.2071419999999997	9.428536	nan	0.7177203000000001
OG0012912.2	OG0013489.2	OG0004532.24	OG0005050.1	OG0008487.1	OG0002045.0	OG0010747.10
2.507589	0.7786347	45.36288	2.6710130000000003	0.8855344	nan	1.648152
OG0002466.0	OG0000641.1	OG0007394.2	OG0002763.0	OG0004843.6	OG0011161.4	OG0014767.1
3.055518	3.333022	nan	2.44935	9.323075	8.02576	8.103209
OG0007977.0	OG0004794.1	OG0004352.0	OG0003833.22	OG0000867.24	OG0005416.0
7.746135000000001	2.134421	15.931970000000002	1.014525	nan	7.186103
OG0012679.2	OG0008618.1	OG0000211.5	OG0000376.94	OG0014806.4	OG0007429.0
1.147192	1.745191	8.014619999999999	5.353237	8.055617999999999	3.1463740000000002
OG0003360.2	OG0001015.0	OG0007513.0	OG0007021.0	OG0001860.0
16.820079999999997	3.286599	147.2964	213.9539	nan
OG0001651.108	OG0007320.10
nan	4.603475
OG0007371.2	OG0004561.41	OG0005267.1	OG0000002.2	OG0010731.0
4.478184	nan	11.665389999999999	nan	4.54154
OG0000862.1	OG0011592.0	OG0007096.7	OG0005871.0
2.504783	3.14266	nan	0.24184589999999997
OG0008556.0	OG0001662.7	OG0000336.0	OG0000327.1	OG0001127.28	OG0003743.36
2.966193	5.382562	nan	8.160049	nan	215.0953
OG0012665.4
1.17851
OG0003148.2	OG0007486.2	OG0004088.2	OG0014795.4	OG0009015.6
15.37089	3.813998	1.413427	8.040550999999999	2.969205
OG0001553.14	OG0006025.0	OG0005192.4
nan	5.587857	2.6061959999999997
OG0004777.0	OG0003983.0	OG0010671.0	OG0002133.0	OG0002626.26	OG0003660.2	OG0002075.0	OG0001525.51	OG0006272.0
4.908619	0.9902593000000001	3.4499239999999998	nan	72.04016999999999	4.28905	nan	13.81281	26.14196
OG0002292.0	OG0013462.4	OG0011574.0	OG0000001.425	OG0006365.0	OG0000111.164
nan	1.346833	nan	nan	nan	nan
OG0006688.0	OG0011172.0	OG0015185.2	OG0000416.102
218.8321	2.846991	2.013614	1.207251
OG0006753.0	OG0002792.1	OG0011405.0
4.035404	nan	0.8715576999999999
OG0008062.2	OG0008125.0	OG0000450.6	OG0000748.0	OG0001539.22
7.974156	2.044234	1.154627	2.5485189999999998	nan
OG0001068.1	OG0000376.174	OG0003083.0
nan	220.3777	215.8628
OG0001158.3	OG0008730.12	OG0006888.6
nan	1.340375	1.586478
OG0003328.36	OG0013863.2	OG0001583.18
5.182181	2.963756	nan
OG0008444.0	OG0007873.6	OG0000439.0	OG0002682.12	OG0003497.0	OG0008483.2
1.9647860000000001	4.65825	nan	2.171065	45.469590000000004	0.7372245
OG0016940.0	OG0001976.0	OG0005677.3
1.334724	1.209039	147.6782
OG0004272.1	OG0004780.0	OG0007765.0	OG0000471.2
215.8254	26.10856	2.576938	nan
OG0009208.0	OG0014584.0
3.4367160000000005	1.535721
OG0001024.30	OG0006614.0	OG0000577.45
7.1009020000000005	216.2758	2.6238479999999997
OG0005268.8	OG0001056.26	OG0001341.18
11.87427	nan	nan
OG0012651.6	OG0004770.1	OG0001220.24
1.705177	20.31395	nan
OG0001693.0	OG0008113.0	OG0016264.2	OG0005077.4	OG0005038.2	OG0002887.0	OG0000326.0	OG0004446.2
256.5873	1.8968630000000002	nan	10.31177	6.976222999999999	7.338767999999999	3.650955	4.558288
OG0013583.0	OG0012995.0	OG0004746.0
8.067056	1.339217	nan
OG0003218.0	OG0009305.0	OG0007943.0	OG0007526.0
2.025583	4.3639339999999995	217.8584	5.233937999999999
OG0009110.6	OG0001343.24	OG0020530.0
0.7513444	nan	3.423317
OG0020890.0	OG0000609.44	OG0008777.0	OG0005001.32
1.029136	nan	3.485901	4.616152
OG0007479.0	OG0002689.2	OG0003767.0	OG0005259.0	OG0003749.1	OG0006900.0
1.650608	22.29205	45.75669	3.4279029999999997	45.21894	20.11417
OG0004287.3	OG0003869.12	OG0008601.0	OG0001667.0
0.3613849	115.9501	168.1277	nan
OG0001596.5	OG0001433.2	OG0016193.0
2.702395	1.222124	8.067509
OG0005840.28	OG0007310.0
1.6981099999999998	217.4838
OG0004461.4	OG0012401.2	OG0012122.1	OG0000399.0	OG0000096.148	OG0006077.4
9.483362	nan	nan	4.1425	135.5119	2.3551889999999998
OG0006020.0	OG0000361.81	OG0016085.0	OG0009211.2
25.872989999999998	nan	2.152614	nan
OG0008182.0	OG0004545.0	OG0004118.0
3.453005	1.403256	0.2149744
OG0006814.0	OG0006935.0
4.85784	4.6455470000000005
OG0004153.28	OG0000752.25	OG0002408.0
213.4374	nan	1.683303
OG0003189.0	OG0009953.0	OG0000154.251
26.703290000000003	1.9838080000000002	1.113302
OG0005485.2	OG0015311.0	OG0005325.0	OG0002331.0	OG0005482.0
4.620405	1.973234	1.060029	nan	13.153270000000001
OG0004348.1	OG0005747.14	OG0020468.0	OG0003194.15	OG0013998.0	OG0011199.6
1.824868	2.782269	3.3668169999999997	3.618718	2.9917860000000003	4.850137
OG0013978.4	OG0012268.0	OG0000001.2	OG0004040.1	OG0008364.0
1.287094	nan	1.580079	2.651628	1.389885
OG0003475.12	OG0008155.2	OG0000196.0	OG0003490.0
4.032829	3.647407	0.8986194	45.03533
OG0010744.4	OG0001281.24	OG0004481.0	OG0002418.9	OG0004520.2
1.218304	nan	1.440942	5.195508	4.950328
OG0004484.10	OG0006161.1	OG0002200.4	OG0006598.0	OG0004726.1
14.392579999999999	3.5272449999999997	1.172502	220.8492	2.399613
OG0012222.4	OG0009254.0	OG0010736.0
2.305293	nan	4.593754
OG0001571.22	OG0001982.0	OG0004867.1	OG0002444.1	OG0012999.0	OG0000711.2
20.3742	19.761589999999998	4.616089	3.9031870000000004	1.914771	nan
OG0005728.0	OG0000130.3	OG0002765.0	OG0014010.0	OG0010625.0
213.8617	3.4382629999999996	0.41506040000000005	2.20739	2.453354
OG0001964.1	OG0011387.0
2.632984	4.463531
OG0002379.2	OG0002792.1	OG0004677.10
2.473608	nan	0.8237665000000001
OG0014053.1	OG0003061.8	OG0003532.0	OG0007351.6
2.2195150000000003	1.7271990000000002	54.354690000000005	221.5799
OG0008915.0	OG0006260.0	OG0016967.0
54.80388000000001	13.93374	1.028904
OG0008472.6	OG0013026.0	OG0000478.2	OG0009120.0	OG0007584.0	OG0008615.0	OG0010758.0
2.4155599999999997	3.015243	1.8638139999999999	170.6809	nan	3.31475	nan
OG0006881.2	OG0006590.0	OG0002018.0	OG0004286.0	OG0009184.0
2.499926	214.3822	nan	1.28972	5.327336
OG0016900.2	OG0014033.0	OG0002549.36
2.622608	2.214972	45.218579999999996
OG0006605.0	OG0004496.0	OG0001367.24	OG0005700.0	OG0004087.24	OG0017015.0
223.5582	1.9941689999999999	nan	1.236653	2.948408	1.657134
OG0008065.2	OG0012932.2	OG0000316.89
2.620444	3.538504	2.464142
OG0002667.22	OG0008748.2	OG0011401.0
4.901351999999999	4.302084	2.425807
OG0008070.0	OG0007708.0	OG0001484.28
3.051325	3.4644129999999995	2.504693
OG0002072.0	OG0004571.0	OG0005202.0	OG0009971.0
nan	nan	2.71057	0.9038156999999999
OG0006842.1	OG0004111.0	OG0000146.1	OG0016262.0	OG0020589.0
146.4062	22.20365	4.407271	2.750059	0.9713206
OG0001817.10	OG0008939.0	OG0001269.1	OG0013963.0
20.18966	8.052216	nan	1.53105
OG0006302.0	OG0002134.0	OG0013947.0	OG0008700.2	OG0005118.8	OG0009087.2	OG0005075.6	OG0004241.1
211.9007	nan	2.607047	4.612721	4.832258	3.207647	0.8327017	1.6685029999999998
OG0002021.4	OG0002849.2	OG0008754.0	OG0005767.0	OG0000828.16
3.399834	0.4007617	0.830924	5.541114	nan
OG0001621.2	OG0012271.0	OG0001745.0	OG0000281.2	OG0004732.0	OG0013432.1
2.932189	1.9347009999999998	3.312107	2.443994	1.2182030000000001	5.317823000000001
OG0003178.0	OG0001620.0	OG0016154.2	OG0002089.0	OG0003649.42
nan	2.727039	8.120289999999999	nan	217.4888
OG0005769.2	OG0003196.1	OG0006073.4	OG0007609.0	OG0005944.0
13.73971	5.6012900000000005	nan	5.472658	190.0778
OG0006628.0	OG0002698.0	OG0013583.0	OG0007873.6
25.96365	4.963776999999999	8.067056	4.65825
OG0001419.3	OG0003724.26	OG0006277.13	OG0008379.16	OG0003670.16
nan	5.51966	3.357522	2.465504	118.9809
OG0005492.12	OG0012237.2
1.447341	2.03887
OG0006738.0	OG0016859.0	OG0015220.0	OG0009943.0
215.0896	2.111072	2.087699	168.4816
OG0000000.777	OG0007785.0
nan	2.386828
OG0011443.2	OG0014682.4	OG0003736.12	OG0005900.4	OG0006787.0	OG0011395.0
3.0634360000000003	8.07782	0.914467	nan	2.762845	1.8862299999999999
OG0003600.0	OG0006488.0
2.3823779999999997	0.9801363999999999
OG0008134.4	OG0000154.251	OG0001987.0
2.876618	1.113302	nan
OG0006704.0	OG0000056.0	OG0002953.14	OG0003636.4	OG0001445.24
222.6562	nan	45.386109999999995	1.2403389999999999	nan
OG0004211.1	OG0000159.8	OG0007344.0	OG0009220.12	OG0006121.6	OG0011918.2	OG0004150.0	OG0006167.0
2.272226	3.374456	4.3174	nan	215.4252	1.18713	215.3714	1.102315
OG0002535.6	OG0009117.4	OG0004845.0
2.0354259999999997	0.674214	3.4352730000000005
OG0014599.0	OG0006049.4	OG0001685.0	OG0001838.42
2.976203	3.186077	163.1977	nan
OG0014708.6	OG0002002.0	OG0002076.0	OG0001606.4
8.085707000000001	nan	nan	1.503976
OG0003333.28	OG0005669.0
26.155929999999998	4.5390440000000005
OG0005702.0	OG0004010.24	OG0002827.24	OG0020520.0	OG0003147.0
5.006362	3.6015879999999996	169.5774	3.3311040000000003	nan
OG0005080.0	OG0000641.120	OG0004565.2
8.014515	7.819381	9.92426
OG0009851.6	OG0012882.0	OG0002065.0	OG0003909.0	OG0014656.2	OG0003531.0
236.6282	225.6692	nan	7.864497999999999	8.081017	4.860505
OG0007524.0	OG0020589.0	OG0007203.0	OG0004355.0
148.6704	0.9713206	1.830064	14.114370000000001
OG0006079.0	OG0009927.0	OG0004951.0	OG0004504.4	OG0003149.1
3.458889	nan	2.860731	0.9984499	1.768857
OG0002010.0	OG0005912.2	OG0002411.40
nan	112.3498	nan
OG0001594.1	OG0000599.0	OG0005727.0	OG0000889.0
nan	nan	215.2466	nan
OG0003254.52	OG0003645.1	OG0014779.4	OG0001685.0	OG0001359.2
2.047156	21.64815	nan	163.1977	2.787492
OG0010580.0	OG0008252.2	OG0007455.2	OG0011743.0
2.413757	4.633401	3.8015800000000004	4.63171
OG0004558.0	OG0009861.0	OG0001183.1	OG0002432.1	OG0014577.0
7.224487	1.080647	nan	5.225958	1.142003
OG0002782.0	OG0002878.5	OG0001490.28	OG0001134.24	OG0001823.24
3.2372549999999998	0.3255112	5.131461	nan	nan
OG0006010.2	OG0014526.2	OG0000399.0	OG0006342.12	OG0008514.0	OG0004697.0
219.5185	1.320699	4.1425	2.451542	3.270536	9.453142999999999
OG0005058.0	OG0001204.24	OG0003582.0	OG0011156.3	OG0013499.2
1.257582	nan	45.61616	8.044585000000001	7.950825999999999
OG0007624.0	OG0007240.4	OG0010904.1	OG0012877.0	OG0005063.8	OG0001924.24	OG0011133.0	OG0001347.26	OG0000436.0
4.609298	1.224301	2.971269	1.857272	2.843209	19.26039	0.9545386	nan	22.74568
OG0003871.0	OG0012226.0
45.08829	1.5296399999999999
OG0006502.0	OG0004807.4	OG0003025.21
215.4583	8.474592	1.8185380000000002
OG0003634.44	OG0011277.2	OG0012186.0
4.529098	224.877	1.6976790000000002
OG0006761.1	OG0004790.0	OG0004550.11	OG0003303.67	OG0012948.4
4.625821	2.815506	0.7078919	8.112335	0.8098644
OG0000149.69	OG0013561.4	OG0001284.24	OG0006686.0	OG0007418.4	OG0004903.1	OG0015182.0
0.9966089	nan	nan	213.2538	1.401374	26.225070000000002	1.162879
OG0014640.0	OG0002571.2	OG0000668.0	OG0008499.0	OG0000443.1
nan	1.9326889999999999	20.374570000000002	1.694013	0.7273881
OG0000459.0	OG0008532.6	OG0001970.0
nan	1.4322190000000001	1.060298
OG0004008.3	OG0000416.102	OG0007708.0	OG0012126.3
147.9498	1.207251	3.4644129999999995	231.6061
OG0012255.0
3.029611
OG0009008.0	OG0007328.9	OG0010577.0	OG0001479.24	OG0003381.2
nan	4.603753	nan	nan	4.196837
OG0003052.0	OG0000686.0	OG0005124.4	OG0003842.0	OG0002796.1	OG0005868.0	OG0007356.0
2.0240669999999996	2.794009	8.364017	8.434378	3.084954	2.104186	4.045864
OG0012728.0	OG0007111.4	OG0006992.4	OG0005287.12
0.8925929	1.1353229999999999	4.619243	0.896453
OG0002274.0	OG0006861.2
4.349357	1.626201
OG0003087.0	OG0006819.6
0.34692009999999995	146.4183
OG0000434.0	OG0000299.1
0.8302616	nan
OG0004064.0	OG0003499.0	OG0008122.4	OG0008080.22	OG0008591.4	OG0009048.1
16.53203	nan	1.5377530000000001	nan	170.123	nan
OG0006502.0	OG0001373.1	OG0000647.0
215.4583	nan	0.2747485
OG0010536.6	OG0000047.65	OG0006536.0	OG0002773.0	OG0011329.4	OG0003557.10	OG0014840.0	OG0006025.0
nan	2.985904	207.8558	3.528285	2.369914	46.8154	1.255212	5.587857
OG0006753.0	OG0003323.0	OG0001604.2	OG0005936.0
4.035404	1.911459	13.83036	2.1852650000000002
OG0004258.0	OG0003089.5	OG0005968.0	OG0002040.0	OG0008205.0
1.403181	16.59338	26.42472	nan	3.536247
OG0009199.1	OG0015365.0	OG0009937.0	OG0002067.0	OG0007739.4	OG0016068.2	OG0006082.0
3.054443	0.9784669	nan	nan	1.164828	3.382819	5.59743
OG0002363.1
3.2444900000000003
OG0007663.0	OG0002906.4	OG0016222.4	OG0004047.2
4.604063	14.614820000000002	6.416762	2.256966
OG0005719.2	OG0009986.0	OG0006791.0	OG0004860.1
14.443320000000002	nan	0.5163283	1.690655
OG0007725.0	OG0002186.0	OG0007183.2	OG0007920.14	OG0018076.2	OG0004636.0	OG0006526.0
4.3362940000000005	nan	5.34124	5.298931	8.211955999999999	20.38404	182.326
OG0006426.2	OG0004075.0	OG0004894.10
nan	45.39805	6.393834
OG0012987.3	OG0005028.2
1.2524030000000002	21.889210000000002
OG0007115.0	OG0013630.2	OG0006684.0	OG0005470.6	OG0000540.0	OG0004507.10
1.967021	2.804703	214.6202	nan	0.44128900000000004	3.242485
OG0001387.26	OG0003862.32	OG0006709.0	OG0006882.0	OG0005083.0
nan	3.1852139999999998	216.2952	1.1289	8.40816
OG0006560.0	OG0017880.2
215.1391	2.512236
OG0006346.0	OG0004021.0	OG0005669.0	OG0004180.46	OG0012708.0	OG0007746.4
nan	2.330205	4.5390440000000005	11.81739	1.1008149999999999	nan
OG0000914.30	OG0003641.0	OG0005851.2	OG0007434.0	OG0005415.2
nan	2.8650889999999998	4.245092	1.6861849999999998	17.97627
OG0005584.0	OG0003770.8	OG0005020.6	OG0000799.22	OG0020461.0
nan	9.285036	45.897459999999995	2.406376	3.369041
OG0001886.0	OG0006526.0	OG0013473.2	OG0012822.8	OG0000100.1
nan	182.326	8.062693	1.676425	nan
OG0016097.1	OG0006462.0	OG0000632.24	OG0002659.0	OG0015300.0	OG0009929.0
2.1857130000000002	3.6940510000000004	nan	27.873409999999996	1.0907959999999999	171.1731
OG0001026.0	OG0012678.4	OG0007281.9	OG0006405.0	OG0005239.0	OG0011925.12
0.5052189	2.272586	4.575685	2.2464310000000003	3.065833	8.067167
OG0003969.2	OG0001977.0	OG0004298.0
20.88247	3.5613839999999994	nan
OG0002545.0	OG0003042.15
3.4469	5.242865
OG0003705.0	OG0017880.2	OG0009201.0	OG0018987.0	OG0004190.0
3.560922	2.512236	5.351139	1.390633	2.25671
OG0000222.80	OG0004955.0	OG0011446.0	OG0004571.0	OG0013621.0	OG0014827.2
3.821514	0.8849903	1.0009860000000002	nan	3.4975739999999997	1.56184
OG0015985.2	OG0005665.0	OG0007835.4	OG0013622.2
nan	nan	1.5290489999999999	nan
OG0003945.0	OG0007499.8	OG0002642.16	OG0016154.2	OG0000019.448
8.338023	4.5886379999999996	4.088687	8.120289999999999	3.354529
OG0000000.503	OG0000386.0	OG0000809.2	OG0010162.0	OG0008777.0	OG0005166.6	OG0004098.16
4.580119	nan	nan	2.31527	3.485901	26.00694	2.113534
OG0003845.0	OG0010580.0	OG0007257.4	OG0004087.24
2.0687130000000002	2.413757	4.552385	2.948408
OG0012769.0	OG0000871.2	OG0005052.0	OG0011404.0	OG0010616.4	OG0005246.0
nan	1.193199	5.269888	4.069857	nan	0.7805707
OG0014063.4	OG0005697.0	OG0007932.0
2.2196130000000003	1.141973	4.656426000000001
OG0000832.1	OG0001057.24	OG0004084.0	OG0012165.0	OG0005854.2	OG0013981.0
5.261181	nan	1.755812	1.754082	4.137123	2.296541
OG0004782.3	OG0013517.0	OG0011915.6	OG0002372.23	OG0000096.49	OG0015166.0	OG0008496.8
nan	1.856814	8.114266	12.10369	1.925042	2.502569	2.424329
OG0002670.1	OG0000000.2196	OG0006431.2
nan	4.028605000000001	0.5730993000000001
OG0005230.0	OG0002384.4	OG0001299.24	OG0007518.0	OG0006590.0
10.287289999999999	3.800183	nan	144.7505	214.3822
OG0002914.0	OG0004968.14	OG0013021.0	OG0009966.4	OG0003066.1
0.31790999999999997	131.9782	2.9431540000000003	0.8633719000000001	26.1777
OG0001549.27	OG0005143.4
213.3833	1.401802
OG0001624.8	OG0008450.4	OG0001355.24	OG0000382.41	OG0001529.8	OG0016068.2	OG0009297.0
nan	0.7079141999999999	nan	nan	nan	3.382819	3.202897
OG0000006.231	OG0003252.0	OG0014652.4	OG0006324.0
257.8718	1.2986469999999999	8.105779	215.2487
OG0009950.0	OG0003257.4	OG0006669.3
1.503695	5.809973	5.394837
OG0000890.2	OG0000537.8	OG0005836.2	OG0001287.24	OG0001298.24	OG0003046.0	OG0011630.6
4.024335	nan	1.2105780000000002	nan	nan	5.495933	1.2631620000000001
OG0010512.0	OG0020756.0	OG0000470.0	OG0008533.3
1.419009	nan	7.170503	3.236082
OG0000954.24	OG0002900.21	OG0001611.26
nan	nan	4.289567
OG0001777.24	OG0015366.0
1.088768	1.968737
OG0009029.2	OG0000107.5	OG0001445.24	OG0009140.4
1.010248	0.6197526999999999	nan	1.3614709999999999
OG0011499.1	OG0007203.0	OG0001848.0	OG0007910.4
2.212567	1.830064	nan	4.57416
OG0020706.0	OG0008554.0	OG0007552.2	OG0007478.0	OG0005791.10	OG0002795.0	OG0000988.1	OG0006659.0	OG0003284.0
8.044336	1.251427	0.5320347	145.6948	5.565229	14.446370000000002	nan	217.5195	215.6955
OG0009898.2	OG0004095.5	OG0008349.0	OG0007464.2	OG0006797.2
2.720866	0.9963818000000001	217.9937	4.088262	1.265215
OG0000393.0	OG0004665.8	OG0000670.0	OG0004090.26	OG0010547.0	OG0000082.1	OG0010061.1
nan	1.9472770000000001	5.37107	4.207705000000001	nan	nan	1.077229
OG0004772.2	OG0000832.1	OG0007665.0
2.4661049999999998	5.261181	nan
OG0007931.1	OG0003594.4	OG0002200.4	OG0002575.0
4.6085139999999996	2.427023	1.172502	3.075603
OG0007130.0	OG0016953.0	OG0012860.0	OG0005800.0	OG0002922.0
1.107209	1.251308	2.05211	nan	2.222414
OG0000954.24	OG0007527.4	OG0004603.0	OG0005777.0	OG0008664.0
nan	2.672777	14.03633	7.797708999999999	nan
OG0005931.4	OG0001557.1	OG0006656.6	OG0008156.4	OG0008678.1
5.588616	21.40628	211.1008	167.1314	4.609723000000001
OG0011367.0	OG0003285.0	OG0002777.4	OG0016073.4
1.076047	21.90768	13.95474	3.139036
OG0007405.0	OG0005768.6	OG0000641.120	OG0006405.0	OG0007847.3	OG0002123.0
2.084795	25.667370000000002	7.819381	2.2464310000000003	nan	nan
OG0003796.0	OG0010061.1	OG0002043.0	OG0000859.24
3.5289949999999997	1.077229	nan	5.184698
OG0003336.0	OG0011593.0	OG0005965.0	OG0002829.1
nan	3.095048	14.113570000000001	166.7043
OG0003365.2	OG0001688.16	OG0000280.1	OG0002407.0	OG0005708.4
45.2378	nan	1.180121	2.671241	7.813142999999999
OG0005638.4	OG0005574.4	OG0004781.0	OG0002033.0
1.498574	215.90200000000002	7.726171000000001	nan
OG0012264.0	OG0008129.2	OG0000541.0	OG0000155.0	OG0009267.0	OG0000502.0
1.649916	2.1825099999999997	1.5696290000000002	3.01859	3.558292	6.232137000000001
OG0012667.0
4.943304
OG0011530.4	OG0006860.0	OG0008099.0	OG0002949.12	OG0004073.8	OG0011157.0	OG0008167.0
4.572351	3.155891	2.961543	13.850829999999998	118.7911	1.714221	2.676541
OG0006609.0	OG0007131.0	OG0001107.6
215.5898	1.114162	5.125972
OG0005893.0	OG0005444.0	OG0000546.2	OG0012939.0
4.194561	10.32986	5.305291	2.9353849999999997
OG0001816.1	OG0003114.0	OG0004733.0	OG0013081.0	OG0008437.3
20.21944	4.999097	1.155933	2.17286	1.287202
OG0001011.1	OG0000051.4	OG0005157.0	OG0009793.2	OG0001465.0
nan	1.7034650000000002	14.0569	28.98487	0.719106
OG0000457.0	OG0000870.0	OG0002692.25
1.393522	1.148542	119.0761
OG0007613.14	OG0008996.2	OG0007820.0
5.510568	1.117998	4.535483
OG0007505.2	OG0015328.0	OG0006724.0	OG0010584.0	OG0003018.18	OG0007015.0
146.751	2.310725	3.799189	3.602414	45.214620000000004	nan
OG0009053.0	OG0018966.0	OG0002303.18	OG0000796.20	OG0005617.0
4.065795	1.688161	1.990516	nan	12.243360000000001
OG0012063.2	OG0004846.2	OG0006708.0
226.9802	0.45829090000000006	223.0686
OG0013057.0	OG0014848.0
1.926952	2.658664
OG0008896.6
1.118352
OG0014561.2	OG0004056.0	OG0002792.1	OG0004203.0
1.945556	14.37325	nan	1.5836620000000001
OG0010099.0	OG0005169.0
1.365004	0.8048218
OG0003889.0	OG0007965.0	OG0000532.9	OG0002253.0	OG0002115.0	OG0005111.8
14.969970000000002	2.032626	nan	2.667418	nan	2.979422
OG0009217.0	OG0012958.2	OG0001785.1	OG0002713.0	OG0000048.4	OG0007914.0
4.543088	1.5896629999999998	2.5362560000000003	2.841877	2.584531	1.313127
OG0005036.2	OG0004545.0	OG0003602.0
26.25948	1.403256	nan
OG0002467.0	OG0016162.0	OG0011166.2	OG0010948.6	OG0000067.162
3.3703089999999998	4.715157	3.0307060000000003	nan	13.93305
OG0010614.0	OG0003795.5	OG0017887.0	OG0005523.0
2.7655540000000003	10.63342	1.185786	13.909720000000002
OG0002381.0	OG0002564.0	OG0004522.18	OG0001228.1	OG0005135.4	OG0008915.0	OG0012205.0	OG0016186.2	OG0006087.9
20.54448	0.47783339999999996	0.7227336999999999	nan	1.257374	54.80388000000001	nan	8.093155	4.167943
OG0008238.2	OG0005219.1	OG0003753.30	OG0001971.2	OG0007880.0	OG0012220.0	OG0006296.0
2.856449	4.457001	nan	nan	3.779103	3.011464	217.4627
OG0003539.14	OG0008741.10	OG0000886.24	OG0006249.0	OG0009842.2	OG0004219.22
1.9486900000000003	199.3926	nan	26.21583	4.397002	116.1961
OG0006488.0	OG0012229.0	OG0010591.0	OG0001831.0	OG0012133.4	OG0006623.0	OG0004399.0	OG0003613.0
0.9801363999999999	2.952228	3.234845	2.8819529999999998	224.1006	218.2439	4.049446	11.2343
OG0000006.231	OG0002221.12	OG0017010.0
257.8718	nan	0.9715067
OG0007828.0	OG0016921.0	OG0005164.5	OG0008773.12	OG0002900.21
3.175714	1.735365	3.1647529999999997	2.221978	nan
OG0001678.0	OG0012037.4	OG0002847.0	OG0013534.2	OG0005918.2	OG0003632.26
9.158512	1.40415	1.9953889999999999	1.8491099999999998	5.085091	184.5048
OG0014561.2	OG0010631.0	OG0000479.1	OG0002771.24	OG0010705.0
1.945556	2.709264	nan	1.241326	4.5842480000000005
OG0004325.16	OG0003901.10	OG0003796.0	OG0008524.8	OG0009038.2	OG0009228.0
1.0853	2.751309	3.5289949999999997	1.984058	nan	5.2888779999999995
OG0005892.2	OG0001529.8	OG0006783.4	OG0007720.0	OG0000117.50
113.094	nan	2.216295	2.061783	70.22105
OG0005514.0	OG0010658.0
173.4892	2.246474
OG0005769.2	OG0005991.0	OG0006225.0
13.73971	13.881120000000001	3.699637
OG0008963.0	OG0008592.0
9.039347	nan
OG0013940.0	OG0007473.0
nan	nan
OG0002541.2	OG0004789.4	OG0002409.16	OG0001148.24
4.432236	92.38761	0.44678140000000005	nan
OG0012178.2	OG0007868.3	OG0000394.176
1.417092	nan	2.079755
OG0000063.48	OG0006562.0	OG0001624.47	OG0000002.585	OG0002867.1
1.516324	215.0692	7.801684	nan	3.245493
OG0005538.0	OG0002936.4	OG0002054.0	OG0014537.0	OG0002935.2
45.74497	46.0641	nan	0.9129134	1.0263719999999998
OG0002642.16	OG0004343.18	OG0003795.5	OG0000034.1
4.088687	3.644158	10.63342	3.384464
OG0008453.0	OG0000272.36	OG0003825.26	OG0002262.0
3.1735830000000003	nan	115.4324	1.308611
OG0005959.0	OG0007205.0	OG0002412.0	OG0001214.2
nan	nan	10.36342	nan
OG0001114.0	OG0008343.0	OG0009166.0
1.749883	213.9793	20.22324
OG0004640.1	OG0005437.0	OG0001014.26
nan	4.009812	nan
OG0000006.561	OG0000043.223	OG0000851.0	OG0004950.0	OG0000641.120
nan	7.754778999999999	3.6777839999999995	9.564928	7.819381
OG0002804.2	OG0016151.4	OG0001510.0	OG0012831.0
1.332547	8.126889	3.798825	3.5999589999999997
OG0014942.0	OG0013486.1	OG0003841.15	OG0014843.0	OG0008508.4
17.183410000000002	1.378549	0.43037029999999993	1.117746	227.8075
OG0011925.12	OG0002557.50	OG0001616.4	OG0003014.0	OG0000103.2	OG0003540.0	OG0002701.26
8.067167	1.996773	nan	0.8736304	3.371465	0.7435278000000001	77.31052
OG0000416.1	OG0003452.0	OG0004479.1	OG0015351.0	OG0011344.2
155.7325	45.47188	1.509516	1.322646	2.2503490000000004
OG0001926.0
nan
OG0001589.0	OG0001884.0	OG0005233.14
3.778089	nan	1.601566
OG0008359.0	OG0002880.0	OG0007788.4	OG0003758.0
20.13818	1.5435370000000002	1.933314	116.6864
OG0012101.2	OG0010882.0
226.9859	3.131298
OG0000588.0	OG0004861.3	OG0014659.1	OG0006935.0	OG0000179.0	OG0006107.0
nan	3.012188	8.048446	4.6455470000000005	0.04227756	1.607049
OG0001229.1	OG0004254.23	OG0003676.0
nan	2.6478189999999997	21.88489
OG0003206.16	OG0014564.0	OG0003476.0	OG0002773.0	OG0005287.12
9.88373	2.793319	44.90603	3.528285	0.896453
OG0010535.9	OG0014567.3	OG0005313.0	OG0004200.0
8.026291	2.597482	14.361279999999999	0.2134614
OG0004350.14	OG0013173.1	OG0010169.2	OG0009106.2	OG0017854.0
1.060166	nan	1.608378	2.311947	1.795891
OG0002877.1	OG0003489.0	OG0000004.433	OG0013965.2
5.546938	nan	1.7266580000000002	1.653516
OG0010645.2	OG0010984.0	OG0008108.0	OG0006196.0
nan	5.335682	1.65523	27.10554
OG0006802.11	OG0004388.0	OG0002688.0	OG0014641.0	OG0005456.4	OG0007351.6
2.004932	71.68302	4.5339	2.955965	5.547556	221.5799
OG0009821.0	OG0015184.2	OG0000583.0	OG0006174.0
nan	2.043273	nan	6.605625999999999
OG0000242.29	OG0002954.0	OG0004261.4	OG0001656.2
nan	28.24649	1.703968	5.753432
OG0000272.36	OG0001948.0	OG0008553.0	OG0004982.10	OG0007663.0	OG0000715.0
nan	3.8068779999999998	167.66299999999998	3.95526	4.604063	5.623693
OG0004727.1	OG0002051.0	OG0009935.2	OG0001912.0
1.191835	nan	1.6649490000000002	nan
OG0004391.0	OG0000186.266	OG0006634.0	OG0008685.1
173.8793	3.280649	217.3677	nan
OG0005347.11	OG0006746.0	OG0004719.0	OG0000134.30
4.642393	3.6164629999999995	6.186733	1.6154819999999999
OG0000899.0	OG0005290.0
264.027	7.064151
OG0005755.0	OG0000194.0	OG0002008.0	OG0006324.0
25.83509	1.8197150000000002	nan	215.2487
OG0011178.0	OG0001284.24	OG0002271.4	OG0001807.19	OG0002764.20
2.516016	nan	1.863559	0.38209840000000006	nan
OG0014857.2	OG0008531.0	OG0000172.0
2.728723	nan	4.523844
OG0006017.0	OG0004423.0	OG0004437.0	OG0015299.0	OG0002917.0	OG0002966.2
28.026159999999997	117.391	117.5564	2.406029	3.658753	7.867945
OG0007871.0	OG0008047.23	OG0004060.2
20.19641	nan	20.09025
OG0003928.0	OG0005110.0	OG0014555.2	OG0000968.2
9.962583	4.69939	8.136033	5.749986
OG0007453.2	OG0014720.2	OG0002268.0	OG0020452.0	OG0012730.2
3.8600830000000004	nan	259.9384	3.366312	4.659833
OG0018454.2	OG0002139.0	OG0003004.82	OG0012286.4	OG0008294.0
3.188025	nan	1.7632290000000002	2.215993	1.321121
OG0000015.1092	OG0004639.6	OG0000770.1
1.486351	5.55692	nan
OG0002642.16	OG0008126.4	OG0001262.36	OG0000111.1
4.088687	3.031216	2.3498099999999997	3.5379099999999997
OG0005513.0	OG0000058.46	OG0006896.8	OG0001482.8
45.86918	263.2595	4.622961	3.769024
OG0007259.2	OG0016151.4	OG0012914.2
3.84875	8.126889	nan
OG0001725.5	OG0004377.2	OG0005682.0	OG0018986.0	OG0001297.24
2.21482	1.0085540000000002	92.07101999999999	1.7462650000000002	nan
OG0020746.0	OG0001510.0	OG0000046.266	OG0003788.0	OG0000491.0	OG0015156.0
nan	3.798825	0.532555	21.71562	0.04165697	224.2738
OG0003241.1	OG0000673.8	OG0002140.0
10.8124	3.232798	nan
OG0000574.68	OG0003363.0	OG0003455.2	OG0017865.0
4.023966000000001	26.02456	45.28334	3.3612910000000005
OG0000004.846	OG0000303.1	OG0006464.0	OG0009957.2	OG0003027.0	OG0008707.0
nan	258.5833	1.248256	0.8642135	3.777996	5.371479
OG0001122.1	OG0018899.0	OG0008182.0	OG0012722.2	OG0000018.1	OG0001106.9	OG0012214.4
nan	1.891513	3.453005	1.465375	nan	4.668387999999999	0.9369254000000001
OG0005834.2	OG0006996.3	OG0006156.1	OG0000010.64	OG0008054.0
1.215184	nan	2.2284740000000003	nan	0.9033851999999999
OG0003557.10	OG0003967.0	OG0005895.11
46.8154	7.817046	2.646415
OG0003193.24	OG0006226.0	OG0005850.4	OG0018016.0
117.5199	4.066411	nan	8.090468
OG0007873.6	OG0000030.0	OG0003805.42	OG0004221.0	OG0003203.2
4.65825	nan	2.7342009999999997	1.672841	26.239959999999996
OG0000072.0	OG0009936.4	OG0004550.11
2.084483	4.571983	0.7078919
OG0014866.0	OG0001454.24	OG0003592.0	OG0004758.4	OG0001565.0	OG0001132.24
1.9871299999999998	nan	46.220040000000004	2.832169	2.423794	nan
OG0003196.1	OG0003379.4	OG0006172.11	OG0010101.0	OG0002196.1
5.6012900000000005	45.57609	3.194498	1.346325	2.674352
OG0000592.34	OG0003216.24	OG0011301.4
nan	118.0956	231.9402
OG0006216.10	OG0013568.4	OG0000879.2	OG0004393.2
4.616561	7.993705	3.276033	21.21657
OG0007101.0	OG0003085.8	OG0006036.0	OG0004638.0
2.60652	46.14912	14.0988	5.6432519999999995
OG0002235.0
4.043545
OG0001798.0	OG0001101.24
nan	nan
OG0008742.0	OG0001344.0	OG0003136.0
3.668439	nan	214.6296
OG0000424.0	OG0007230.0	OG0014590.0
nan	1.4225430000000001	1.610834
OG0001090.26	OG0006870.9	OG0003652.0	OG0001125.24	OG0000124.174
nan	1.249056	1.20003	nan	nan
OG0000000.3845	OG0006880.13	OG0002983.24	OG0000849.32
10.58595	4.6079550000000005	8.51136	261.4328
OG0004159.23	OG0020466.0	OG0008963.0	OG0005108.0
218.4156	3.396103	9.039347	8.280371
OG0009041.1	OG0005005.8	OG0001066.26	OG0002161.0	OG0013471.0
4.4749099999999995	2.304525	nan	nan	nan
OG0013645.0	OG0000425.53	OG0002505.16	OG0022294.0
2.147217	nan	2.587012	1.4598719999999998
OG0002706.1	OG0014063.4	OG0015128.0	OG0006306.0	OG0006314.0
0.7152307	2.2196130000000003	1.641982	183.6724	26.41463
OG0008976.0	OG0011430.2	OG0011322.2	OG0002841.0	OG0007501.8
3.0964080000000003	2.940293	nan	6.199598	nan
OG0004129.0	OG0005372.4	OG0012206.0	OG0003855.1	OG0000648.134
nan	44.6105	1.02541	13.89502	1.6934810000000002
OG0004252.0	OG0018899.0
nan	1.891513
OG0004847.6	OG0006029.0	OG0002830.0	OG0001731.4	OG0012682.2	OG0000497.27
1.998578	186.6634	26.45195	1.646309	1.146013	8.114543
OG0000908.24	OG0004828.0	OG0007708.0	OG0001847.4	OG0008284.0
nan	1.053304	3.4644129999999995	nan	3.6970940000000003
OG0008163.2	OG0001820.0	OG0010689.0
4.600551	nan	1.364263
OG0010644.0	OG0003820.20	OG0006786.4
0.9163396	1.486436	nan
OG0011954.6	OG0001618.1	OG0004083.10	OG0003951.8	OG0000841.0
3.140821	9.243912	1.160326	3.8513629999999996	2.026442
OG0004354.0	OG0001301.24
8.051266	nan
OG0001670.24	OG0009902.0	OG0000019.2	OG0000655.0
3.2919970000000003	1.7498310000000001	1.171471	nan
OG0003653.0	OG0002463.1	OG0002838.0	OG0005123.4	OG0003030.22
4.806004	nan	20.836479999999998	0.38684650000000004	12.3182
OG0009055.0	OG0001824.24	OG0008927.0	OG0003957.1	OG0012744.4	OG0006379.10
165.7987	nan	2.650218	45.651920000000004	8.126508	1.9305830000000002
OG0011395.0	OG0005997.6	OG0005694.0	OG0003477.0	OG0005826.0	OG0013465.0
1.8862299999999999	2.417951	2.898715	45.054970000000004	1.763895	2.5878099999999997
OG0008700.2	OG0001185.1	OG0000872.42
4.612721	nan	0.7307908000000001
OG0004087.24	OG0001345.24	OG0018012.0
2.948408	nan	8.102941
OG0006011.0	OG0006549.0
26.456999999999997	212.41299999999998
OG0001856.4	OG0002601.6	OG0008994.0	OG0007741.0	OG0004958.0	OG0002500.1	OG0000376.94
nan	3.632742	0.8180006999999999	1.553925	1.07493	26.33965	5.353237
OG0016431.0	OG0016892.2	OG0007137.6	OG0000813.1	OG0006049.4	OG0002709.2
nan	3.3767480000000005	1.768572	nan	3.186077	1.314254
OG0002080.0	OG0009793.2	OG0006198.4
nan	28.98487	217.4848
OG0001911.24	OG0007580.12	OG0010587.0	OG0007875.4
1.460533	2.8507029999999998	nan	207.7449
OG0012275.0	OG0005421.0	OG0011047.0
1.56915	nan	1.125717
OG0003187.22	OG0015982.2	OG0011282.2
20.754920000000002	1.70311	nan
OG0013036.2	OG0005153.1	OG0008437.3	OG0020529.0
2.0360400000000003	7.555855	1.287202	3.380093
OG0001320.26	OG0000532.9	OG0001862.2	OG0002067.0	OG0013579.1	OG0007121.0
nan	nan	1.861064	nan	nan	2.032294
OG0008971.2	OG0000018.816	OG0003803.0	OG0003021.2
1.393849	0.5181633	9.060536	nan
OG0000120.320	OG0000277.0	OG0004237.0	OG0004055.0	OG0002389.10	OG0003113.0
8.083722999999999	5.178837000000001	1.248535	78.03796	216.33700000000002	5.9078870000000006
OG0004106.0
1.182083
OG0005520.0	OG0003453.0	OG0006102.2
13.87139	45.108259999999994	1.9563959999999998
OG0001608.24	OG0001087.24	OG0000483.0	OG0016393.4	OG0003993.4	OG0007096.7
0.7927951	nan	1.9172209999999998	2.648934	1.4753180000000001	nan
OG0001215.24	OG0005338.0	OG0007565.0	OG0004179.2	OG0003704.6
nan	4.951078	3.5331949999999996	3.213883	3.017407
OG0001344.0	OG0006992.4	OG0006940.0	OG0011918.2	OG0003025.21	OG0005622.0
nan	4.619243	214.6189	1.18713	1.8185380000000002	12.16659
OG0006650.0	OG0000038.0	OG0018407.0	OG0003380.16	OG0011283.2
186.7855	nan	1.674447	15.71825	231.4248
OG0002926.22	OG0012998.2	OG0006221.6	OG0003246.23	OG0006495.0
0.11918689999999998	1.3696700000000002	4.670707	1.10429	216.1435
OG0007528.0	OG0006390.0	OG0004057.32	OG0000241.0	OG0015293.0	OG0005247.0	OG0013635.2	OG0011973.4	OG0005134.0
1.847107	1.81624	8.516888	259.9536	1.3874879999999998	1.222218	1.879128	0.6139397	3.5240089999999995
OG0005913.6	OG0002913.0	OG0006833.2	OG0010715.3	OG0002777.4
4.250539	3.982528	5.550587	0.7615166	13.95474
OG0009942.4	OG0004648.0	OG0014670.4	OG0006562.0
2.9411259999999997	nan	nan	215.0692
OG0003677.0	OG0007007.0	OG0003888.3
45.5317	nan	117.7257
OG0001848.0	OG0009886.7	OG0005485.2	OG0005012.2	OG0006984.0	OG0003207.2
nan	nan	4.620405	1.329742	220.1624	25.95641
OG0003545.0	OG0004020.0	OG0014828.2	OG0003554.38	OG0002511.6	OG0000029.692
188.4324	1.890007	1.56715	26.03987	1.2631459999999999	0.6948206
OG0005768.6	OG0003939.0	OG0005469.6
25.667370000000002	1.047272	0.7861536
OG0006061.22	OG0000402.0	OG0000877.0
4.520189	3.780425	3.292089
OG0001865.0	OG0006207.0	OG0012974.4
nan	223.5964	nan
OG0010536.6	OG0008621.2	OG0010499.5	OG0007762.0
nan	4.6303529999999995	8.058541	2.062421
OG0001369.26	OG0001727.2	OG0000294.0	OG0012651.6	OG0007796.0
nan	260.1444	nan	1.705177	0.9018008
OG0002245.24	OG0007389.9	OG0008621.2	OG0003148.2
5.058237999999999	1.413864	4.6303529999999995	15.37089
OG0001374.1	OG0020626.0	OG0002638.2	OG0003240.0	OG0013946.0
nan	8.071608	217.1336	5.605457	1.2184700000000002
OG0001973.0	OG0010619.2	OG0017888.0	OG0009899.0
1.116126	1.1300729999999999	1.170895	1.101588
OG0001773.1	OG0001224.24	OG0000473.1	OG0002857.4	OG0002143.0	OG0004535.0	OG0004669.1
20.248279999999998	nan	1.691784	4.061921	nan	71.79201	1.421918
OG0009056.0	OG0000133.60	OG0002860.1	OG0004895.0
1.105474	nan	2.832509	168.0162
OG0000430.0	OG0012929.0	OG0004303.1	OG0005080.0	OG0004986.0
3.46636	1.426784	1.071779	8.014515	nan
OG0002474.0	OG0000176.0	OG0003466.0	OG0003473.2	OG0018067.2	OG0005101.0	OG0000788.3
3.779009	nan	45.540079999999996	76.61740999999999	8.098258999999999	2.896277	2.99404
OG0011324.0	OG0003004.6	OG0003915.0	OG0002681.0
2.7601009999999997	21.40341	1.59805	4.58611
OG0015331.0
1.7165709999999998
OG0007416.4	OG0018966.0	OG0016263.0	OG0003136.0	OG0007270.0
1.197882	1.688161	2.0051799999999997	214.6296	3.133293
OG0003460.0	OG0004786.1
45.183609999999994	6.3467709999999995
OG0012105.0
1.619776
OG0003797.0	OG0004086.0	OG0000062.12
2.2324479999999998	1.772741	nan
OG0007461.2	OG0007493.0	OG0004414.0	OG0001180.24	OG0020516.0
4.88388	nan	nan	nan	0.9778698
OG0003621.0	OG0003464.0	OG0009303.0	OG0002173.26	OG0008518.2	OG0007473.0
1.945727	45.269490000000005	5.348112	44.91057	0.4303441	nan
OG0016209.1
8.047402
OG0003057.0	OG0004105.26	OG0016958.2	OG0001774.6	OG0003289.10	OG0010684.0	OG0012674.4
nan	1.277851	1.733829	2.432641	45.108670000000004	4.609971	4.148816
OG0007141.0	OG0002545.0	OG0016066.0	OG0001557.130	OG0003631.7
2.279985	3.4469	1.624584	1.69911	1.63953
OG0004043.1	OG0000021.847	OG0001421.30	OG0003679.0	OG0013912.6	OG0004722.6
27.842909999999996	0.12257839999999999	nan	nan	3.370401	10.0636
OG0008447.4	OG0016111.4	OG0005577.0	OG0002244.0	OG0022266.0
0.7159711	8.080962	214.2689	nan	nan
OG0006330.4	OG0011282.2	OG0004350.14	OG0000273.0
4.084306	nan	1.060166	5.356093
OG0006099.2	OG0000502.0	OG0006267.0	OG0013284.2
3.4422980000000005	6.232137000000001	26.280859999999997	8.142222
OG0007145.0	OG0001514.22	OG0012909.2	OG0008504.0	OG0011912.1
2.593683	nan	3.5017160000000005	1.477606	7.979317999999999
OG0004973.2	OG0011194.2	OG0004039.2	OG0004985.3
21.53438	1.45223	222.2392	3.1023400000000003
OG0007458.0	OG0000085.0	OG0005648.8	OG0011485.0
2.34553	1.453451	0.4609985	1.069232
OG0004426.0	OG0005941.0	OG0015129.0
118.5883	2.197591	2.0359580000000004
OG0007923.2	OG0008592.0	OG0011395.0	OG0004746.0	OG0008087.2
8.274288	nan	1.8862299999999999	nan	5.878545
OG0006276.0	OG0003348.0	OG0002071.0	OG0000261.0	OG0003337.0
221.4234	3.478772	nan	nan	116.4257
OG0001235.24	OG0004327.0	OG0001370.24
nan	0.4813362	nan
OG0009890.0	OG0000832.31	OG0002312.0	OG0004082.2	OG0001162.22	OG0008729.0
0.8919562	1.513225	nan	4.258189	nan	1.140498
OG0010760.0	OG0009127.2	OG0013272.0	OG0014660.0
2.833384	1.50942	2.545138	nan
OG0016087.0	OG0004818.0	OG0001741.1	OG0002731.0	OG0013246.0
nan	4.1190169999999995	nan	19.148989999999998	2.365831
OG0014663.1	OG0016663.0	OG0006838.6	OG0000107.5
8.037514999999999	2.6154830000000002	219.3747	0.6197526999999999
OG0012079.4	OG0000571.0	OG0001085.24	OG0000151.0	OG0009089.0
224.7754	1.464378	nan	3.361193	2.9751849999999997
OG0003449.0
nan
OG0012757.2	OG0000015.1	OG0006906.0	OG0006673.0
2.851398	nan	216.3154	217.6616
OG0001214.2	OG0000101.19	OG0005387.2
nan	4.17747	4.663236
OG0007398.0	OG0001828.65	OG0003057.0
1.174303	0.5531833	nan
OG0002804.2	OG0005462.2	OG0016998.2	OG0008102.3	OG0008471.4
1.332547	11.10004	3.335638	nan	nan
OG0009067.0	OG0016453.4	OG0003471.0
168.6035	1.7267849999999998	45.20361
OG0001244.24	OG0014695.4	OG0018482.0	OG0009201.0	OG0003779.0
nan	8.132347	1.212173	5.351139	21.54435
OG0003486.0	OG0007310.0	OG0006795.0	OG0007357.4	OG0004639.6
13.875070000000001	217.4838	3.129773	nan	5.55692
OG0001419.3	OG0010757.0	OG0002050.0	OG0006290.0	OG0002502.20
nan	4.615461	nan	26.385440000000003	54.48672
OG0013633.3	OG0002306.0	OG0016186.2	OG0012133.4
2.247267	20.7227	8.093155	224.1006
OG0005830.0	OG0005829.2	OG0007157.3
nan	1.226289	1.84602
OG0011980.0	OG0001750.0	OG0011918.2	OG0003426.0
4.495525	3.4136339999999996	1.18713	45.43743
OG0002649.0	OG0002313.18	OG0006609.0	OG0005383.0	OG0004478.4	OG0017947.0
4.598447	nan	215.5898	11.77474	5.527938	2.169734
OG0002926.22	OG0001796.6	OG0002851.1	OG0013328.0	OG0012439.0
0.11918689999999998	nan	12.249319999999999	5.884264	2.4562150000000003
OG0011146.2	OG0001718.1	OG0011432.0	OG0000719.0
0.8004238	nan	4.54062	0.04166348
OG0005432.0	OG0002101.0	OG0003887.2	OG0000653.1
2.963473	nan	19.93706	nan
OG0008088.0	OG0003800.0	OG0006239.4	OG0007189.2	OG0011710.0	OG0003541.1	OG0012165.0
5.892437	4.2289650000000005	4.575419	0.9907738000000001	5.333591	2.201596	1.754082
OG0001880.0	OG0004335.0	OG0003869.12
nan	9.877979	115.9501
OG0007477.8	OG0005929.2
3.199934	nan
OG0003822.0	OG0006427.12
2.525088	1.89192
OG0009780.6	OG0006226.0	OG0000104.85
nan	4.066411	1.108009
OG0004811.0	OG0003253.52	OG0001565.0
nan	4.064891	2.423794
OG0010083.0	OG0001988.0	OG0002684.0	OG0010758.0
5.31945	nan	4.550049	nan
OG0005759.6	OG0009877.2	OG0003980.9
27.37267	1.105475	7.955531
OG0008864.1	OG0000272.36	OG0016123.1	OG0015310.0	OG0001731.4
2.112486	nan	8.047642999999999	2.961231	1.646309
OG0003432.0
5.768014
OG0002490.3	OG0006378.0	OG0000752.42	OG0006579.6	OG0016252.0
220.5619	7.420953	nan	5.543413	2.416575
OG0007334.0	OG0002113.0	OG0018416.0	OG0001449.24
4.591787999999999	nan	1.810572	nan
OG0005272.0	OG0002437.4	OG0013328.0	OG0014579.0
1.8505169999999997	11.35545	5.884264	2.5238080000000003
OG0006862.8	OG0009004.0	OG0004777.0	OG0006179.6
1.218359	3.611482	4.908619	2.800494
OG0004693.0	OG0011968.0	OG0002562.0
9.692629	nan	2.203736
OG0006100.1	OG0001824.24	OG0018004.2	OG0004057.32	OG0020885.0
1.7610569999999999	nan	8.063717	8.516888	1.64042
OG0012715.0	OG0005135.4	OG0020416.0	OG0006993.4	OG0000009.835	OG0008895.6
0.7747415	1.257374	3.3633620000000004	4.705071	1.7379099999999998	1.0994389999999998
OG0001920.0	OG0011377.0	OG0015371.0	OG0002216.0
nan	1.428036	1.360934	nan
OG0002206.0	OG0000027.1	OG0009804.0	OG0009296.0
3.02279	nan	0.6448396	2.7304209999999998
OG0010691.4	OG0012669.7	OG0013971.1
0.8212578000000001	8.204235	1.634965
OG0004386.2	OG0006415.0	OG0011925.12	OG0005371.4	OG0009132.4
26.25378	1.9018279999999999	8.067167	45.20742	1.095753
OG0006976.0	OG0008557.0	OG0003577.0	OG0000683.0
217.2647	168.9149	14.049120000000002	nan
OG0008911.7	OG0003188.1
nan	171.5466
OG0001534.44	OG0002831.0	OG0007238.0	OG0000526.0	OG0005400.0
222.1543	35.294509999999995	5.336707	1.425082	2.73316
OG0016125.1	OG0001883.0	OG0007440.0	OG0013603.0
7.975821000000001	nan	3.169996	1.916936
OG0002002.0
nan
OG0004154.30	OG0004587.0	OG0001953.2	OG0001179.24	OG0003112.24
212.8405	15.49575	nan	nan	117.9039
OG0009233.0	OG0000601.52	OG0000373.0	OG0002743.0	OG0004925.1	OG0011224.0	OG0006240.0
5.338125	nan	3.235375	19.37561	2.0424830000000003	0.7111385	26.30435
OG0003322.8	OG0005524.6	OG0001883.0	OG0001785.1	OG0010500.6
3.037248	216.6561	nan	2.5362560000000003	8.05157
OG0009109.6	OG0014636.1	OG0007143.6	OG0000010.475
0.7593744	8.077577999999999	147.0129	nan
OG0004877.0	OG0003655.2
1.229863	0.6841552
OG0005323.0	OG0003756.0	OG0009050.10	OG0006398.10	OG0003684.4	OG0003361.4	OG0002281.1	OG0002754.13
0.45218980000000003	26.22522	1.1214520000000001	2.099039	168.8403	4.207196	2.964311	2.111783
OG0000268.165	OG0006313.0	OG0007476.6	OG0001139.24	OG0002812.52	OG0013530.0
220.7942	26.391070000000003	2.2907580000000003	nan	44.79696	1.162827
OG0014676.4	OG0005235.2	OG0002779.28	OG0002934.80
8.103572	1.000773	21.5221	8.066971
OG0002995.2	OG0006731.0	OG0004536.0	OG0003654.1	OG0002719.0	OG0013571.0	OG0003657.0
216.1957	26.157339999999998	1.498107	4.970727	0.117347	4.589049	1.297491
OG0006835.0	OG0003390.22	OG0013509.4	OG0007389.9	OG0007196.4
1.434819	1.137365	1.303808	1.413864	nan
OG0012203.4	OG0000463.51	OG0005029.0
2.228713	nan	44.4008
OG0006181.0	OG0000487.2	OG0000956.38	OG0006927.0
nan	1.579248	3.4072080000000002	5.526052
OG0000553.6	OG0000048.4
3.798542	2.584531
OG0014635.1	OG0010133.0	OG0000279.0	OG0009292.1
8.080014	5.361661	nan	1.726794
OG0022341.0	OG0010661.6
257.9737	1.308819
OG0004061.2	OG0013621.0	OG0014697.1	OG0007544.2	OG0001582.24
nan	3.4975739999999997	8.059463000000001	1.131182	3.2780839999999998
OG0013467.4	OG0006931.8	OG0002377.0	OG0009882.2	OG0011444.2
8.104643	20.11157	3.766059	2.128125	nan
OG0000967.4	OG0020688.0	OG0004133.0
0.9147386999999999	8.055308	0.5767816
OG0004932.20	OG0002058.0	OG0005503.0	OG0016035.0	OG0006969.0
2.362083	nan	45.84695	1.412328	5.665479
OG0009951.0	OG0002028.0	OG0009920.0	OG0003486.0
1.553336	nan	1.237819	13.875070000000001
OG0011763.0	OG0000962.24
2.0944130000000003	nan
OG0004274.22	OG0000224.26	OG0000566.0	OG0006850.0	OG0008208.0
13.862960000000001	1.079417	2.097061	114.7352	2.788975
OG0000625.28
nan
OG0003899.0	OG0006510.0	OG0005894.10	OG0012137.0	OG0006982.0	OG0010640.0	OG0007489.10
0.5815083000000001	7.6934059999999995	3.8308120000000003	1.380811	28.47079	3.8061480000000003	169.6104
OG0005452.0	OG0002209.38	OG0003285.0	OG0010510.2	OG0001471.24
2.576135	13.857779999999998	21.90768	2.330443	nan
OG0013023.0	OG0000272.36	OG0001239.26
1.0911600000000001	nan	nan
OG0010058.2	OG0006813.2	OG0012253.0
3.100953	9.875850999999999	3.030761
OG0008467.0	OG0000441.1	OG0006696.0	OG0004266.18	OG0007333.0
0.5534228	nan	211.5182	44.78513	4.604064
OG0006671.0	OG0000968.2	OG0016022.4	OG0000012.918	OG0005532.0	OG0011952.0
9.916191	5.749986	3.3762440000000002	nan	45.103590000000004	2.035591
OG0016063.0	OG0012179.2	OG0007754.2	OG0006969.0	OG0000298.0
2.214092	2.982144	0.6140376999999999	5.665479	4.6242980000000005
OG0002499.6	OG0001726.29	OG0001448.24	OG0009233.0	OG0011575.0	OG0011327.4	OG0000608.0
10.699860000000001	4.55091	nan	5.338125	42.221740000000004	2.3867580000000004	0.9226931999999999
OG0005882.2	OG0003885.0	OG0004521.26	OG0003920.14
3.867064	45.340740000000004	nan	1.6921169999999999
OG0010099.0	OG0000982.24	OG0003142.0
1.365004	nan	217.8768
OG0002152.0
nan
OG0000766.0	OG0002028.0	OG0008753.0	OG0005275.2	OG0004604.6
nan	nan	20.34627	2.854993	3.201813
OG0007785.0	OG0007215.0	OG0007196.4	OG0003916.0	OG0004195.0
2.386828	2.779424	nan	1.32816	9.760796000000001
OG0006518.0	OG0000958.3	OG0005602.8	OG0001675.24	OG0008923.8	OG0001642.1
219.4559	1.10457	4.429239	3.4404760000000003	1.57499	3.166228
OG0001388.12	OG0005947.0	OG0005557.0
nan	218.9816	45.51155
OG0002230.0	OG0001735.3
2.932579	nan
OG0002426.84	OG0001884.0	OG0007459.0	OG0008107.4	OG0007997.0	OG0001771.12
nan	nan	4.638843	3.4234	1.511257	20.41349
OG0005073.0	OG0009292.1	OG0010078.3	OG0004862.0	OG0005668.1
7.6432020000000005	1.726794	nan	2.552007	1.4079270000000002
OG0006195.0	OG0012421.0	OG0002861.24	OG0006394.0	OG0002780.28	OG0000570.0
26.12538	1.2478120000000001	0.3860599	2.784961	21.493479999999998	1.826486
OG0008489.7	OG0014753.1	OG0005075.6	OG0006799.0
1.045404	8.092364	0.8327017	2.190193
OG0004152.1	OG0005364.0	OG0001956.0	OG0003709.2	OG0007309.0
26.1934	4.670946	nan	nan	218.352
OG0001396.24	OG0016176.0	OG0004180.46
nan	8.036002	11.81739
OG0003741.24	OG0006594.0	OG0005616.0
3.13642	217.2794	1.575734
OG0000181.1	OG0011396.0	OG0001659.0	OG0005709.0	OG0014555.2
nan	1.89652	3.6868529999999997	28.59628	8.136033
OG0013008.8	OG0001600.40	OG0008093.0
nan	nan	2.628371
OG0002477.25	OG0004216.0	OG0000348.4	OG0004731.6	OG0005017.1
4.940817	119.4202	1.3466040000000001	5.143313	3.120132
OG0004937.4	OG0000252.0	OG0010563.3	OG0003554.38	OG0015297.0	OG0001614.0
nan	28.547729999999998	2.952641	26.03987	1.163575	2.636914
OG0004633.16	OG0004857.5	OG0001089.2
45.11391	3.5435449999999995	nan
OG0005094.3	OG0013284.2	OG0014979.0	OG0000299.1	OG0008479.2
nan	8.142222	1.774547	nan	0.5385336
OG0009787.0	OG0002703.16	OG0005347.11	OG0003068.0
4.47269	nan	4.642393	0.6497236
OG0008101.0	OG0002956.4	OG0004855.0
1.638156	1.2008889999999999	7.143824
OG0010671.0	OG0001193.1
3.4499239999999998	3.638232
OG0003258.3	OG0001370.24	OG0002739.0
1.8895950000000001	nan	nan
OG0002256.11	OG0003268.0
1.296132	0.7514875
OG0007052.0	OG0000000.626	OG0012995.0	OG0004200.0	OG0001356.24
222.2081	nan	1.339217	0.2134614	nan
OG0004305.2	OG0017855.2	OG0002649.0	OG0004686.0	OG0004695.0
117.7554	3.3714169999999997	4.598447	118.9571	9.787492
OG0020454.0	OG0002642.16	OG0009160.0	OG0002237.0	OG0005373.2
3.3988730000000005	4.088687	5.362165	20.17761	6.297358999999999
OG0006573.2	OG0012066.2	OG0015363.2	OG0002337.7
6.654677	223.6935	1.314725	2.285468
OG0000648.134	OG0001196.1	OG0002493.6	OG0006485.6	OG0006300.0	OG0002612.0	OG0001959.2
1.6934810000000002	nan	0.7588509	nan	27.993000000000002	11.67566	nan
OG0006523.0	OG0013529.0	OG0005973.7	OG0011372.0	OG0008062.2	OG0001770.0
nan	0.8986959000000001	1.024422	1.186013	7.974156	nan
OG0005890.2	OG0006314.0	OG0003072.2	OG0012938.1	OG0006482.0	OG0000842.0	OG0004239.0
nan	26.41463	2.2862560000000003	1.759912	2.180587	3.951912	2.022675
OG0001182.24	OG0007488.0	OG0003924.0	OG0007348.0	OG0004986.0
nan	0.43325509999999995	0.6427265	3.60848	nan
OG0007432.4	OG0006397.6
0.6898922	1.052524
OG0011431.0
3.464289
OG0005734.0	OG0006005.0	OG0016983.0
13.9183	26.61515	1.644481
OG0008094.0	OG0019409.0	OG0002076.0
10.1794	1.238919	nan
OG0006285.0
193.2857
OG0001554.24	OG0003211.0	OG0011574.0
3.7550449999999995	26.785190000000004	nan
OG0004501.15	OG0007214.0	OG0002540.96	OG0005570.0	OG0001200.0	OG0016270.0
0.9827558000000001	2.4245810000000003	7.998156	26.08632	8.241861	2.721482
OG0003577.0	OG0001872.0	OG0019440.0	OG0007262.0
14.049120000000002	6.223730000000001	1.458569	215.3442
OG0003705.0	OG0015390.0	OG0000569.0	OG0002608.1	OG0005690.0	OG0007531.3	OG0001190.24
3.560922	nan	1.4328450000000001	0.6001164999999999	0.7235246	nan	nan
OG0011466.0	OG0000761.6	OG0001725.5	OG0013999.2	OG0007272.0
4.686932	9.277499	2.21482	2.651924	211.9759
OG0000105.0	OG0004400.26	OG0014681.2	OG0012760.0
nan	214.954	8.024188	1.639386
OG0004294.2	OG0005320.0	OG0000948.24	OG0020523.0	OG0007336.0	OG0011430.2
116.5066	1.7023110000000001	nan	3.092764	nan	2.940293
OG0020454.0	OG0004280.1	OG0005938.0	OG0002288.14
3.3988730000000005	26.946040000000004	3.688658	0.24812089999999998
OG0007166.14	OG0002105.0	OG0002607.0	OG0000805.29
2.233995	nan	20.44807	5.034165
OG0005621.0	OG0002353.2	OG0005965.0	OG0012859.0
12.97103	5.0250580000000005	14.113570000000001	3.7271769999999997
OG0008102.3	OG0008526.2	OG0000000.3758	OG0011227.0	OG0005376.10
nan	4.311128	8.131601	nan	20.36261
OG0003101.2	OG0000617.25	OG0003548.11	OG0006378.0	OG0007327.2
2.230909	nan	44.55495	7.420953	4.631814
OG0018974.0	OG0004429.0	OG0002188.22	OG0002124.0	OG0013970.0
1.622608	54.341680000000004	3.9813690000000004	nan	nan
OG0008971.2
1.393849
OG0004744.2	OG0006978.0	OG0011999.0	OG0013904.0	OG0012284.2
1.346381	215.4471	2.964927	2.578648	2.251143
OG0002857.4	OG0001879.0
4.061921	nan
OG0004307.0	OG0009161.0	OG0006579.6	OG0012286.4	OG0000078.207
14.579329999999999	5.298202	5.543413	2.215993	2.471682
OG0007987.0	OG0002778.0	OG0012166.6	OG0006585.0	OG0004521.26	OG0003381.2
nan	13.84489	2.2780709999999997	215.1291	nan	4.196837
OG0006519.0	OG0016013.0	OG0012165.0
216.6372	1.684923	1.754082
OG0002200.4	OG0005543.0	OG0002591.2	OG0002922.0	OG0001474.0
1.172502	53.287580000000005	3.107043	2.222414	3.571331
OG0003865.0	OG0002744.18	OG0001989.0	OG0000532.9	OG0007779.4
9.848749	119.6861	nan	nan	3.009451
OG0002280.0	OG0004892.3	OG0020464.0	OG0005588.4	OG0006029.0	OG0001165.26	OG0018407.0	OG0007308.0
2.370616	189.2282	3.351608	215.4264	186.6634	nan	1.674447	4.324808
OG0008561.0	OG0007865.1	OG0004540.24
nan	7.749977	nan
OG0008168.4	OG0001883.0	OG0000535.36	OG0009913.0	OG0004621.4
2.89561	nan	nan	2.2959400000000003	0.980092
OG0020744.0	OG0010645.2	OG0001942.0
2.390052	nan	nan
OG0000248.0	OG0013014.0	OG0000949.3	OG0003952.13	OG0012255.0	OG0005094.3	OG0001309.24
11.43907	1.8014970000000001	1.494423	9.984001	3.029611	nan	nan
OG0012934.2	OG0001399.24	OG0000012.1	OG0009034.2
3.5073239999999997	nan	4.632479	2.854813
OG0000599.0
nan
OG0000414.34	OG0003346.2	OG0002634.1	OG0002698.0	OG0001079.1	OG0006240.0	OG0010525.2
3.785311	45.15368	13.907820000000001	4.963776999999999	nan	26.30435	0.7769116
OG0004254.6	OG0002496.8	OG0006396.7	OG0011939.0
1.409416	1.397349	nan	nan
OG0000626.25	OG0006479.0	OG0002795.0	OG0012250.0	OG0013558.0	OG0001061.24
5.101815	2.195123	14.446370000000002	3.043354	2.328625	nan
OG0002809.0	OG0002091.0	OG0005328.10	OG0003379.4
27.898670000000003	nan	215.1883	45.57609
OG0006539.0	OG0010748.0	OG0017938.0
219.5046	nan	1.367438
OG0000813.1	OG0002930.20	OG0000124.2	OG0006657.0
nan	0.7611998000000001	nan	218.18
OG0006486.0	OG0006821.0	OG0004061.2
0.5351378999999999	1.758152	nan
OG0001812.2	OG0003262.0	OG0000727.24	OG0002069.0	OG0002302.0	OG0006926.0	OG0001036.24
nan	45.64295	nan	nan	2.457068	5.258093	nan
OG0005898.4	OG0003437.2	OG0006192.0	OG0001504.24	OG0000152.12
213.9841	44.79003	nan	1.458468	1.613007
OG0002053.0	OG0007496.2	OG0001258.24	OG0001369.26
nan	1.472749	nan	nan
OG0006667.0	OG0005893.0	OG0001776.0	OG0010641.6	OG0002682.12	OG0000010.2	OG0004426.0
212.1334	4.194561	nan	1.577153	2.171065	1.8918130000000002	118.5883
OG0011391.12	OG0020423.0	OG0007400.9	OG0013897.0
3.4082550000000005	3.364321	1.293372	2.995038
OG0000444.38	OG0016154.2
0.42886270000000004	8.120289999999999
OG0016200.2	OG0007813.0	OG0007974.2	OG0001284.24	OG0003512.4	OG0014780.4	OG0008982.0	OG0001001.1	OG0006635.0
nan	1.080498	4.57987	nan	4.139333000000001	8.017549	2.6233310000000003	nan	0.4315983
OG0017893.0	OG0002645.26	OG0005826.0
1.467278	26.798009999999998	1.763895
OG0013887.2
2.0679060000000002
OG0006830.0	OG0003685.2	OG0006863.2	OG0001391.24
2.254712	21.93129	2.5198959999999997	nan
OG0013534.2	OG0011367.0	OG0005082.2	OG0002072.0
1.8491099999999998	1.076047	2.1079	nan
OG0000826.25	OG0000089.69	OG0004037.0	OG0006518.0	OG0005134.0
nan	3.3700919999999996	3.6168199999999997	219.4559	3.5240089999999995
OG0001096.1	OG0000081.1	OG0007862.0
nan	nan	5.347745
OG0012890.2	OG0002915.0	OG0006637.5	OG0000013.541	OG0013984.0
3.45821	2.808322	4.562401	27.935190000000002	1.912116
OG0015216.2	OG0000148.0	OG0005638.4
2.967282	0.6677353	1.498574
OG0003568.0	OG0007551.0	OG0009925.0	OG0007527.4
1.417956	nan	3.4938309999999997	2.672777
OG0015341.1	OG0007450.0	OG0004595.0	OG0001015.0	OG0014585.0
1.227479	0.6401551	5.817024	3.286599	2.036752
OG0003399.1	OG0016124.4
4.763848	8.090091000000001
OG0000145.56	OG0005190.4	OG0002522.0
1.465065	2.5168060000000003	0.5401804
OG0005224.0	OG0014635.1	OG0003814.0
nan	8.080014	46.66022
OG0007507.0	OG0003454.0	OG0008331.4	OG0001845.2	OG0004277.0
3.7038870000000004	1.154616	4.636639	nan	120.9337
OG0000890.2	OG0002127.0	OG0005897.2
4.024335	nan	5.202475
OG0005730.0	OG0010091.0	OG0001150.24	OG0004061.2	OG0002188.22
3.8113019999999995	5.292918	nan	nan	3.9813690000000004
OG0001988.0	OG0005184.0	OG0012716.0	OG0014540.0	OG0012731.2
nan	3.9349220000000003	1.850901	3.128933	8.089136
OG0015328.0	OG0013915.4	OG0002015.0	OG0000360.25
2.310725	0.9524353999999999	nan	4.243333
OG0003014.0	OG0001750.0	OG0005599.2
0.8736304	3.4136339999999996	2.9251150000000004
OG0006382.15	OG0012141.4	OG0002406.16	OG0009894.3	OG0006559.0	OG0004303.1	OG0016953.0
222.766	235.6272	3.67619	8.011303999999999	220.4577	1.071779	1.251308
OG0013059.0	OG0014571.4	OG0006695.2
1.9250180000000001	3.359577	217.1958
OG0014975.0	OG0005497.18	OG0000561.24	OG0001696.0	OG0001214.2	OG0003373.0	OG0000753.0
4.40348	2.496177	nan	nan	nan	1.2055209999999998	nan
OG0006411.2	OG0007748.0	OG0007418.4	OG0011379.0
113.955	2.612802	1.401374	1.203446
OG0000863.32	OG0008508.4	OG0006689.0	OG0007270.0
nan	227.8075	219.1215	3.133293
OG0005742.0	OG0011451.1	OG0011435.0	OG0002483.10
182.9907	0.9682344	3.4187980000000002	1.6691369999999999
OG0002217.0	OG0008065.2	OG0000693.28	OG0002470.2
nan	2.620444	0.6837339	45.404340000000005
OG0002615.8	OG0003947.0	OG0000900.25
4.161855999999999	nan	nan
OG0001188.24	OG0000362.42	OG0003714.0	OG0002754.13	OG0003566.0	OG0015985.2
nan	1.070892	9.019125	2.111783	0.9526360999999999	nan
OG0003230.0	OG0000712.4	OG0008528.0	OG0016266.0
2.2801419999999997	nan	0.5339144	2.717975
OG0001774.6	OG0009816.4	OG0001317.1	OG0006026.0
2.432641	11.65335	nan	13.8906
OG0012979.4	OG0010098.0	OG0008220.4	OG0005676.4	OG0003320.8	OG0013500.8
2.429287	nan	2.976234	nan	0.04123234	2.594955
OG0022306.0	OG0002704.28	OG0017993.2	OG0020616.0	OG0000506.0
1.855529	45.36846	8.254461000000001	1.6928159999999999	17.05106
OG0001430.24	OG0006846.0	OG0000986.24
nan	0.4273151	nan
OG0005687.4	OG0005881.0	OG0020480.0	OG0002829.1
3.8372919999999997	3.8565650000000002	nan	166.7043
OG0000055.160	OG0005338.0	OG0004261.4	OG0013021.0
1.345312	4.951078	1.703968	2.9431540000000003
OG0008091.0	OG0005484.6	OG0005835.4
5.614766	114.7605	1.205381
OG0007253.14	OG0001583.18	OG0001758.4	OG0003373.0	OG0002914.0
5.330247	nan	1.361443	1.2055209999999998	0.31790999999999997
OG0003659.0	OG0012981.0	OG0006964.0	OG0004093.2
nan	2.9647360000000003	25.687910000000002	0.2281873
OG0006822.8	OG0012979.4	OG0003085.8	OG0001960.2	OG0012033.0	OG0007932.0
1.9247310000000002	2.429287	46.14912	nan	2.251518	4.656426000000001
OG0000337.0
3.432296
OG0011214.2	OG0007118.0	OG0003272.0
0.6165218000000001	9.381382	25.521079999999998
OG0004915.0	OG0001178.24	OG0005606.20	OG0006735.2
4.506603	nan	3.850175	28.383840000000003
OG0003329.0	OG0006630.0	OG0003369.11	OG0007592.0	OG0008106.2	OG0006109.16
1.600409	227.3433	8.089744	3.2842	2.041018	4.413752
OG0006026.0	OG0003322.8	OG0010163.0
13.8906	3.037248	4.615896
OG0014720.2	OG0003965.0	OG0007706.2	OG0016147.1
nan	11.86715	1.220135	8.04172
OG0011007.2	OG0016092.2	OG0016126.1	OG0003375.2	OG0001677.2
2.0668130000000002	1.4681959999999998	8.133844	4.098201	2.343732
OG0003295.0	OG0001786.20	OG0006918.0	OG0005440.0
13.895029999999998	8.0915	222.8823	7.734752
OG0000778.0	OG0003843.12	OG0005928.0
nan	12.17437	3.291657
OG0008106.2	OG0005393.6	OG0002722.13	OG0005449.2
2.041018	4.593792	1.351427	5.133816
OG0002383.22	OG0001755.0
5.0765	1.575664
OG0001568.0
0.7504959
OG0021386.0	OG0003421.0	OG0007421.3
1.966473	44.650079999999996	2.008687
OG0004423.0	OG0006985.0	OG0000371.2
117.391	20.704729999999998	nan
OG0000741.0	OG0016921.0	OG0007616.2	OG0008709.0	OG0006927.0	OG0004777.0
nan	1.735365	4.662939	19.818170000000002	5.526052	4.908619
OG0001283.1	OG0006523.0	OG0002896.8
nan	nan	0.6147483
OG0007131.0	OG0010563.3	OG0011319.4	OG0010149.0	OG0007424.1	OG0011979.9
1.114162	2.952641	1.6282860000000001	2.0889759999999997	2.04623	8.124931
OG0001596.5	OG0000524.1	OG0004035.0	OG0011456.0	OG0007624.0
2.702395	nan	6.316412000000001	3.459957	4.609298
OG0005882.2	OG0004557.0	OG0006465.2	OG0008066.0
3.867064	8.517184	nan	2.990618
OG0013272.0	OG0005931.4	OG0010058.2
2.545138	5.588616	3.100953
OG0001781.0	OG0007492.4
17.534679999999998	2.967954
OG0000452.0	OG0004033.6	OG0006714.0	OG0002320.0	OG0011404.0
3.786457	146.874	225.4887	3.7941309999999997	4.069857
OG0006278.0
nan
OG0013945.4	OG0003423.0	OG0004511.10	OG0000004.167	OG0005451.4
1.632409	45.67613	nan	nan	0.3876502
OG0000168.0	OG0000729.25	OG0006539.0	OG0005864.6
0.3805715	nan	219.5046	1.169607
OG0000017.3	OG0004453.2	OG0001184.24	OG0004845.0	OG0008915.0	OG0010540.0	OG0005431.0
41.77885	19.607770000000002	nan	3.4352730000000005	54.80388000000001	221.0958	nan
OG0013173.1	OG0005109.6	OG0016611.0	OG0001934.0	OG0005665.0	OG0007718.2
nan	5.687236	2.520552	nan	nan	8.988828999999999
OG0002302.0	OG0001133.24	OG0006886.2	OG0007435.0	OG0006943.0	OG0007652.6	OG0004543.0
2.457068	nan	2.042766	2.7380400000000003	5.531439	3.2694650000000003	5.568015
OG0002105.0	OG0009039.2	OG0003244.46	OG0005115.3	OG0011190.0	OG0007837.4	OG0004238.6
nan	4.520887	nan	1.565688	2.248911	0.9254118	1.384279
OG0016947.0	OG0004818.0	OG0004800.28	OG0004231.12	OG0004937.4
2.61138	4.1190169999999995	3.4550870000000002	188.7597	nan
OG0003333.28	OG0001740.102	OG0002436.1	OG0012961.6	OG0009923.1	OG0011970.0	OG0006492.0
26.155929999999998	20.26124	nan	2.29677	1.047801	3.5669720000000003	1.279541
OG0000759.38	OG0014150.2	OG0002842.21	OG0012692.2	OG0005037.12
nan	1.7516939999999999	11.99395	1.602311	nan
OG0011881.8	OG0008138.14	OG0002115.0	OG0007653.0	OG0003904.0	OG0000132.1
1.024325	2.8593759999999997	nan	216.9407	22.47465	1.482075
OG0005383.0	OG0000764.26	OG0005000.0	OG0002218.0	OG0015380.0	OG0004267.6
11.77474	nan	4.044633999999999	nan	1.724825	2.197182
OG0000396.25	OG0000658.0	OG0001124.24	OG0006196.0	OG0001446.24
4.549869	nan	nan	27.10554	nan
OG0002567.2	OG0016044.0	OG0001685.0	OG0005646.0	OG0013626.0	OG0007069.0	OG0009789.2
2.801195	1.171547	163.1977	91.75452	1.426361	0.7197553000000001	8.135425
OG0011996.0	OG0002213.0	OG0004462.0
2.319722	nan	0.1206527
OG0003619.2	OG0007267.8	OG0001243.24
4.58169	4.535456	nan
OG0006666.0	OG0014776.1	OG0002896.8
218.077	8.126395	0.6147483
OG0006655.0	OG0003652.0	OG0005783.0
214.0064	1.20003	165.2657
OG0004774.1	OG0020724.0	OG0005652.0	OG0010499.5	OG0006114.1
13.94006	8.071155000000001	3.927219	8.058541	nan
OG0013639.0	OG0007768.18	OG0008575.0	OG0003909.0	OG0001696.0	OG0003842.0
2.832203	2.8164689999999997	169.2604	7.864497999999999	nan	8.434378
OG0003052.0	OG0011277.2	OG0001805.16	OG0004143.22
2.0240669999999996	224.877	20.42109	45.53788
OG0001853.0	OG0001730.2	OG0006194.0	OG0011356.1
nan	1.562578	26.21405	2.490743
OG0005913.6	OG0007355.4	OG0004799.0
4.250539	1.407152	3.923964
OG0001981.2	OG0011173.0	OG0003651.3	OG0001921.0	OG0000363.43
nan	1.168696	26.355999999999998	nan	2.314361
OG0000044.1	OG0001589.0	OG0005294.6	OG0001506.25
nan	3.778089	nan	2.477635
OG0010580.0	OG0005860.0	OG0009133.1	OG0001396.24	OG0000326.0
2.413757	nan	1.810543	nan	3.650955
OG0001731.4	OG0004886.0	OG0015363.2	OG0010150.0	OG0003391.42
1.646309	0.36974229999999997	1.314725	4.658073	1.56843
OG0004857.5	OG0013047.0	OG0005648.8
3.5435449999999995	1.711211	0.4609985
OG0012062.2	OG0003491.0	OG0002450.4	OG0003469.0
228.8678	45.3821	2.017427	nan
OG0005294.6	OG0006978.0	OG0009944.3	OG0001746.6
nan	215.4471	4.556405000000001	1.216936
OG0010656.0	OG0012665.4	OG0006586.0	OG0008106.2	OG0020748.0
1.551305	1.17851	218.2372	2.041018	2.4232709999999997
OG0004263.1	OG0003687.0	OG0006299.9	OG0015984.2
215.0782	21.17793	4.565711	0.9656306999999998
OG0006206.2	OG0004519.0	OG0004604.6	OG0007124.2
26.44708	119.0038	3.201813	nan
OG0016060.0	OG0007577.0	OG0008540.0	OG0008359.0	OG0001508.1
2.636933	5.295294	3.830138	20.13818	nan
OG0008121.6	OG0000024.0	OG0005085.4	OG0007038.0	OG0009059.4
2.007548	nan	0.1168777	217.2108	4.578241
OG0000493.20	OG0002303.18	OG0006198.4	OG0014020.0	OG0000841.0
4.04039	1.990516	217.4848	0.9383667	2.026442
OG0009928.2	OG0008930.0
2.839411	nan
OG0006588.0	OG0003351.0	OG0004684.0	OG0016852.0	OG0003414.2
212.8287	46.001909999999995	5.42849	1.845207	0.8153974
OG0001029.24	OG0001152.24	OG0003932.0	OG0000951.10
nan	nan	2.050805	20.48976
OG0006607.0	OG0001915.0	OG0003384.2	OG0003358.3	OG0006855.18	OG0004497.0	OG0014843.0	OG0000145.56
222.7855	nan	3.3564809999999996	0.11851410000000001	0.5447579	1.6667610000000002	1.117746	1.465065
OG0006363.14	OG0000379.0	OG0007677.15
1.6999799999999998	3.3008660000000005	3.269319
OG0020452.0
3.366312
OG0004073.8	OG0005669.0
118.7911	4.5390440000000005
OG0002721.1	OG0001993.0
0.6786618000000001	nan
OG0005309.2	OG0002412.0	OG0000081.1	OG0005846.2
2.680418	10.36342	nan	4.199369
OG0000013.994	OG0005913.6	OG0002915.0	OG0001069.28
3.6617349999999997	4.250539	2.808322	nan
OG0000127.0	OG0002651.6	OG0013595.2	OG0000135.44
nan	21.870070000000002	8.006913	217.4336
OG0007766.0	OG0001945.2	OG0016393.4	OG0009807.0	OG0000436.0	OG0012110.3
1.867157	nan	2.648934	2.547853	22.74568	1.910119
OG0000947.24	OG0005926.0	OG0007823.6	OG0014622.2	OG0006100.1	OG0004997.9	OG0000364.1	OG0011282.2
nan	1.073356	3.2288360000000003	1.3839110000000001	1.7610569999999999	1.981795	nan	nan
OG0003204.0	OG0000230.58	OG0012689.0	OG0001893.0	OG0004477.4
0.6328834	nan	4.445873000000001	nan	5.439996
OG0013642.0	OG0001848.0	OG0002124.0	OG0000906.25	OG0000805.29
2.6783770000000002	nan	nan	nan	5.034165
OG0001352.26	OG0015310.0	OG0000244.49
nan	2.961231	1.519872
OG0009088.0	OG0006329.0	OG0001319.1	OG0004350.14
nan	227.0197	nan	1.060166
OG0001168.24	OG0002273.0	OG0001586.3	OG0008197.4	OG0020436.0
nan	8.005978	nan	1.880195	3.366226
OG0000833.0	OG0009107.2	OG0005421.0	OG0000981.24	OG0022275.0	OG0007730.0
nan	0.7601334	nan	nan	1.408859	8.166787
OG0007045.2	OG0010100.0	OG0008304.2	OG0000632.24
nan	1.3586610000000001	4.636526	nan
OG0003570.2	OG0014725.1	OG0007269.1	OG0002032.0	OG0000321.132
0.39030240000000005	8.108008	4.610956	nan	1.441448
OG0003184.1	OG0001243.24	OG0007726.2
5.901555	nan	nan
OG0007997.0	OG0004729.0	OG0007201.2
1.511257	2.41054	144.8417
OG0006238.2	OG0006334.0	OG0014643.4	OG0018988.0
3.770686	2.184507	7.948929	1.356803
OG0011345.0	OG0008530.2	OG0005417.0	OG0005080.0
2.2629490000000003	2.936481	0.4341249	8.014515
OG0003789.22	OG0006161.1	OG0004463.2	OG0013570.0	OG0006382.15	OG0015124.0
3.055757	3.5272449999999997	3.919287	nan	222.766	3.4623199999999996
OG0004913.2	OG0005062.1	OG0004472.0	OG0005676.4	OG0005980.4	OG0007848.2
167.53799999999998	3.1374880000000003	117.0666	nan	218.5335	2.625006
OG0006629.0	OG0007583.0	OG0003854.24	OG0011499.1
2.951165	20.30508	1.633618	2.212567
OG0000211.48	OG0004103.6	OG0002265.0	OG0008304.2
268.0499	2.604453	21.4586	4.636526
OG0016197.0	OG0002911.0	OG0006036.0	OG0003374.0	OG0002107.0	OG0006391.2	OG0012284.2
1.527303	2.818833	14.0988	2.273966	nan	2.6090009999999997	2.251143
OG0000271.0	OG0004322.1	OG0006290.0	OG0001933.0	OG0003222.0
1.09096	21.17685	26.385440000000003	nan	1.8804619999999999
OG0014150.2	OG0012235.2	OG0002720.27	OG0016053.0
1.7516939999999999	2.0590490000000004	nan	2.256722
OG0004694.0
9.863755000000001
OG0004543.0	OG0000096.194	OG0001383.24	OG0009987.2
5.568015	11.164719999999999	nan	4.63932
OG0010951.0	OG0008606.0	OG0004883.0
3.522649	2.50135	5.640321
OG0014975.0	OG0003978.4	OG0014717.1	OG0000775.24	OG0000382.10
4.40348	2.656494	8.189287	nan	1.8900810000000001
OG0003981.1	OG0001880.0	OG0000903.10	OG0004398.0
2.563026	nan	4.817813	4.282857
OG0003034.2	OG0005352.0	OG0003886.1	OG0002194.0	OG0008625.0	OG0005001.1
119.1245	7.501237	157.3442	1.376264	3.850253	4.564579
OG0004113.4	OG0012144.4	OG0014688.1	OG0001153.126	OG0017917.0	OG0005250.2	OG0007350.16
1.834727	232.5815	7.992572	1.115342	1.7962	10.15743	5.359817
OG0008132.12	OG0001589.0	OG0007296.0	OG0004736.6	OG0008920.2
1.633358	3.778089	213.7301	9.361528	3.3934029999999997
OG0001037.26	OG0003470.0	OG0000537.8	OG0015334.2	OG0003201.2
nan	46.12407	nan	1.9266580000000002	26.34345
OG0001319.1	OG0008054.0	OG0006547.0	OG0013936.2	OG0001157.1
nan	0.9033851999999999	217.9556	2.307598	nan
OG0003638.22	OG0012292.0	OG0002852.4	OG0002796.1
12.55729	nan	44.98404	3.084954
OG0009851.6	OG0007737.0	OG0018053.2	OG0001734.7	OG0004336.0
236.6282	0.6801111999999999	8.038797	nan	1.555978
OG0001892.0	OG0007243.4	OG0003340.12	OG0006694.0	OG0000341.87	OG0011221.2	OG0020706.0	OG0000233.3	OG0000723.1
nan	5.3084050000000005	0.43087479999999995	215.6226	3.8153550000000003	2.839809	8.044336	3.7839519999999998	45.30285
OG0011455.1	OG0013493.0	OG0010179.0	OG0000078.263	OG0004893.24	OG0005685.0	OG0004395.1
2.886028	1.9728240000000001	2.257415	nan	5.361756	nan	213.8394
OG0005076.4	OG0005240.12	OG0006947.0
0.5840781999999999	6.8215710000000005	nan
OG0014763.4	OG0005971.0	OG0000646.28	OG0012887.2
8.123385	13.929870000000001	nan	221.5675
OG0000002.763	OG0020688.0	OG0006792.0	OG0009152.1	OG0005895.11
nan	8.055308	1.064035	5.320775	2.646415
OG0004792.0	OG0000482.64
nan	nan
OG0000154.270	OG0007264.0	OG0000016.0	OG0005219.1	OG0005568.0	OG0005850.4
nan	nan	2.759436	4.457001	224.9258	nan
OG0007632.0	OG0016967.0	OG0002734.0	OG0014619.0
215.0992	1.028904	19.344	1.489522
OG0009229.0	OG0011574.0	OG0011465.0	OG0007894.0	OG0005307.0	OG0005450.0
5.322604	nan	2.8810700000000002	5.383132	2.748914	11.076360000000001
OG0000992.0
nan
OG0000088.3	OG0001355.24	OG0005126.0	OG0006890.0	OG0011328.4	OG0008579.6
nan	nan	1.9541110000000002	218.1888	2.379511	4.540926
OG0012910.0	OG0001844.24	OG0004190.0	OG0000646.28	OG0005756.2	OG0010131.2
231.5381	1.107237	2.25671	nan	13.98559	4.583208
OG0003305.0	OG0005911.16
nan	2.991323
OG0003333.28	OG0005509.2	OG0001725.30
26.155929999999998	nan	6.292374
OG0003968.0	OG0005993.0
22.09862	14.055639999999999
OG0002564.0	OG0004095.5	OG0004233.4	OG0002593.5	OG0007451.0	OG0011185.0
0.47783339999999996	0.9963818000000001	2.007469	28.51125	nan	0.7688807
OG0003515.0	OG0012934.2	OG0003880.0	OG0005451.4
14.11546	3.5073239999999997	nan	0.3876502
OG0003899.0	OG0003905.3	OG0001709.27	OG0016083.0	OG0005018.1	OG0002465.0	OG0001162.22
0.5815083000000001	1.496828	nan	0.9623212999999999	3.408727	28.83343	nan
OG0011961.2	OG0004237.0	OG0005139.28	OG0018167.0	OG0009124.0
1.366991	1.248535	4.584324	2.1859029999999997	2.311312
OG0012994.0	OG0002403.0
1.324905	2.124291
OG0003560.6	OG0007911.0	OG0006582.0
121.1711	215.2042	nan
OG0010717.0	OG0014683.4	OG0003936.0	OG0007865.1	OG0001853.0
4.546978	8.038739	3.404128	7.749977	nan
OG0007357.4	OG0002291.22	OG0014846.1
nan	4.807405	2.209175
OG0007715.0	OG0005211.1	OG0009790.2	OG0005991.0	OG0006732.2	OG0011436.0	OG0014699.4	OG0009814.0
0.5249691	nan	1.464551	13.881120000000001	4.634507	3.434558	8.102656	2.744402
OG0000291.0	OG0008176.2	OG0015375.2
260.7288	3.874603	1.507617
OG0014657.4	OG0006317.0	OG0018986.0	OG0005317.7
8.064708999999999	nan	1.7462650000000002	2.905141
OG0003131.0	OG0000969.0	OG0000003.0	OG0001848.0	OG0004469.6	OG0006652.0
8.278526	2.342855	nan	nan	11.70417	nan
OG0007765.0	OG0007788.4	OG0010643.0	OG0000100.336	OG0000630.28	OG0003558.18
2.576938	1.933314	1.021038	1.554418	7.986387	4.543172
OG0020433.0	OG0016998.2
3.3450830000000003	3.335638
OG0003183.0	OG0003362.0
0.11761600000000001	44.91214
OG0002274.0	OG0002814.39	OG0000627.52	OG0014527.2	OG0000728.24
4.349357	4.455483	nan	1.377067	nan
OG0012981.0	OG0000674.30	OG0002719.0	OG0017869.0
2.9647360000000003	3.793721	0.117347	2.855229
OG0018984.0	OG0003700.0	OG0007025.0
1.7336209999999999	2.613715	7.7216759999999995
OG0005183.3	OG0006209.0	OG0002859.5	OG0004940.0	OG0004203.0	OG0006234.0
nan	212.8446	5.179975	4.399005000000001	1.5836620000000001	216.1468
OG0006315.0
26.1312
OG0002529.1	OG0016177.4	OG0001003.24
1.914741	8.07815	nan
OG0003015.24	OG0007446.0	OG0008230.0	OG0004681.6	OG0018974.0	OG0000377.148	OG0000207.240
2.922736	0.9373275	5.495636	12.93338	1.622608	2.492855	1.617584
OG0008492.0	OG0000382.164	OG0000159.8	OG0009932.0	OG0007132.4
2.147297	0.7153191999999999	3.374456	2.78248	1.484446
OG0003645.1	OG0005348.0	OG0007787.4	OG0010970.0
21.64815	44.83804	nan	5.381343
OG0004597.2	OG0004111.0	OG0008193.4	OG0020614.0
6.338925	22.20365	1.543272	2.015979
OG0007661.2	OG0001654.2	OG0001472.0
4.63706	0.7277561	nan
OG0014654.1	OG0003880.0
8.028522	nan
OG0012729.10	OG0003703.2	OG0005676.4	OG0012202.0
nan	118.7121	nan	1.513216
OG0000195.0
nan
OG0014033.0	OG0006863.2	OG0002742.0	OG0006237.0
2.214972	2.5198959999999997	19.41565	26.25719
OG0009964.4	OG0002721.1	OG0005107.4	OG0004686.0
1.7076529999999999	0.6786618000000001	9.580309	118.9571
OG0008157.0	OG0002391.2	OG0010920.0	OG0000690.0	OG0007536.1	OG0005875.0
0.6777884	2.611561	2.685661	2.220429	1.409161	2.577642
OG0007614.2	OG0000000.2196	OG0004766.0
4.591836	4.028605000000001	215.2846
OG0013173.1	OG0012124.4	OG0003639.0	OG0001706.22	OG0000851.0	OG0001743.0
nan	1.817023	70.99318000000001	1.639384	3.6777839999999995	0.6427071
OG0006981.0	OG0012651.6
219.5768	1.705177
OG0004307.0	OG0003764.0	OG0008710.2	OG0003894.0
14.579329999999999	7.801678999999999	1.4945629999999999	0.6979219
OG0002904.18	OG0016038.0	OG0010646.2	OG0011600.2
3.499653	1.619194	0.5187731	0.8307656999999999
OG0003373.0	OG0005852.2	OG0001096.1	OG0001351.24
1.2055209999999998	4.227904	nan	nan
OG0000535.36	OG0009858.0	OG0002258.2
nan	3.6142769999999995	2.537473
OG0001313.24	OG0010620.1	OG0003450.0	OG0006677.0	OG0000048.122	OG0006899.0
nan	1.121246	45.41144	213.3441	nan	20.91123
OG0006655.0	OG0000685.33	OG0001236.24	OG0011981.0
214.0064	nan	nan	4.70705
OG0000248.0	OG0000229.0	OG0002600.0
11.43907	2.358493	3.00644
OG0007055.0	OG0003744.6	OG0000037.1	OG0005463.38	OG0009883.5	OG0005237.0
nan	0.7882786999999999	5.119364	2.837006	2.195914	7.405444
OG0006087.9	OG0006514.0	OG0012657.5
4.167943	nan	8.108551
OG0003851.24	OG0009779.2	OG0012767.2	OG0003581.0	OG0004287.3
nan	20.08833	1.898448	2.711598	0.3613849
OG0001756.0	OG0012846.2	OG0010735.2	OG0003726.42	OG0000205.24
nan	1.8952790000000002	4.206434	5.330048000000001	1.3390600000000001
OG0002311.24	OG0014653.1	OG0001874.6	OG0005893.0
1.3233489999999999	8.117696	4.570741	4.194561
OG0006697.0	OG0008983.0
220.824	9.38516
OG0001381.24	OG0004673.0	OG0003286.4
nan	1.081835	44.977990000000005
OG0010661.6	OG0000300.0	OG0016217.2	OG0007740.0
1.308819	3.3724589999999997	7.953622	1.196401
OG0012532.0	OG0011419.0	OG0000751.0	OG0004831.2	OG0000000.1990	OG0000392.25	OG0003679.0
4.593051	3.4625230000000005	nan	1.86443	2.469747	1.9980830000000003	nan
OG0002310.20	OG0007923.2	OG0003691.0	OG0007291.0
7.329834	8.274288	46.6419	20.31255
OG0011214.2	OG0011470.0
0.6165218000000001	2.060324
OG0002586.25	OG0000682.0
5.0280569999999996	20.2233


OG0006714.0	OG0003443.6	OG0007402.0
225.4887	45.63111	10.01379
OG0009917.0	OG0018053.2	OG0014746.1
nan	8.038797	8.176875
OG0018015.0	OG0006427.12	OG0002240.0	OG0009109.6
8.075394000000001	1.89192	nan	0.7593744
OG0000022.821	OG0007143.6	OG0008569.0	OG0012244.0	OG0002834.0	OG0006671.0	OG0008194.2
5.583361	147.0129	4.322021	3.0295650000000003	5.653043	9.916191	2.676418
OG0006454.0	OG0018173.0	OG0005692.2	OG0000993.25
2.760081	0.9747304	5.607438	nan
OG0008930.0	OG0000562.130
nan	3.4147019999999997
OG0003780.4	OG0008969.0	OG0008447.4	OG0009208.0	OG0003171.1	OG0006897.2
21.94316	2.779362	0.7159711	3.4367160000000005	0.9959678	nan
OG0002120.0	OG0002192.0	OG0003076.0	OG0007556.0
nan	2.033199	45.05491	1.24945
OG0008233.0	OG0005187.0	OG0001322.24	OG0007588.4
1.110519	192.6452	nan	4.626233999999999
OG0000433.1	OG0012746.10	OG0003264.4
3.272984	8.093128	218.1833
OG0004485.0	OG0006278.0	OG0007706.2
2.631039	nan	1.220135
OG0000522.0	OG0003011.0	OG0000004.846
nan	nan	nan
OG0010764.0	OG0005083.0
1.080437	8.40816
OG0000001.425	OG0014554.2	OG0000604.58
nan	8.083515	3.254038
OG0009292.1	OG0006979.0	OG0000515.2
1.726794	5.513668	3.810636
OG0003630.6	OG0003487.2	OG0005614.2	OG0015200.2	OG0012919.2
2.466766	0.7033676999999999	2.137807	2.483948	233.8686
OG0007592.0	OG0001220.24	OG0009009.1	OG0005980.4	OG0004666.0
3.2842	nan	2.445084	218.5335	2.849708
OG0003293.4	OG0004074.0	OG0003707.0	OG0016996.0	OG0009930.0
44.99615	21.47535	7.963651	1.651978	2.693091
OG0013599.5	OG0001692.24	OG0008620.2	OG0001557.130	OG0000832.31
8.209369	3.767351	0.7400548000000001	1.69911	1.513225
OG0002228.0	OG0008252.2	OG0004150.0
1.442337	4.633401	215.3714
OG0009250.0	OG0001864.0	OG0000549.1
4.546762999999999	45.39096	19.3121
OG0007325.2	OG0005027.0	OG0006382.15	OG0011375.0	OG0004263.1	OG0007424.17	OG0005916.0
4.5757010000000005	nan	222.766	0.9110366	215.0782	2.0504569999999998	1.273882
OG0000011.866	OG0013997.0	OG0006966.4	OG0013961.0
nan	2.954715	4.574269	2.7543159999999998
OG0016094.2	OG0011446.0	OG0002918.1	OG0003620.0
2.351587	1.0009860000000002	nan	nan
OG0003875.2	OG0009905.0	OG0005107.4	OG0008284.0
21.57725	1.3086790000000001	9.580309	3.6970940000000003
OG0012247.0	OG0001086.0	OG0005454.0	OG0004443.0
nan	nan	8.94134	118.8763
OG0005958.4	OG0011761.0	OG0002987.2	OG0005843.1
225.9357	1.4891379999999999	0.3102756	3.017262
OG0000737.40	OG0013547.0	OG0020454.0
nan	3.130026	3.3988730000000005
OG0015350.0	OG0010766.0	OG0000502.0	OG0005572.8	OG0008960.0
1.656294	0.9273634	6.232137000000001	2.8097830000000004	4.4485220000000005
OG0002407.0	OG0004175.0	OG0009967.0
2.671241	3.8904410000000005	nan
OG0004073.8	OG0011938.0	OG0004197.0	OG0008909.8	OG0006381.0
118.7911	1.753623	11.810189999999999	2.822607	7.585967
OG0008975.0	OG0005964.0	OG0005289.4
3.092234	13.95689	4.563055
OG0002911.0	OG0006586.0
2.818833	218.2372
OG0004987.26	OG0003350.2	OG0000396.79	OG0001680.1
1.085432	45.12208	nan	0.1940719
OG0008293.1	OG0001590.32
4.616746	5.178105
OG0008767.5	OG0000822.0	OG0003841.15	OG0001353.24
219.6935	nan	0.43037029999999993	nan
OG0006364.8	OG0020436.0	OG0017032.0
0.9516695	3.366226	1.405161
OG0011976.0	OG0005631.12	OG0014780.4
4.6643300000000005	1.256414	8.017549
OG0002732.0	OG0005542.0	OG0006042.4
19.14461	3.394289	3.552907
OG0012758.0	OG0010616.4	OG0005170.15	OG0008145.4	OG0000218.208
3.1934169999999997	nan	4.594844	0.7089825	1.124526
OG0011198.6	OG0002359.22	OG0001860.0	OG0015378.0	OG0007794.5	OG0002435.0
4.127832	2.9482009999999996	nan	nan	168.2534	1.1470049999999998
OG0001570.1	OG0002964.14	OG0009862.0	OG0005326.0
1.059025	0.6373076	1.3451799999999998	4.854508
OG0003100.0	OG0001958.0	OG0013936.2	OG0010757.0	OG0001543.2	OG0008293.1	OG0000733.1
5.40525	nan	2.307598	4.615461	3.329314	4.616746	3.7960809999999996
OG0006664.1
3.1229810000000002
OG0020658.0	OG0007561.6	OG0008964.0	OG0009220.12	OG0012971.0
8.002383	nan	1.7900200000000002	nan	2.167311
OG0003538.0	OG0014754.0	OG0003092.12	OG0002335.4	OG0003924.0
19.633770000000002	8.078619	6.07673	2.6502380000000003	0.6427265
OG0009128.2	OG0011450.0	OG0001512.12	OG0014784.4
nan	0.9916033000000001	nan	8.062146
OG0011843.10	OG0003448.0	OG0000811.34	OG0000436.0	OG0012920.2
8.113369	44.9439	nan	22.74568	231.8491


OG0011941.2
4.366389
OG0004985.3
3.1023400000000003
OG0011161.4	OG0000276.63	OG0000287.0	OG0000012.1	OG0002942.5
8.02576	4.599342	1.6736950000000002	4.632479	116.273
OG0003346.2	OG0003459.2	OG0005914.2	OG0006268.0	OG0002371.2	OG0000363.43	OG0001853.0
45.15368	nan	1.123885	25.93896	9.877569	2.314361	nan
OG0001724.10	OG0003713.0	OG0003700.0	OG0003380.16	OG0020532.0
nan	1.980761	2.613715	15.71825	nan
OG0017926.0	OG0006892.0	OG0007117.0	OG0016186.2
3.4164809999999997	5.543247	1.172442	8.093155
OG0009930.0	OG0006722.0	OG0011472.4
2.693091	1.641825	0.9026427
OG0014718.0	OG0000001.2114
8.161831	0.8892957
OG0007137.6	OG0004413.0	OG0000337.0	OG0006279.0
1.768572	117.6135	3.432296	210.3604
OG0001882.4
3.271329
OG0009024.0	OG0002511.6	OG0005874.0	OG0006769.1	OG0000890.2	OG0003447.0	OG0006444.0
4.453042	1.2631459999999999	1.11493	2.484656	4.024335	44.90583	5.5504050000000005
OG0000087.0	OG0004857.5	OG0007050.0	OG0007342.2
2.2053990000000003	3.5435449999999995	26.50945	2.049748
OG0008909.8	OG0004473.2	OG0014678.1	OG0010530.0	OG0007057.4
2.822607	5.219119999999999	8.051665	4.4333540000000005	0.4334638
OG0010623.2	OG0011977.7	OG0018074.2	OG0011195.2
2.5753630000000003	8.115848	8.217765	4.839484
OG0000689.4	OG0002955.0
0.7162199	0.5204284
OG0008198.2	OG0013132.4	OG0000607.0	OG0006821.0
3.275383	1.356403	7.565947	1.758152
OG0005299.0	OG0000715.0	OG0005142.2	OG0000970.0
8.106142	5.623693	nan	13.220020000000002
OG0003825.26	OG0002321.0	OG0004794.1	OG0016431.0
115.4324	nan	2.134421	nan
OG0015200.2	OG0008500.2	OG0002394.3	OG0012666.4	OG0004171.0	OG0001037.26
2.483948	2.956209	nan	1.1883110000000001	4.012923000000001	nan
OG0001316.24	OG0002673.0	OG0000828.16	OG0002451.2	OG0003753.30	OG0000587.26
nan	2.3099950000000002	nan	10.60742	nan	0.9420625
OG0001550.0	OG0008095.2	OG0003818.6	OG0000372.92
nan	5.07603	0.5238347	nan
OG0002977.3	OG0008707.0	OG0013290.0	OG0007114.6	OG0006225.0
0.6568779	5.371479	4.52074	3.994094	3.699637
OG0010492.0	OG0007436.0
1.337408	2.602032
OG0009076.4	OG0004555.0	OG0016941.0	OG0006029.0	OG0001369.26
4.5850610000000005	119.214	1.573109	186.6634	nan
OG0008327.2	OG0002833.0	OG0006061.22	OG0010624.0	OG0001818.10	OG0006852.6
4.3042419999999995	nan	4.520189	1.128978	20.57757	144.8097
OG0005582.1	OG0003063.9	OG0014816.4	OG0011488.0	OG0017032.0
185.31799999999998	5.025546	0.9637954	2.595127	1.405161
OG0010842.0	OG0003785.0	OG0007240.4	OG0004553.0
2.8010029999999997	22.57179	1.224301	119.0968
OG0000000.585	OG0008331.4
5.9765489999999994	4.636639
OG0012951.0	OG0006190.0	OG0008179.0	OG0008673.0	OG0000015.1092
2.041546	186.7666	2.461765	1.2276129999999998	1.486351
OG0003063.56	OG0000618.1
224.9269	3.4832690000000004
OG0003162.3	OG0001371.24	OG0009155.0	OG0005081.18
45.17863	nan	5.310333	0.7481575
OG0006474.4	OG0006606.0	OG0014358.0	OG0012861.0	OG0000137.0	OG0005803.0
9.43061	217.295	2.534877	1.7299240000000002	2.0797830000000004	4.584003
OG0003706.6	OG0003686.4	OG0002398.0	OG0020423.0	OG0003593.0	OG0005556.2
0.5785066999999999	14.968770000000001	71.33652	3.364321	nan	nan
OG0007436.0	OG0011436.0	OG0003548.11	OG0005664.4	OG0012284.2
2.602032	3.434558	44.55495	113.1387	2.251143
OG0004794.1	OG0003260.25	OG0004291.0	OG0004263.1	OG0000556.30	OG0001776.0
2.134421	nan	1.989253	215.0782	nan	nan
OG0002977.3	OG0006014.0	OG0000392.72
0.6568779	26.418590000000002	nan
OG0002731.0	OG0006168.0	OG0000278.126	OG0003577.0	OG0005207.0	OG0011587.0
19.148989999999998	1.228509	nan	14.049120000000002	71.7134	2.264949
OG0002354.24	OG0003391.42	OG0009005.0
54.93812	1.56843	1.694834
OG0012714.0	OG0006427.12	OG0008284.0
0.7675558000000001	1.89192	3.6970940000000003
OG0007212.0
2.7845310000000003
OG0000134.30	OG0003768.0
1.6154819999999999	46.027120000000004
OG0012829.2	OG0016119.4
nan	nan
OG0016065.0	OG0011434.0	OG0007976.0	OG0009242.4
0.8284444999999999	nan	220.7176	nan
OG0005304.0	OG0008580.0	OG0008274.0
nan	167.0387	2.814463
OG0006459.10	OG0005924.2	OG0003557.10
1.526511	3.466882	46.8154
OG0005518.0	OG0005552.1	OG0007538.2	OG0005998.0
169.274	8.090009	3.7936360000000002	nan
OG0014625.0	OG0000923.0	OG0001240.26
1.697916	1.8671220000000002	nan
OG0005908.0	OG0004061.2
4.511647	nan
OG0001935.0	OG0005359.4	OG0001955.0	OG0005610.8
nan	0.9163614	4.4904269999999995	10.97945
OG0017894.0	OG0003211.0	OG0007141.0	OG0006661.0
1.464025	26.785190000000004	2.279985	211.5655
OG0011309.6	OG0020688.0	OG0001984.5
3.470442	8.055308	7.49166
OG0006780.0	OG0006615.0	OG0002748.82	OG0018138.0
2.265866	216.0855	1.920507	1.110183
OG0004552.4	OG0004279.0	OG0001864.0	OG0003091.24	OG0007282.8	OG0003800.0	OG0016139.4	OG0000591.2
14.47216	118.61200000000001	45.39096	51.27952	14.039639999999999	4.2289650000000005	nan	nan
OG0005472.6	OG0002880.0	OG0000029.692	OG0002168.0	OG0003624.1	OG0006710.0	OG0000758.2
1.885939	1.5435370000000002	0.6948206	nan	4.988925	217.0095	nan
OG0005976.0	OG0015416.2	OG0001147.24	OG0007016.6	OG0010637.3
14.30744	nan	nan	4.652921	1.219742
OG0000292.93	OG0002190.24	OG0008627.0	OG0000000.503	OG0005684.2	OG0008290.0
nan	2.148358	0.7116595	4.580119	0.7333549	4.59505
OG0000001.2003	OG0007181.3	OG0000012.581
0.8731018	2.308591	1.938866
OG0007479.0	OG0009937.0	OG0016193.0	OG0000001.2	OG0000491.0
1.650608	nan	8.067509	1.580079	0.04165697
OG0001304.24	OG0002906.4	OG0000997.23	OG0009199.1	OG0000772.0	OG0000001.2003	OG0000150.240
nan	14.614820000000002	19.50824	3.054443	nan	0.8731018	1.495835
OG0000485.92	OG0006306.0	OG0004904.1	OG0002659.0
3.273521	183.6724	3.4288760000000003	27.873409999999996
OG0017034.0	OG0002421.0	OG0000348.4	OG0003704.6
1.597572	20.55459	1.3466040000000001	3.017407
OG0008451.4	OG0003799.10	OG0006196.0	OG0008195.14	OG0005480.12
1.069972	11.34634	27.10554	2.3427990000000003	3.3907260000000004
OG0007325.2	OG0004369.0	OG0001015.0
4.5757010000000005	4.540732	3.286599
OG0000934.26	OG0007827.6	OG0000421.80	OG0007616.2
nan	3.223539	nan	4.662939
OG0006652.0	OG0011395.0	OG0001953.2	OG0001918.20
nan	1.8862299999999999	nan	2.095516
OG0000399.0	OG0013959.0	OG0000096.67
4.1425	1.404566	nan
OG0001583.18	OG0005811.32	OG0000079.19	OG0010586.2	OG0004979.3	OG0002907.5	OG0000006.231	OG0001857.4	OG0003228.0
nan	nan	1.283561	1.2143760000000001	1.036632	9.995633	257.8718	nan	3.038753
OG0006895.3	OG0017936.0	OG0009087.2	OG0003138.0
1.869678	1.362323	3.207647	13.85793
OG0007021.0	OG0000022.878	OG0003325.0	OG0007761.3	OG0004520.2	OG0012692.2
213.9539	0.6955906999999999	nan	0.7058227	4.950328	1.602311
OG0014528.2	OG0002293.0	OG0001853.0	OG0001219.24	OG0005779.0	OG0008584.0
1.325244	0.8083986999999999	nan	nan	45.39095	3.188662
OG0010579.4	OG0000723.64
229.2669	27.521720000000002
OG0006782.0	OG0006499.0	OG0000577.9	OG0006738.0	OG0003125.10	OG0017887.0
6.551896	215.3289	0.946157	215.0896	44.5951	1.185786
OG0017988.2	OG0008118.4	OG0006186.0	OG0016128.4	OG0007351.6
8.203512	2.991457	155.7957	8.029926	221.5799
OG0005910.0	OG0020919.0	OG0020516.0
nan	2.382732	0.9778698
OG0020422.0	OG0001923.1	OG0002159.0	OG0011311.2
3.3864589999999994	nan	nan	223.4335
OG0011969.0	OG0022182.0	OG0013508.0	OG0007950.0
1.6088360000000002	1.485211	2.392611	218.4849
OG0000805.29	OG0020425.0	OG0020851.0
5.034165	3.393607	1.493698
OG0014525.2	OG0003761.0	OG0000577.9	OG0012523.0	OG0016042.2
1.391516	14.061860000000001	0.946157	2.488237	1.179981
OG0000772.0	OG0003678.2	OG0009883.5	OG0001986.24
nan	0.8483383	2.195914	1.4465569999999999
OG0015276.1	OG0005532.0	OG0003809.0
1.6586470000000002	45.103590000000004	0.3596448
OG0006046.0	OG0001627.24	OG0007773.2
4.984928	20.39027	4.629778
OG0006221.6	OG0003661.0	OG0001770.0	OG0004196.0
4.670707	95.4282	nan	5.178553
OG0001310.24	OG0003089.5	OG0015156.0	OG0012592.5	OG0001664.2	OG0000771.24
nan	16.59338	224.2738	8.115242	1.886781	nan
OG0007105.3	OG0007665.0	OG0003817.0
4.738554	nan	1.449366
OG0001298.24	OG0007977.0	OG0006341.0	OG0001007.25	OG0020584.0
nan	7.746135000000001	4.3477879999999995	nan	2.13643
OG0007029.0	OG0003017.0	OG0000097.124
3.0371740000000003	211.7664	2.9157040000000003
OG0004041.23	OG0002879.0	OG0002650.4	OG0003840.20	OG0000488.0
167.4475	2.167349	4.482012	nan	0.4571094
OG0001681.0	OG0005106.0	OG0013057.0
72.61421	10.663839999999999	1.926952
OG0000585.30	OG0013972.4	OG0006284.0	OG0003475.12	OG0007151.0
1.496191	2.298135	13.905070000000002	4.032829	2.325338
OG0006812.2	OG0001543.2	OG0003785.0	OG0014797.0
8.974755	3.329314	22.57179	1.564268
OG0000374.0	OG0007890.3	OG0001205.24	OG0014768.4
nan	221.0904	nan	8.045421000000001
OG0010499.5	OG0008521.4	OG0003360.2	OG0003529.0
8.058541	3.189665	16.820079999999997	1.732146
OG0006404.2	OG0006027.0	OG0005978.0	OG0001243.24
2.1887529999999997	185.1565	217.8085	nan
OG0002099.0	OG0002191.0	OG0000964.2	OG0002262.0	OG0006188.0
nan	3.8027900000000003	nan	1.308611	26.362090000000002
OG0006444.0	OG0010127.0	OG0005620.0
5.5504050000000005	3.382775	12.18486
OG0008560.0	OG0006236.0
1.929499	26.224040000000002
OG0001004.1	OG0005398.16	OG0000245.24
nan	3.846106	nan
OG0003299.0	OG0022255.0	OG0005881.0	OG0001546.1
46.05082	2.039	3.8565650000000002	nan
OG0008988.2	OG0015314.0	OG0010133.0	OG0017950.0	OG0000860.24
nan	nan	5.361661	2.166224	nan
OG0007652.6	OG0001406.24	OG0007744.0	OG0005672.0
3.2694650000000003	nan	1.8740560000000002	2.038736
OG0014570.0	OG0000591.2	OG0016155.0	OG0000017.1174
2.979955	nan	7.972061999999999	0.3141384
OG0001597.53	OG0003723.0
0.11840430000000002	4.761736
OG0007012.0	OG0005820.0
216.202	10.99108
OG0000178.8	OG0002782.0	OG0020532.0	OG0010752.0
0.3179261	3.2372549999999998	nan	4.545121
OG0016211.0	OG0005195.2	OG0004159.23
1.177902	45.68544	218.4156
OG0014859.0	OG0000413.2	OG0011484.2	OG0005751.0	OG0007403.0	OG0006078.4
1.355667	nan	1.396356	216.7166	nan	1.807268
OG0008960.0	OG0003374.0	OG0017966.0	OG0005041.0	OG0003828.1	OG0012700.0
4.4485220000000005	2.273966	1.380984	3.7888559999999996	1.670078	2.252246
OG0006100.1	OG0002437.4	OG0001035.0	OG0005869.0	OG0002238.0	OG0014565.2	OG0011278.4
1.7610569999999999	11.35545	20.007070000000002	2.125954	nan	0.8999723	3.441649
OG0014026.0	OG0007266.2	OG0017886.0	OG0000283.91
1.3273549999999998	4.641717	1.172687	8.141210000000001
OG0004575.0	OG0011308.6	OG0000804.20
0.7394436	233.3614	3.378967
OG0000165.49	OG0018015.0	OG0005312.2	OG0003311.0
nan	8.075394000000001	50.27462	9.796724000000001
OG0011380.2	OG0002953.14	OG0004989.0	OG0000540.0	OG0000092.1
0.9100040999999999	45.386109999999995	45.42072	0.44128900000000004	nan
OG0003483.0	OG0005313.0	OG0004973.2	OG0011360.2	OG0009217.0	OG0014528.2
45.57463	14.361279999999999	21.53438	1.026793	4.543088	1.325244
OG0006609.0	OG0004086.0	OG0009254.0	OG0001381.24
215.5898	1.772741	nan	nan
OG0008912.1	OG0006924.0	OG0009233.0	OG0004135.0
0.5694587	5.489972	5.338125	0.4837583
OG0010514.2	OG0009283.0	OG0007968.4	OG0007716.0
3.41664	217.018	4.626536	nan
OG0006895.3	OG0003225.0	OG0001687.23	OG0001807.19	OG0012746.10	OG0001433.2
1.869678	nan	6.380164	0.38209840000000006	8.093128	1.222124
OG0008977.6	OG0007051.0	OG0005396.4	OG0004174.0	OG0007838.0
2.547275	216.8389	nan	12.21698	1.852518
OG0002204.0	OG0002914.0	OG0011206.0	OG0010992.0	OG0005751.0	OG0013005.4	OG0011304.4
3.807632	0.31790999999999997	2.315343	5.308608	216.7166	2.303398	228.8475
OG0011220.4
1.6476959999999998
OG0005638.4	OG0015336.0	OG0006226.0	OG0008989.0	OG0007327.2
1.498574	1.397411	4.066411	0.7186448000000001	4.631814
OG0000216.50	OG0001208.24	OG0010692.0	OG0004197.0	OG0000872.42	OG0009819.0
nan	nan	4.513218	11.810189999999999	0.7307908000000001	2.96561
OG0006020.0	OG0000503.62	OG0003245.3	OG0008179.0	OG0014796.4
25.872989999999998	nan	2.550441	2.461765	8.054889999999999
OG0003445.0	OG0000950.4	OG0004685.0	OG0013023.0
3.337451	4.8363879999999995	5.400051	1.0911600000000001
OG0003144.0	OG0004899.0	OG0007920.14	OG0003491.0	OG0005579.8
216.9636	4.912845	5.298931	45.3821	3.305385
OG0001776.0	OG0020614.0	OG0000079.92	OG0006517.0
nan	2.015979	1.533295	220.3021
OG0004288.1	OG0005048.14	OG0003126.6	OG0013057.0	OG0004623.10
0.5472694	1.468749	75.1712	1.926952	0.9870076999999999
OG0013034.0	OG0007406.0	OG0011966.5	OG0000051.4
2.214578	2.0709869999999997	4.76014	1.7034650000000002
OG0002165.0	OG0000055.160	OG0001369.26
nan	1.345312	nan
OG0008487.1	OG0006709.0	OG0006362.0
0.8855344	216.2952	1.6832029999999998
OG0000418.10	OG0002173.26	OG0001997.0	OG0003485.0
0.12188130000000001	44.91057	nan	45.60031
OG0002339.2	OG0014758.1	OG0011323.0
4.036109	8.004901	1.0136479999999999
OG0014499.0	OG0005956.0
3.268888	13.68505
OG0002746.0	OG0000124.174	OG0005086.0
2.62049	nan	8.367408
OG0000233.3	OG0008673.0	OG0000583.0	OG0009082.0	OG0007194.1
3.7839519999999998	1.2276129999999998	nan	167.2812	3.294092
OG0003503.1	OG0009306.8	OG0001722.24	OG0004033.6	OG0011957.0
1.674478	2.093022	1.89048	146.874	1.385652
OG0000640.26	OG0006533.0
nan	3.135513
OG0006578.0	OG0014679.4	OG0008520.11
213.50900000000001	8.210408000000001	nan
OG0006780.0	OG0002897.1	OG0006634.0	OG0008218.4
2.265866	0.3180114	217.3677	2.7267
OG0011161.4	OG0003525.58	OG0014685.4	OG0005191.0	OG0004646.10
8.02576	2.065028	8.046111	nan	5.140569
OG0008519.0	OG0000288.79	OG0006290.0	OG0013467.4	OG0000130.3
3.686574	3.366803	26.385440000000003	8.104643	3.4382629999999996
OG0010689.0	OG0006112.0	OG0007432.4	OG0014789.4
1.364263	1.086826	0.6898922	nan
OG0002565.10	OG0001382.24	OG0002981.24
1.195956	nan	0.4151849
OG0008152.2	OG0001770.0	OG0002686.0	OG0006106.4	OG0011415.2	OG0003776.2
168.1138	nan	19.37256	3.664997	2.940207	21.3691
OG0013004.2	OG0006142.4	OG0006919.0	OG0016261.0	OG0002366.0	OG0000921.32	OG0001138.24
1.416251	5.259028	219.2896	2.741953	5.768314	7.970646	nan
OG0001348.24	OG0013866.2
nan	nan
OG0009871.2	OG0007201.2	OG0016884.2
0.6797703	144.8417	3.363932
OG0012192.2	OG0006870.9	OG0004155.0	OG0012874.2	OG0006559.0
2.399787	1.249056	169.0855	nan	220.4577
OG0006448.1	OG0001331.24	OG0006833.2	OG0001685.0	OG0005686.0	OG0002571.2
0.8744258	nan	5.550587	163.1977	3.3007760000000004	1.9326889999999999
OG0007417.10	OG0007350.16	OG0002952.14	OG0006621.0
3.073633	5.359817	44.29306	3.605377
OG0011964.2	OG0000401.0	OG0006053.1	OG0003324.4	OG0009161.0
8.027364	9.04455	3.0848299999999997	10.65651	5.298202
OG0000367.3	OG0008364.0	OG0000461.0	OG0008441.2	OG0002701.26	OG0000133.1	OG0014649.4
nan	1.389885	nan	0.9831344000000001	77.31052	nan	8.068111
OG0011341.6	OG0005937.10	OG0001224.24
229.2607	1.077589	nan
OG0001799.14	OG0011300.1	OG0004788.0	OG0014649.4
3.7434760000000002	225.1679	6.207863	8.068111
OG0004902.0	OG0011530.4	OG0013720.4	OG0000593.0
9.257369	4.572351	1.6880389999999998	0.3814363
OG0016126.1	OG0002865.0
8.133844	2.192173
